NAME,B19013_001E,zip code tabulation area
ZCTA5 00601,19454,00601
ZCTA5 00602,21420,00602
ZCTA5 00603,20933,00603
ZCTA5 00606,20992,00606
ZCTA5 00610,24496,00610
ZCTA5 00611,20360,00611
ZCTA5 00612,24488,00612
ZCTA5 00616,21846,00616
ZCTA5 00617,25013,00617
ZCTA5 00622,26585,00622
ZCTA5 00623,26388,00623
ZCTA5 00624,22979,00624
ZCTA5 00627,27411,00627
ZCTA5 00631,19278,00631
ZCTA5 00636,-666666666,00636
ZCTA5 00637,21987,00637
ZCTA5 00638,22610,00638
ZCTA5 00641,21102,00641
ZCTA5 00646,36265,00646
ZCTA5 00647,20023,00647
ZCTA5 00650,21447,00650
ZCTA5 00652,35383,00652
ZCTA5 00653,16736,00653
ZCTA5 00656,24065,00656
ZCTA5 00659,27513,00659
ZCTA5 00660,26851,00660
ZCTA5 00662,23299,00662
ZCTA5 00664,21767,00664
ZCTA5 00667,19534,00667
ZCTA5 00669,18778,00669
ZCTA5 00670,16367,00670
ZCTA5 00674,22537,00674
ZCTA5 00676,23272,00676
ZCTA5 00677,24266,00677
ZCTA5 00678,23874,00678
ZCTA5 00680,17896,00680
ZCTA5 00682,18793,00682
ZCTA5 00683,18543,00683
ZCTA5 00685,20310,00685
ZCTA5 00687,25003,00687
ZCTA5 00688,18023,00688
ZCTA5 00690,25755,00690
ZCTA5 00692,25568,00692
ZCTA5 00693,24596,00693
ZCTA5 00694,16094,00694
ZCTA5 00698,24310,00698
ZCTA5 00703,23292,00703
ZCTA5 00704,20899,00704
ZCTA5 00705,21712,00705
ZCTA5 00707,17750,00707
ZCTA5 00714,21186,00714
ZCTA5 00715,22670,00715
ZCTA5 00716,20652,00716
ZCTA5 00717,13602,00717
ZCTA5 00718,23487,00718
ZCTA5 00719,22129,00719
ZCTA5 00720,20151,00720
ZCTA5 00723,24574,00723
ZCTA5 00725,29575,00725
ZCTA5 00727,34094,00727
ZCTA5 00728,23031,00728
ZCTA5 00729,31239,00729
ZCTA5 00730,18089,00730
ZCTA5 00731,18736,00731
ZCTA5 00735,25243,00735
ZCTA5 00736,29971,00736
ZCTA5 00738,25531,00738
ZCTA5 00739,29463,00739
ZCTA5 00740,26027,00740
ZCTA5 00741,26585,00741
ZCTA5 00745,29268,00745
ZCTA5 00751,21952,00751
ZCTA5 00754,22964,00754
ZCTA5 00757,25938,00757
ZCTA5 00765,19803,00765
ZCTA5 00766,26234,00766
ZCTA5 00767,23054,00767
ZCTA5 00769,21829,00769
ZCTA5 00771,24891,00771
ZCTA5 00772,18945,00772
ZCTA5 00773,24225,00773
ZCTA5 00775,29630,00775
ZCTA5 00777,29928,00777
ZCTA5 00778,42178,00778
ZCTA5 00780,27967,00780
ZCTA5 00782,16896,00782
ZCTA5 00783,23914,00783
ZCTA5 00784,20558,00784
ZCTA5 00786,-666666666,00786
ZCTA5 00791,27034,00791
ZCTA5 00794,23899,00794
ZCTA5 00795,24602,00795
ZCTA5 00901,27557,00901
ZCTA5 00906,-666666666,00906
ZCTA5 00907,41615,00907
ZCTA5 00909,23101,00909
ZCTA5 00911,42382,00911
ZCTA5 00912,31636,00912
ZCTA5 00913,7049,00913
ZCTA5 00915,16590,00915
ZCTA5 00917,19357,00917
ZCTA5 00918,39287,00918
ZCTA5 00920,30259,00920
ZCTA5 00921,23598,00921
ZCTA5 00923,20349,00923
ZCTA5 00924,25724,00924
ZCTA5 00925,17404,00925
ZCTA5 00926,40606,00926
ZCTA5 00927,38728,00927
ZCTA5 00934,-666666666,00934
ZCTA5 00949,34563,00949
ZCTA5 00950,-666666666,00950
ZCTA5 00951,22669,00951
ZCTA5 00952,22288,00952
ZCTA5 00953,36099,00953
ZCTA5 00956,29280,00956
ZCTA5 00957,29913,00957
ZCTA5 00959,31572,00959
ZCTA5 00960,-666666666,00960
ZCTA5 00961,39393,00961
ZCTA5 00962,21288,00962
ZCTA5 00965,19136,00965
ZCTA5 00966,60203,00966
ZCTA5 00968,58869,00968
ZCTA5 00969,61101,00969
ZCTA5 00971,29526,00971
ZCTA5 00976,39901,00976
ZCTA5 00979,40049,00979
ZCTA5 00982,28906,00982
ZCTA5 00983,35638,00983
ZCTA5 00985,33863,00985
ZCTA5 00987,43159,00987
ZCTA5 01001,75342,01001
ZCTA5 01002,70818,01002
ZCTA5 01003,-666666666,01003
ZCTA5 01005,111148,01005
ZCTA5 01007,108125,01007
ZCTA5 01008,97554,01008
ZCTA5 01009,72841,01009
ZCTA5 01010,111250,01010
ZCTA5 01011,89299,01011
ZCTA5 01012,83333,01012
ZCTA5 01013,59759,01013
ZCTA5 01020,66009,01020
ZCTA5 01022,51373,01022
ZCTA5 01026,92250,01026
ZCTA5 01027,74146,01027
ZCTA5 01028,106424,01028
ZCTA5 01029,107679,01029
ZCTA5 01030,93815,01030
ZCTA5 01031,60517,01031
ZCTA5 01032,97500,01032
ZCTA5 01033,119297,01033
ZCTA5 01034,91016,01034
ZCTA5 01035,119259,01035
ZCTA5 01036,104536,01036
ZCTA5 01037,74722,01037
ZCTA5 01038,106635,01038
ZCTA5 01039,116429,01039
ZCTA5 01040,53605,01040
ZCTA5 01050,95882,01050
ZCTA5 01053,92582,01053
ZCTA5 01054,104688,01054
ZCTA5 01056,84838,01056
ZCTA5 01057,98508,01057
ZCTA5 01060,76848,01060
ZCTA5 01062,87588,01062
ZCTA5 01063,91344,01063
ZCTA5 01066,-666666666,01066
ZCTA5 01068,102000,01068
ZCTA5 01069,80190,01069
ZCTA5 01070,60536,01070
ZCTA5 01071,111042,01071
ZCTA5 01072,111667,01072
ZCTA5 01073,123125,01073
ZCTA5 01074,79583,01074
ZCTA5 01075,93910,01075
ZCTA5 01077,120462,01077
ZCTA5 01079,70588,01079
ZCTA5 01080,89063,01080
ZCTA5 01081,86979,01081
ZCTA5 01082,69018,01082
ZCTA5 01083,64032,01083
ZCTA5 01084,93125,01084
ZCTA5 01085,88728,01085
ZCTA5 01088,85368,01088
ZCTA5 01089,69371,01089
ZCTA5 01092,68614,01092
ZCTA5 01093,110909,01093
ZCTA5 01094,-666666666,01094
ZCTA5 01095,122330,01095
ZCTA5 01096,104375,01096
ZCTA5 01097,-666666666,01097
ZCTA5 01098,96250,01098
ZCTA5 01103,21355,01103
ZCTA5 01104,50154,01104
ZCTA5 01105,24036,01105
ZCTA5 01106,147935,01106
ZCTA5 01107,35632,01107
ZCTA5 01108,50661,01108
ZCTA5 01109,48415,01109
ZCTA5 01118,80250,01118
ZCTA5 01119,57857,01119
ZCTA5 01128,100313,01128
ZCTA5 01129,97162,01129
ZCTA5 01144,-666666666,01144
ZCTA5 01151,55324,01151
ZCTA5 01201,71093,01201
ZCTA5 01220,58929,01220
ZCTA5 01222,71042,01222
ZCTA5 01223,86818,01223
ZCTA5 01224,76222,01224
ZCTA5 01225,69803,01225
ZCTA5 01226,79438,01226
ZCTA5 01229,-666666666,01229
ZCTA5 01230,86694,01230
ZCTA5 01235,79327,01235
ZCTA5 01236,111250,01236
ZCTA5 01237,90898,01237
ZCTA5 01238,84591,01238
ZCTA5 01240,107826,01240
ZCTA5 01242,-666666666,01242
ZCTA5 01243,91250,01243
ZCTA5 01244,75833,01244
ZCTA5 01245,136875,01245
ZCTA5 01247,52330,01247
ZCTA5 01253,116806,01253
ZCTA5 01254,125893,01254
ZCTA5 01255,91111,01255
ZCTA5 01256,61328,01256
ZCTA5 01257,102788,01257
ZCTA5 01258,142500,01258
ZCTA5 01259,158125,01259
ZCTA5 01260,-666666666,01260
ZCTA5 01262,145750,01262
ZCTA5 01264,93750,01264
ZCTA5 01266,100417,01266
ZCTA5 01267,106375,01267
ZCTA5 01270,116375,01270
ZCTA5 01301,56176,01301
ZCTA5 01330,83493,01330
ZCTA5 01331,72181,01331
ZCTA5 01337,85045,01337
ZCTA5 01338,50521,01338
ZCTA5 01339,68365,01339
ZCTA5 01340,78804,01340
ZCTA5 01341,97417,01341
ZCTA5 01342,109205,01342
ZCTA5 01343,69375,01343
ZCTA5 01344,77656,01344
ZCTA5 01346,113650,01346
ZCTA5 01347,72467,01347
ZCTA5 01349,75033,01349
ZCTA5 01350,-666666666,01350
ZCTA5 01351,98229,01351
ZCTA5 01354,90208,01354
ZCTA5 01355,82713,01355
ZCTA5 01360,103375,01360
ZCTA5 01364,55532,01364
ZCTA5 01366,110750,01366
ZCTA5 01367,72813,01367
ZCTA5 01368,102500,01368
ZCTA5 01370,81008,01370
ZCTA5 01373,106413,01373
ZCTA5 01375,68083,01375
ZCTA5 01376,55652,01376
ZCTA5 01378,93333,01378
ZCTA5 01379,59583,01379
ZCTA5 01380,73472,01380
ZCTA5 01420,72780,01420
ZCTA5 01430,118683,01430
ZCTA5 01431,115598,01431
ZCTA5 01432,101966,01432
ZCTA5 01434,162143,01434
ZCTA5 01436,77721,01436
ZCTA5 01438,-666666666,01438
ZCTA5 01440,67440,01440
ZCTA5 01450,193292,01450
ZCTA5 01451,214792,01451
ZCTA5 01452,123500,01452
ZCTA5 01453,84296,01453
ZCTA5 01460,149722,01460
ZCTA5 01462,112992,01462
ZCTA5 01463,123911,01463
ZCTA5 01464,122365,01464
ZCTA5 01468,113427,01468
ZCTA5 01469,103801,01469
ZCTA5 01473,106331,01473
ZCTA5 01474,136371,01474
ZCTA5 01475,76552,01475
ZCTA5 01501,116762,01501
ZCTA5 01503,121336,01503
ZCTA5 01504,94191,01504
ZCTA5 01505,140962,01505
ZCTA5 01506,81250,01506
ZCTA5 01507,117587,01507
ZCTA5 01510,89781,01510
ZCTA5 01515,81042,01515
ZCTA5 01516,153172,01516
ZCTA5 01518,136111,01518
ZCTA5 01519,178263,01519
ZCTA5 01520,148125,01520
ZCTA5 01521,91979,01521
ZCTA5 01522,100625,01522
ZCTA5 01523,134833,01523
ZCTA5 01524,102099,01524
ZCTA5 01525,-666666666,01525
ZCTA5 01527,118790,01527
ZCTA5 01529,127188,01529
ZCTA5 01531,99500,01531
ZCTA5 01532,153199,01532
ZCTA5 01534,141250,01534
ZCTA5 01535,79285,01535
ZCTA5 01536,115938,01536
ZCTA5 01537,102956,01537
ZCTA5 01540,110579,01540
ZCTA5 01541,158750,01541
ZCTA5 01542,96111,01542
ZCTA5 01543,145707,01543
ZCTA5 01545,139302,01545
ZCTA5 01550,66287,01550
ZCTA5 01560,107031,01560
ZCTA5 01561,-666666666,01561
ZCTA5 01562,80533,01562
ZCTA5 01564,129063,01564
ZCTA5 01566,137730,01566
ZCTA5 01568,160417,01568
ZCTA5 01569,124222,01569
ZCTA5 01570,72895,01570
ZCTA5 01571,84604,01571
ZCTA5 01581,141944,01581
ZCTA5 01583,106094,01583
ZCTA5 01585,87857,01585
ZCTA5 01588,92486,01588
ZCTA5 01590,147015,01590
ZCTA5 01602,91764,01602
ZCTA5 01603,66049,01603
ZCTA5 01604,73505,01604
ZCTA5 01605,54642,01605
ZCTA5 01606,92105,01606
ZCTA5 01607,78727,01607
ZCTA5 01608,45687,01608
ZCTA5 01609,68381,01609
ZCTA5 01610,51472,01610
ZCTA5 01611,109868,01611
ZCTA5 01612,134083,01612
ZCTA5 01701,137094,01701
ZCTA5 01702,82496,01702
ZCTA5 01718,104167,01718
ZCTA5 01719,144611,01719
ZCTA5 01720,159010,01720
ZCTA5 01721,127539,01721
ZCTA5 01730,172400,01730
ZCTA5 01731,104688,01731
ZCTA5 01740,205449,01740
ZCTA5 01741,250001,01741
ZCTA5 01742,195125,01742
ZCTA5 01745,185994,01745
ZCTA5 01746,159817,01746
ZCTA5 01747,115722,01747
ZCTA5 01748,222801,01748
ZCTA5 01749,103400,01749
ZCTA5 01752,91968,01752
ZCTA5 01754,124067,01754
ZCTA5 01756,132256,01756
ZCTA5 01757,96621,01757
ZCTA5 01760,138563,01760
ZCTA5 01770,250001,01770
ZCTA5 01772,201568,01772
ZCTA5 01773,209327,01773
ZCTA5 01775,185809,01775
ZCTA5 01776,236509,01776
ZCTA5 01778,219375,01778
ZCTA5 01801,111185,01801
ZCTA5 01803,146436,01803
ZCTA5 01810,172606,01810
ZCTA5 01821,149042,01821
ZCTA5 01824,140050,01824
ZCTA5 01826,114196,01826
ZCTA5 01827,208512,01827
ZCTA5 01830,78571,01830
ZCTA5 01832,83041,01832
ZCTA5 01833,153750,01833
ZCTA5 01834,141487,01834
ZCTA5 01835,113578,01835
ZCTA5 01840,42211,01840
ZCTA5 01841,56971,01841
ZCTA5 01843,67585,01843
ZCTA5 01844,113212,01844
ZCTA5 01845,140670,01845
ZCTA5 01850,69780,01850
ZCTA5 01851,92401,01851
ZCTA5 01852,80906,01852
ZCTA5 01854,72709,01854
ZCTA5 01860,123054,01860
ZCTA5 01862,138571,01862
ZCTA5 01863,144875,01863
ZCTA5 01864,147768,01864
ZCTA5 01867,165912,01867
ZCTA5 01876,130204,01876
ZCTA5 01879,129348,01879
ZCTA5 01880,134306,01880
ZCTA5 01886,187198,01886
ZCTA5 01887,168152,01887
ZCTA5 01890,230198,01890
ZCTA5 01901,36119,01901
ZCTA5 01902,67046,01902
ZCTA5 01904,99614,01904
ZCTA5 01905,84333,01905
ZCTA5 01906,101539,01906
ZCTA5 01907,134386,01907
ZCTA5 01908,112762,01908
ZCTA5 01913,103554,01913
ZCTA5 01915,104918,01915
ZCTA5 01921,200672,01921
ZCTA5 01922,142207,01922
ZCTA5 01923,125395,01923
ZCTA5 01929,156442,01929
ZCTA5 01930,83883,01930
ZCTA5 01937,-666666666,01937
ZCTA5 01938,138750,01938
ZCTA5 01940,173214,01940
ZCTA5 01944,206389,01944
ZCTA5 01945,179583,01945
ZCTA5 01949,167402,01949
ZCTA5 01950,139625,01950
ZCTA5 01951,182684,01951
ZCTA5 01952,93361,01952
ZCTA5 01960,96501,01960
ZCTA5 01965,250001,01965
ZCTA5 01966,96250,01966
ZCTA5 01969,132734,01969
ZCTA5 01970,85041,01970
ZCTA5 01982,132571,01982
ZCTA5 01983,195718,01983
ZCTA5 01984,194781,01984
ZCTA5 01985,179500,01985
ZCTA5 02019,125307,02019
ZCTA5 02021,143381,02021
ZCTA5 02025,199306,02025
ZCTA5 02026,128955,02026
ZCTA5 02030,250001,02030
ZCTA5 02032,180682,02032
ZCTA5 02035,115833,02035
ZCTA5 02038,145773,02038
ZCTA5 02043,178390,02043
ZCTA5 02045,115485,02045
ZCTA5 02047,106333,02047
ZCTA5 02048,125273,02048
ZCTA5 02050,126241,02050
ZCTA5 02052,235800,02052
ZCTA5 02053,173750,02053
ZCTA5 02054,155996,02054
ZCTA5 02056,200720,02056
ZCTA5 02061,188699,02061
ZCTA5 02062,107030,02062
ZCTA5 02066,136689,02066
ZCTA5 02067,192314,02067
ZCTA5 02071,213885,02071
ZCTA5 02072,104794,02072
ZCTA5 02081,156250,02081
ZCTA5 02090,223125,02090
ZCTA5 02093,151676,02093
ZCTA5 02108,212928,02108
ZCTA5 02109,158843,02109
ZCTA5 02110,138438,02110
ZCTA5 02111,87404,02111
ZCTA5 02113,113314,02113
ZCTA5 02114,132210,02114
ZCTA5 02115,54991,02115
ZCTA5 02116,126496,02116
ZCTA5 02118,98224,02118
ZCTA5 02119,48488,02119
ZCTA5 02120,64289,02120
ZCTA5 02121,43136,02121
ZCTA5 02122,86150,02122
ZCTA5 02124,81923,02124
ZCTA5 02125,82953,02125
ZCTA5 02126,65709,02126
ZCTA5 02127,164387,02127
ZCTA5 02128,90106,02128
ZCTA5 02129,157247,02129
ZCTA5 02130,131551,02130
ZCTA5 02131,111006,02131
ZCTA5 02132,138724,02132
ZCTA5 02133,-666666666,02133
ZCTA5 02134,78679,02134
ZCTA5 02135,90829,02135
ZCTA5 02136,96737,02136
ZCTA5 02138,119967,02138
ZCTA5 02139,134586,02139
ZCTA5 02140,135286,02140
ZCTA5 02141,126522,02141
ZCTA5 02142,147723,02142
ZCTA5 02143,130753,02143
ZCTA5 02144,150313,02144
ZCTA5 02145,123755,02145
ZCTA5 02148,100606,02148
ZCTA5 02149,85218,02149
ZCTA5 02150,72179,02150
ZCTA5 02151,86969,02151
ZCTA5 02152,116167,02152
ZCTA5 02155,129700,02155
ZCTA5 02163,84583,02163
ZCTA5 02169,96290,02169
ZCTA5 02170,103627,02170
ZCTA5 02171,106885,02171
ZCTA5 02176,133953,02176
ZCTA5 02180,113964,02180
ZCTA5 02184,122214,02184
ZCTA5 02186,188033,02186
ZCTA5 02188,107335,02188
ZCTA5 02189,94541,02189
ZCTA5 02190,99657,02190
ZCTA5 02191,120324,02191
ZCTA5 02199,122285,02199
ZCTA5 02203,-666666666,02203
ZCTA5 02205,-666666666,02205
ZCTA5 02210,172124,02210
ZCTA5 02215,72095,02215
ZCTA5 02301,74214,02301
ZCTA5 02302,92274,02302
ZCTA5 02322,130625,02322
ZCTA5 02324,112726,02324
ZCTA5 02325,-666666666,02325
ZCTA5 02330,91250,02330
ZCTA5 02332,176583,02332
ZCTA5 02333,133741,02333
ZCTA5 02338,118556,02338
ZCTA5 02339,189803,02339
ZCTA5 02341,132250,02341
ZCTA5 02343,115032,02343
ZCTA5 02346,97056,02346
ZCTA5 02347,133984,02347
ZCTA5 02350,-666666666,02350
ZCTA5 02351,125400,02351
ZCTA5 02356,127224,02356
ZCTA5 02357,-666666666,02357
ZCTA5 02359,146285,02359
ZCTA5 02360,116941,02360
ZCTA5 02364,119876,02364
ZCTA5 02366,-666666666,02366
ZCTA5 02367,126736,02367
ZCTA5 02368,109665,02368
ZCTA5 02370,112405,02370
ZCTA5 02375,120903,02375
ZCTA5 02379,123406,02379
ZCTA5 02382,108933,02382
ZCTA5 02420,245031,02420
ZCTA5 02421,227813,02421
ZCTA5 02445,139747,02445
ZCTA5 02446,131963,02446
ZCTA5 02451,122335,02451
ZCTA5 02452,118431,02452
ZCTA5 02453,115366,02453
ZCTA5 02457,-666666666,02457
ZCTA5 02458,153520,02458
ZCTA5 02459,227594,02459
ZCTA5 02460,177837,02460
ZCTA5 02461,224000,02461
ZCTA5 02462,216339,02462
ZCTA5 02464,105729,02464
ZCTA5 02465,194265,02465
ZCTA5 02466,170089,02466
ZCTA5 02467,169104,02467
ZCTA5 02468,250001,02468
ZCTA5 02472,126336,02472
ZCTA5 02474,150560,02474
ZCTA5 02476,151131,02476
ZCTA5 02478,183137,02478
ZCTA5 02481,250001,02481
ZCTA5 02482,226250,02482
ZCTA5 02492,226645,02492
ZCTA5 02493,250001,02493
ZCTA5 02494,179720,02494
ZCTA5 02532,87773,02532
ZCTA5 02534,137066,02534
ZCTA5 02535,153966,02535
ZCTA5 02536,100497,02536
ZCTA5 02537,136506,02537
ZCTA5 02538,123750,02538
ZCTA5 02539,125236,02539
ZCTA5 02540,77295,02540
ZCTA5 02542,62083,02542
ZCTA5 02543,72349,02543
ZCTA5 02553,-666666666,02553
ZCTA5 02554,140938,02554
ZCTA5 02556,121810,02556
ZCTA5 02557,-666666666,02557
ZCTA5 02558,79598,02558
ZCTA5 02559,90855,02559
ZCTA5 02561,-666666666,02561
ZCTA5 02562,120000,02562
ZCTA5 02563,121455,02563
ZCTA5 02564,-666666666,02564
ZCTA5 02568,115417,02568
ZCTA5 02571,94265,02571
ZCTA5 02575,173417,02575
ZCTA5 02576,63021,02576
ZCTA5 02584,-666666666,02584
ZCTA5 02601,61143,02601
ZCTA5 02630,116895,02630
ZCTA5 02631,102132,02631
ZCTA5 02632,121317,02632
ZCTA5 02633,85483,02633
ZCTA5 02635,110197,02635
ZCTA5 02637,-666666666,02637
ZCTA5 02638,108726,02638
ZCTA5 02639,72567,02639
ZCTA5 02641,-666666666,02641
ZCTA5 02642,72992,02642
ZCTA5 02643,-666666666,02643
ZCTA5 02644,108158,02644
ZCTA5 02645,104401,02645
ZCTA5 02646,81172,02646
ZCTA5 02647,-666666666,02647
ZCTA5 02648,129681,02648
ZCTA5 02649,95299,02649
ZCTA5 02650,66548,02650
ZCTA5 02652,-666666666,02652
ZCTA5 02653,102813,02653
ZCTA5 02655,118750,02655
ZCTA5 02657,136904,02657
ZCTA5 02659,109453,02659
ZCTA5 02660,93386,02660
ZCTA5 02663,83587,02663
ZCTA5 02664,82125,02664
ZCTA5 02666,121750,02666
ZCTA5 02667,121110,02667
ZCTA5 02668,111731,02668
ZCTA5 02670,87019,02670
ZCTA5 02671,104583,02671
ZCTA5 02672,-666666666,02672
ZCTA5 02673,73854,02673
ZCTA5 02675,110450,02675
ZCTA5 02702,153038,02702
ZCTA5 02703,99152,02703
ZCTA5 02713,79167,02713
ZCTA5 02715,140066,02715
ZCTA5 02717,130625,02717
ZCTA5 02718,109500,02718
ZCTA5 02719,95965,02719
ZCTA5 02720,62196,02720
ZCTA5 02721,52841,02721
ZCTA5 02723,47633,02723
ZCTA5 02724,55590,02724
ZCTA5 02725,129253,02725
ZCTA5 02726,111046,02726
ZCTA5 02738,143092,02738
ZCTA5 02739,130241,02739
ZCTA5 02740,55237,02740
ZCTA5 02743,89593,02743
ZCTA5 02744,58675,02744
ZCTA5 02745,74034,02745
ZCTA5 02746,41917,02746
ZCTA5 02747,102079,02747
ZCTA5 02748,97361,02748
ZCTA5 02760,112027,02760
ZCTA5 02762,104106,02762
ZCTA5 02763,114337,02763
ZCTA5 02764,135640,02764
ZCTA5 02766,124535,02766
ZCTA5 02767,124105,02767
ZCTA5 02769,138214,02769
ZCTA5 02770,120320,02770
ZCTA5 02771,120613,02771
ZCTA5 02777,116364,02777
ZCTA5 02779,144205,02779
ZCTA5 02780,74471,02780
ZCTA5 02790,97250,02790
ZCTA5 02791,130833,02791
ZCTA5 02802,116159,02802
ZCTA5 02804,102118,02804
ZCTA5 02806,153198,02806
ZCTA5 02807,83190,02807
ZCTA5 02808,106681,02808
ZCTA5 02809,97764,02809
ZCTA5 02812,104934,02812
ZCTA5 02813,109404,02813
ZCTA5 02814,110764,02814
ZCTA5 02815,126071,02815
ZCTA5 02816,101431,02816
ZCTA5 02817,135625,02817
ZCTA5 02818,139217,02818
ZCTA5 02822,112813,02822
ZCTA5 02823,31607,02823
ZCTA5 02824,203508,02824
ZCTA5 02825,112593,02825
ZCTA5 02826,78843,02826
ZCTA5 02827,152305,02827
ZCTA5 02828,97196,02828
ZCTA5 02829,-666666666,02829
ZCTA5 02830,121111,02830
ZCTA5 02831,137181,02831
ZCTA5 02832,105976,02832
ZCTA5 02833,-666666666,02833
ZCTA5 02835,140625,02835
ZCTA5 02836,-666666666,02836
ZCTA5 02837,134750,02837
ZCTA5 02838,97273,02838
ZCTA5 02839,97292,02839
ZCTA5 02840,86250,02840
ZCTA5 02841,181458,02841
ZCTA5 02842,101948,02842
ZCTA5 02852,118643,02852
ZCTA5 02857,108679,02857
ZCTA5 02858,128568,02858
ZCTA5 02859,124592,02859
ZCTA5 02860,61539,02860
ZCTA5 02861,83411,02861
ZCTA5 02863,49285,02863
ZCTA5 02864,117522,02864
ZCTA5 02865,105958,02865
ZCTA5 02871,116831,02871
ZCTA5 02872,131875,02872
ZCTA5 02873,46406,02873
ZCTA5 02874,159861,02874
ZCTA5 02875,-666666666,02875
ZCTA5 02876,-666666666,02876
ZCTA5 02878,106036,02878
ZCTA5 02879,112231,02879
ZCTA5 02881,56472,02881
ZCTA5 02882,95721,02882
ZCTA5 02885,90729,02885
ZCTA5 02886,92047,02886
ZCTA5 02888,91867,02888
ZCTA5 02889,83946,02889
ZCTA5 02891,97110,02891
ZCTA5 02892,135809,02892
ZCTA5 02893,77608,02893
ZCTA5 02894,-666666666,02894
ZCTA5 02895,61059,02895
ZCTA5 02896,108983,02896
ZCTA5 02898,119038,02898
ZCTA5 02903,64476,02903
ZCTA5 02904,67003,02904
ZCTA5 02905,62908,02905
ZCTA5 02906,103050,02906
ZCTA5 02907,52485,02907
ZCTA5 02908,73081,02908
ZCTA5 02909,64649,02909
ZCTA5 02910,90698,02910
ZCTA5 02911,89456,02911
ZCTA5 02912,-666666666,02912
ZCTA5 02914,61191,02914
ZCTA5 02915,84414,02915
ZCTA5 02916,95263,02916
ZCTA5 02917,110938,02917
ZCTA5 02918,-666666666,02918
ZCTA5 02919,91775,02919
ZCTA5 02920,80717,02920
ZCTA5 02921,147204,02921
ZCTA5 03031,153125,03031
ZCTA5 03032,153253,03032
ZCTA5 03033,171046,03033
ZCTA5 03034,131350,03034
ZCTA5 03036,142212,03036
ZCTA5 03037,130371,03037
ZCTA5 03038,108322,03038
ZCTA5 03042,104220,03042
ZCTA5 03043,104063,03043
ZCTA5 03044,120781,03044
ZCTA5 03045,119205,03045
ZCTA5 03046,124348,03046
ZCTA5 03047,103603,03047
ZCTA5 03048,90451,03048
ZCTA5 03049,168883,03049
ZCTA5 03051,124213,03051
ZCTA5 03052,162036,03052
ZCTA5 03053,134038,03053
ZCTA5 03054,127303,03054
ZCTA5 03055,97768,03055
ZCTA5 03057,156250,03057
ZCTA5 03060,79855,03060
ZCTA5 03062,107540,03062
ZCTA5 03063,107630,03063
ZCTA5 03064,96393,03064
ZCTA5 03070,154000,03070
ZCTA5 03071,110507,03071
ZCTA5 03076,135956,03076
ZCTA5 03077,104597,03077
ZCTA5 03079,110490,03079
ZCTA5 03082,120313,03082
ZCTA5 03084,94107,03084
ZCTA5 03086,113750,03086
ZCTA5 03087,189583,03087
ZCTA5 03101,84434,03101
ZCTA5 03102,74327,03102
ZCTA5 03103,73540,03103
ZCTA5 03104,88897,03104
ZCTA5 03106,118442,03106
ZCTA5 03109,108144,03109
ZCTA5 03110,167418,03110
ZCTA5 03215,105625,03215
ZCTA5 03216,88311,03216
ZCTA5 03217,54607,03217
ZCTA5 03218,112500,03218
ZCTA5 03220,68242,03220
ZCTA5 03221,109803,03221
ZCTA5 03222,81587,03222
ZCTA5 03223,118534,03223
ZCTA5 03224,138125,03224
ZCTA5 03225,111660,03225
ZCTA5 03226,107500,03226
ZCTA5 03227,146917,03227
ZCTA5 03229,137386,03229
ZCTA5 03230,71685,03230
ZCTA5 03231,-666666666,03231
ZCTA5 03233,120156,03233
ZCTA5 03234,97941,03234
ZCTA5 03235,71775,03235
ZCTA5 03237,111359,03237
ZCTA5 03238,47067,03238
ZCTA5 03240,81563,03240
ZCTA5 03241,91375,03241
ZCTA5 03242,95206,03242
ZCTA5 03243,83333,03243
ZCTA5 03244,86375,03244
ZCTA5 03245,107863,03245
ZCTA5 03246,73241,03246
ZCTA5 03249,116635,03249
ZCTA5 03251,70625,03251
ZCTA5 03253,84719,03253
ZCTA5 03254,106440,03254
ZCTA5 03255,117045,03255
ZCTA5 03256,87917,03256
ZCTA5 03257,107000,03257
ZCTA5 03258,108906,03258
ZCTA5 03259,84872,03259
ZCTA5 03260,117000,03260
ZCTA5 03261,129375,03261
ZCTA5 03262,85667,03262
ZCTA5 03263,74318,03263
ZCTA5 03264,76892,03264
ZCTA5 03266,76071,03266
ZCTA5 03268,111818,03268
ZCTA5 03269,107083,03269
ZCTA5 03273,187979,03273
ZCTA5 03275,82910,03275
ZCTA5 03276,82425,03276
ZCTA5 03278,94783,03278
ZCTA5 03279,70313,03279
ZCTA5 03280,90096,03280
ZCTA5 03281,118271,03281
ZCTA5 03282,98333,03282
ZCTA5 03284,113158,03284
ZCTA5 03285,90022,03285
ZCTA5 03287,117759,03287
ZCTA5 03290,122201,03290
ZCTA5 03291,-666666666,03291
ZCTA5 03293,86250,03293
ZCTA5 03301,86840,03301
ZCTA5 03303,80456,03303
ZCTA5 03304,172857,03304
ZCTA5 03307,107226,03307
ZCTA5 03431,79541,03431
ZCTA5 03440,88889,03440
ZCTA5 03441,53816,03441
ZCTA5 03442,83875,03442
ZCTA5 03443,-666666666,03443
ZCTA5 03444,104773,03444
ZCTA5 03445,106667,03445
ZCTA5 03446,85484,03446
ZCTA5 03447,100735,03447
ZCTA5 03448,80417,03448
ZCTA5 03449,92708,03449
ZCTA5 03450,103036,03450
ZCTA5 03451,69191,03451
ZCTA5 03452,92330,03452
ZCTA5 03455,69395,03455
ZCTA5 03456,110455,03456
ZCTA5 03457,100625,03457
ZCTA5 03458,98684,03458
ZCTA5 03461,102679,03461
ZCTA5 03462,115313,03462
ZCTA5 03464,93625,03464
ZCTA5 03465,88871,03465
ZCTA5 03466,83281,03466
ZCTA5 03467,104444,03467
ZCTA5 03470,79028,03470
ZCTA5 03561,56746,03561
ZCTA5 03570,45180,03570
ZCTA5 03574,81250,03574
ZCTA5 03575,-666666666,03575
ZCTA5 03576,52682,03576
ZCTA5 03579,61000,03579
ZCTA5 03580,91250,03580
ZCTA5 03581,64127,03581
ZCTA5 03582,46250,03582
ZCTA5 03583,67188,03583
ZCTA5 03584,66768,03584
ZCTA5 03585,68594,03585
ZCTA5 03586,154091,03586
ZCTA5 03588,71538,03588
ZCTA5 03590,52803,03590
ZCTA5 03592,61094,03592
ZCTA5 03593,101750,03593
ZCTA5 03595,64762,03595
ZCTA5 03597,56010,03597
ZCTA5 03598,67179,03598
ZCTA5 03601,81250,03601
ZCTA5 03602,70455,03602
ZCTA5 03603,56731,03603
ZCTA5 03604,-666666666,03604
ZCTA5 03605,86250,03605
ZCTA5 03607,84306,03607
ZCTA5 03608,88224,03608
ZCTA5 03609,72391,03609
ZCTA5 03740,67813,03740
ZCTA5 03741,82181,03741
ZCTA5 03743,59625,03743
ZCTA5 03745,91821,03745
ZCTA5 03748,95089,03748
ZCTA5 03750,250001,03750
ZCTA5 03751,-666666666,03751
ZCTA5 03752,70417,03752
ZCTA5 03753,106285,03753
ZCTA5 03755,165884,03755
ZCTA5 03765,79625,03765
ZCTA5 03766,100881,03766
ZCTA5 03768,133906,03768
ZCTA5 03770,153750,03770
ZCTA5 03771,88150,03771
ZCTA5 03773,81232,03773
ZCTA5 03774,58452,03774
ZCTA5 03777,92571,03777
ZCTA5 03779,80000,03779
ZCTA5 03780,189550,03780
ZCTA5 03781,109659,03781
ZCTA5 03782,110175,03782
ZCTA5 03784,91000,03784
ZCTA5 03785,57902,03785
ZCTA5 03801,106756,03801
ZCTA5 03809,106397,03809
ZCTA5 03810,148261,03810
ZCTA5 03811,146380,03811
ZCTA5 03812,-666666666,03812
ZCTA5 03813,56951,03813
ZCTA5 03814,77138,03814
ZCTA5 03816,88971,03816
ZCTA5 03817,-666666666,03817
ZCTA5 03818,77134,03818
ZCTA5 03819,112335,03819
ZCTA5 03820,94897,03820
ZCTA5 03823,148365,03823
ZCTA5 03824,124056,03824
ZCTA5 03825,110323,03825
ZCTA5 03826,121184,03826
ZCTA5 03827,142794,03827
ZCTA5 03830,99960,03830
ZCTA5 03832,79063,03832
ZCTA5 03833,119393,03833
ZCTA5 03835,66982,03835
ZCTA5 03836,66136,03836
ZCTA5 03837,119712,03837
ZCTA5 03838,68385,03838
ZCTA5 03839,88346,03839
ZCTA5 03840,162837,03840
ZCTA5 03841,104044,03841
ZCTA5 03842,95422,03842
ZCTA5 03844,165509,03844
ZCTA5 03845,57320,03845
ZCTA5 03846,117986,03846
ZCTA5 03847,-666666666,03847
ZCTA5 03848,105330,03848
ZCTA5 03849,96439,03849
ZCTA5 03850,101298,03850
ZCTA5 03851,93412,03851
ZCTA5 03852,154583,03852
ZCTA5 03853,103900,03853
ZCTA5 03854,176953,03854
ZCTA5 03855,100194,03855
ZCTA5 03856,197885,03856
ZCTA5 03857,100845,03857
ZCTA5 03858,138487,03858
ZCTA5 03860,71759,03860
ZCTA5 03861,131579,03861
ZCTA5 03862,144583,03862
ZCTA5 03864,104485,03864
ZCTA5 03865,108317,03865
ZCTA5 03867,78674,03867
ZCTA5 03868,81530,03868
ZCTA5 03869,87215,03869
ZCTA5 03870,140938,03870
ZCTA5 03871,142115,03871
ZCTA5 03872,109583,03872
ZCTA5 03873,135040,03873
ZCTA5 03874,82995,03874
ZCTA5 03875,115583,03875
ZCTA5 03878,75136,03878
ZCTA5 03882,76607,03882
ZCTA5 03883,67679,03883
ZCTA5 03884,122105,03884
ZCTA5 03885,151998,03885
ZCTA5 03886,74450,03886
ZCTA5 03887,91875,03887
ZCTA5 03890,-666666666,03890
ZCTA5 03894,94349,03894
ZCTA5 03897,-666666666,03897
ZCTA5 03901,94771,03901
ZCTA5 03902,133676,03902
ZCTA5 03903,101522,03903
ZCTA5 03904,85084,03904
ZCTA5 03905,140730,03905
ZCTA5 03906,105156,03906
ZCTA5 03907,114259,03907
ZCTA5 03908,98289,03908
ZCTA5 03909,115608,03909
ZCTA5 03910,-666666666,03910
ZCTA5 03911,156299,03911
ZCTA5 04001,78750,04001
ZCTA5 04002,84537,04002
ZCTA5 04003,96250,04003
ZCTA5 04005,74647,04005
ZCTA5 04006,-666666666,04006
ZCTA5 04008,108479,04008
ZCTA5 04009,78021,04009
ZCTA5 04010,60889,04010
ZCTA5 04011,74952,04011
ZCTA5 04015,69313,04015
ZCTA5 04017,67639,04017
ZCTA5 04019,89712,04019
ZCTA5 04020,69038,04020
ZCTA5 04021,172468,04021
ZCTA5 04022,64167,04022
ZCTA5 04024,52917,04024
ZCTA5 04027,97750,04027
ZCTA5 04029,77813,04029
ZCTA5 04030,72548,04030
ZCTA5 04032,107326,04032
ZCTA5 04037,54414,04037
ZCTA5 04038,112312,04038
ZCTA5 04039,95125,04039
ZCTA5 04040,57218,04040
ZCTA5 04041,62813,04041
ZCTA5 04042,95950,04042
ZCTA5 04043,107804,04043
ZCTA5 04046,102529,04046
ZCTA5 04047,72045,04047
ZCTA5 04048,101172,04048
ZCTA5 04049,84675,04049
ZCTA5 04050,91250,04050
ZCTA5 04051,80625,04051
ZCTA5 04055,78188,04055
ZCTA5 04056,57083,04056
ZCTA5 04057,-666666666,04057
ZCTA5 04061,94023,04061
ZCTA5 04062,107934,04062
ZCTA5 04063,61667,04063
ZCTA5 04064,59887,04064
ZCTA5 04066,115547,04066
ZCTA5 04068,60417,04068
ZCTA5 04069,104333,04069
ZCTA5 04071,88722,04071
ZCTA5 04072,92241,04072
ZCTA5 04073,72917,04073
ZCTA5 04074,135018,04074
ZCTA5 04076,88140,04076
ZCTA5 04079,91969,04079
ZCTA5 04083,72207,04083
ZCTA5 04084,109345,04084
ZCTA5 04085,92246,04085
ZCTA5 04086,91028,04086
ZCTA5 04087,98105,04087
ZCTA5 04088,63750,04088
ZCTA5 04090,88024,04090
ZCTA5 04091,78750,04091
ZCTA5 04092,85038,04092
ZCTA5 04093,100144,04093
ZCTA5 04095,57206,04095
ZCTA5 04096,110216,04096
ZCTA5 04097,129267,04097
ZCTA5 04101,63880,04101
ZCTA5 04102,82751,04102
ZCTA5 04103,89796,04103
ZCTA5 04105,150919,04105
ZCTA5 04106,86188,04106
ZCTA5 04107,146054,04107
ZCTA5 04108,94318,04108
ZCTA5 04109,-666666666,04109
ZCTA5 04110,194205,04110
ZCTA5 04210,66647,04210
ZCTA5 04216,52361,04216
ZCTA5 04217,61125,04217
ZCTA5 04219,62361,04219
ZCTA5 04220,79750,04220
ZCTA5 04221,52458,04221
ZCTA5 04222,99181,04222
ZCTA5 04224,71513,04224
ZCTA5 04226,47955,04226
ZCTA5 04227,-666666666,04227
ZCTA5 04231,63750,04231
ZCTA5 04234,-666666666,04234
ZCTA5 04236,98093,04236
ZCTA5 04237,55417,04237
ZCTA5 04238,92550,04238
ZCTA5 04239,70238,04239
ZCTA5 04240,55393,04240
ZCTA5 04250,84028,04250
ZCTA5 04252,73476,04252
ZCTA5 04253,70441,04253
ZCTA5 04254,45843,04254
ZCTA5 04255,75938,04255
ZCTA5 04256,69914,04256
ZCTA5 04257,55727,04257
ZCTA5 04258,95655,04258
ZCTA5 04259,83919,04259
ZCTA5 04260,108797,04260
ZCTA5 04261,45833,04261
ZCTA5 04263,85208,04263
ZCTA5 04265,43506,04265
ZCTA5 04267,-666666666,04267
ZCTA5 04268,54342,04268
ZCTA5 04270,74241,04270
ZCTA5 04271,-666666666,04271
ZCTA5 04274,85557,04274
ZCTA5 04275,70417,04275
ZCTA5 04276,38403,04276
ZCTA5 04280,62455,04280
ZCTA5 04281,75137,04281
ZCTA5 04282,100036,04282
ZCTA5 04284,93194,04284
ZCTA5 04285,62083,04285
ZCTA5 04286,-666666666,04286
ZCTA5 04287,91239,04287
ZCTA5 04289,56324,04289
ZCTA5 04290,66827,04290
ZCTA5 04292,57750,04292
ZCTA5 04294,63104,04294
ZCTA5 04330,54775,04330
ZCTA5 04341,-666666666,04341
ZCTA5 04342,74844,04342
ZCTA5 04344,71635,04344
ZCTA5 04345,77410,04345
ZCTA5 04346,66574,04346
ZCTA5 04347,68398,04347
ZCTA5 04348,78929,04348
ZCTA5 04349,59500,04349
ZCTA5 04350,84904,04350
ZCTA5 04351,92031,04351
ZCTA5 04352,74395,04352
ZCTA5 04353,73875,04353
ZCTA5 04354,89095,04354
ZCTA5 04355,86504,04355
ZCTA5 04357,65854,04357
ZCTA5 04358,96309,04358
ZCTA5 04359,-666666666,04359
ZCTA5 04360,75481,04360
ZCTA5 04363,63178,04363
ZCTA5 04364,86470,04364
ZCTA5 04401,66932,04401
ZCTA5 04406,53438,04406
ZCTA5 04408,-666666666,04408
ZCTA5 04410,82955,04410
ZCTA5 04411,76667,04411
ZCTA5 04412,66613,04412
ZCTA5 04413,55000,04413
ZCTA5 04414,69500,04414
ZCTA5 04415,50714,04415
ZCTA5 04416,64587,04416
ZCTA5 04417,46094,04417
ZCTA5 04418,60500,04418
ZCTA5 04419,82188,04419
ZCTA5 04421,113750,04421
ZCTA5 04422,75250,04422
ZCTA5 04424,48778,04424
ZCTA5 04426,63491,04426
ZCTA5 04427,64229,04427
ZCTA5 04428,72857,04428
ZCTA5 04429,97244,04429
ZCTA5 04430,42011,04430
ZCTA5 04431,-666666666,04431
ZCTA5 04434,72379,04434
ZCTA5 04435,84408,04435
ZCTA5 04438,80000,04438
ZCTA5 04441,64789,04441
ZCTA5 04442,73750,04442
ZCTA5 04443,53990,04443
ZCTA5 04444,106554,04444
ZCTA5 04448,54750,04448
ZCTA5 04449,67692,04449
ZCTA5 04450,79792,04450
ZCTA5 04451,31957,04451
ZCTA5 04453,59250,04453
ZCTA5 04454,-666666666,04454
ZCTA5 04455,49886,04455
ZCTA5 04456,86071,04456
ZCTA5 04457,56645,04457
ZCTA5 04459,48750,04459
ZCTA5 04460,49583,04460
ZCTA5 04461,85111,04461
ZCTA5 04462,51527,04462
ZCTA5 04463,58810,04463
ZCTA5 04464,56017,04464
ZCTA5 04468,56358,04468
ZCTA5 04469,-666666666,04469
ZCTA5 04471,47500,04471
ZCTA5 04472,69022,04472
ZCTA5 04473,61528,04473
ZCTA5 04474,94556,04474
ZCTA5 04475,55417,04475
ZCTA5 04476,63194,04476
ZCTA5 04478,53229,04478
ZCTA5 04479,50313,04479
ZCTA5 04481,74545,04481
ZCTA5 04485,61875,04485
ZCTA5 04487,48000,04487
ZCTA5 04488,76023,04488
ZCTA5 04489,-666666666,04489
ZCTA5 04490,45893,04490
ZCTA5 04491,-666666666,04491
ZCTA5 04492,63438,04492
ZCTA5 04493,61563,04493
ZCTA5 04495,36333,04495
ZCTA5 04496,98333,04496
ZCTA5 04497,48958,04497
ZCTA5 04530,79649,04530
ZCTA5 04535,93125,04535
ZCTA5 04537,76667,04537
ZCTA5 04538,56500,04538
ZCTA5 04539,96111,04539
ZCTA5 04541,-666666666,04541
ZCTA5 04543,59423,04543
ZCTA5 04544,59375,04544
ZCTA5 04547,75625,04547
ZCTA5 04548,84250,04548
ZCTA5 04551,100000,04551
ZCTA5 04553,89868,04553
ZCTA5 04554,85288,04554
ZCTA5 04555,100417,04555
ZCTA5 04556,108750,04556
ZCTA5 04558,91477,04558
ZCTA5 04562,107833,04562
ZCTA5 04563,83500,04563
ZCTA5 04564,132604,04564
ZCTA5 04568,54478,04568
ZCTA5 04570,-666666666,04570
ZCTA5 04571,58830,04571
ZCTA5 04572,69107,04572
ZCTA5 04573,86250,04573
ZCTA5 04574,59861,04574
ZCTA5 04575,116250,04575
ZCTA5 04576,89375,04576
ZCTA5 04578,81063,04578
ZCTA5 04579,102175,04579
ZCTA5 04605,77377,04605
ZCTA5 04606,50524,04606
ZCTA5 04607,60152,04607
ZCTA5 04609,77180,04609
ZCTA5 04611,64063,04611
ZCTA5 04612,89839,04612
ZCTA5 04613,-666666666,04613
ZCTA5 04614,80377,04614
ZCTA5 04616,68750,04616
ZCTA5 04617,52078,04617
ZCTA5 04619,64096,04619
ZCTA5 04622,43854,04622
ZCTA5 04623,50163,04623
ZCTA5 04624,61691,04624
ZCTA5 04625,38500,04625
ZCTA5 04626,72946,04626
ZCTA5 04627,61703,04627
ZCTA5 04628,52159,04628
ZCTA5 04630,57857,04630
ZCTA5 04631,45573,04631
ZCTA5 04634,67589,04634
ZCTA5 04635,42250,04635
ZCTA5 04640,71699,04640
ZCTA5 04642,71563,04642
ZCTA5 04643,64861,04643
ZCTA5 04645,49500,04645
ZCTA5 04646,88750,04646
ZCTA5 04648,63750,04648
ZCTA5 04649,67500,04649
ZCTA5 04650,110063,04650
ZCTA5 04652,52083,04652
ZCTA5 04653,90250,04653
ZCTA5 04654,48838,04654
ZCTA5 04655,60000,04655
ZCTA5 04657,49191,04657
ZCTA5 04658,60536,04658
ZCTA5 04660,78646,04660
ZCTA5 04662,108214,04662
ZCTA5 04664,59643,04664
ZCTA5 04666,60761,04666
ZCTA5 04667,74712,04667
ZCTA5 04668,48720,04668
ZCTA5 04669,66071,04669
ZCTA5 04671,68333,04671
ZCTA5 04673,53750,04673
ZCTA5 04674,76667,04674
ZCTA5 04675,250001,04675
ZCTA5 04676,73333,04676
ZCTA5 04677,83438,04677
ZCTA5 04679,59205,04679
ZCTA5 04680,76466,04680
ZCTA5 04681,60223,04681
ZCTA5 04683,-666666666,04683
ZCTA5 04684,74508,04684
ZCTA5 04685,86250,04685
ZCTA5 04686,52353,04686
ZCTA5 04691,55164,04691
ZCTA5 04693,86250,04693
ZCTA5 04694,65417,04694
ZCTA5 04730,61980,04730
ZCTA5 04732,49479,04732
ZCTA5 04733,59050,04733
ZCTA5 04734,79219,04734
ZCTA5 04735,64750,04735
ZCTA5 04736,54368,04736
ZCTA5 04737,-666666666,04737
ZCTA5 04739,59028,04739
ZCTA5 04740,53309,04740
ZCTA5 04742,70852,04742
ZCTA5 04743,56422,04743
ZCTA5 04745,55461,04745
ZCTA5 04746,35417,04746
ZCTA5 04747,56795,04747
ZCTA5 04750,48750,04750
ZCTA5 04756,56136,04756
ZCTA5 04757,84042,04757
ZCTA5 04758,65156,04758
ZCTA5 04760,51875,04760
ZCTA5 04761,53810,04761
ZCTA5 04762,58333,04762
ZCTA5 04763,46378,04763
ZCTA5 04764,-666666666,04764
ZCTA5 04765,50286,04765
ZCTA5 04766,62500,04766
ZCTA5 04768,60000,04768
ZCTA5 04769,55768,04769
ZCTA5 04772,75417,04772
ZCTA5 04773,68571,04773
ZCTA5 04774,32250,04774
ZCTA5 04776,47115,04776
ZCTA5 04777,53472,04777
ZCTA5 04779,74438,04779
ZCTA5 04780,62727,04780
ZCTA5 04781,49583,04781
ZCTA5 04783,75625,04783
ZCTA5 04785,41528,04785
ZCTA5 04786,55326,04786
ZCTA5 04787,53542,04787
ZCTA5 04841,56533,04841
ZCTA5 04843,82344,04843
ZCTA5 04847,86766,04847
ZCTA5 04848,88438,04848
ZCTA5 04849,80377,04849
ZCTA5 04851,65417,04851
ZCTA5 04852,-666666666,04852
ZCTA5 04853,87500,04853
ZCTA5 04854,87325,04854
ZCTA5 04855,250001,04855
ZCTA5 04856,86979,04856
ZCTA5 04858,87059,04858
ZCTA5 04859,75341,04859
ZCTA5 04860,86833,04860
ZCTA5 04861,56435,04861
ZCTA5 04862,73536,04862
ZCTA5 04863,72963,04863
ZCTA5 04864,74616,04864
ZCTA5 04901,57403,04901
ZCTA5 04910,62361,04910
ZCTA5 04911,62697,04911
ZCTA5 04912,51250,04912
ZCTA5 04915,66362,04915
ZCTA5 04917,88338,04917
ZCTA5 04918,-666666666,04918
ZCTA5 04920,39860,04920
ZCTA5 04921,63646,04921
ZCTA5 04922,59261,04922
ZCTA5 04923,63194,04923
ZCTA5 04924,57781,04924
ZCTA5 04925,73235,04925
ZCTA5 04926,-666666666,04926
ZCTA5 04927,71458,04927
ZCTA5 04928,56547,04928
ZCTA5 04929,51111,04929
ZCTA5 04930,54137,04930
ZCTA5 04932,75952,04932
ZCTA5 04936,47404,04936
ZCTA5 04937,63933,04937
ZCTA5 04938,55704,04938
ZCTA5 04939,51094,04939
ZCTA5 04940,-666666666,04940
ZCTA5 04941,65662,04941
ZCTA5 04942,53636,04942
ZCTA5 04943,46141,04943
ZCTA5 04944,-666666666,04944
ZCTA5 04945,52045,04945
ZCTA5 04947,70104,04947
ZCTA5 04949,71146,04949
ZCTA5 04950,61747,04950
ZCTA5 04951,81300,04951
ZCTA5 04952,67763,04952
ZCTA5 04953,60365,04953
ZCTA5 04955,63889,04955
ZCTA5 04956,61806,04956
ZCTA5 04957,65931,04957
ZCTA5 04958,55089,04958
ZCTA5 04961,53750,04961
ZCTA5 04963,77708,04963
ZCTA5 04964,-666666666,04964
ZCTA5 04965,60543,04965
ZCTA5 04966,47969,04966
ZCTA5 04967,57381,04967
ZCTA5 04969,61964,04969
ZCTA5 04970,60882,04970
ZCTA5 04971,65600,04971
ZCTA5 04973,87000,04973
ZCTA5 04974,64303,04974
ZCTA5 04975,-666666666,04975
ZCTA5 04976,53534,04976
ZCTA5 04978,107917,04978
ZCTA5 04979,69205,04979
ZCTA5 04981,77560,04981
ZCTA5 04982,30469,04982
ZCTA5 04983,53894,04983
ZCTA5 04984,56087,04984
ZCTA5 04985,66827,04985
ZCTA5 04986,71833,04986
ZCTA5 04987,44583,04987
ZCTA5 04988,62929,04988
ZCTA5 04989,72300,04989
ZCTA5 04992,-666666666,04992
ZCTA5 05001,78092,05001
ZCTA5 05009,-666666666,05009
ZCTA5 05030,-666666666,05030
ZCTA5 05031,-666666666,05031
ZCTA5 05032,86688,05032
ZCTA5 05033,105250,05033
ZCTA5 05034,47273,05034
ZCTA5 05035,70670,05035
ZCTA5 05036,109612,05036
ZCTA5 05037,109091,05037
ZCTA5 05038,62000,05038
ZCTA5 05039,73611,05039
ZCTA5 05040,95481,05040
ZCTA5 05041,85479,05041
ZCTA5 05042,96250,05042
ZCTA5 05043,72434,05043
ZCTA5 05045,79203,05045
ZCTA5 05046,84375,05046
ZCTA5 05048,99583,05048
ZCTA5 05050,107880,05050
ZCTA5 05051,65966,05051
ZCTA5 05052,52321,05052
ZCTA5 05053,99722,05053
ZCTA5 05055,142684,05055
ZCTA5 05056,74896,05056
ZCTA5 05058,76758,05058
ZCTA5 05059,-666666666,05059
ZCTA5 05060,77317,05060
ZCTA5 05061,75761,05061
ZCTA5 05062,79152,05062
ZCTA5 05065,86042,05065
ZCTA5 05067,121607,05067
ZCTA5 05068,80911,05068
ZCTA5 05069,66442,05069
ZCTA5 05070,125938,05070
ZCTA5 05071,115921,05071
ZCTA5 05072,113438,05072
ZCTA5 05073,-666666666,05073
ZCTA5 05075,101776,05075
ZCTA5 05076,103250,05076
ZCTA5 05077,92656,05077
ZCTA5 05079,72022,05079
ZCTA5 05081,55804,05081
ZCTA5 05083,57917,05083
ZCTA5 05084,115521,05084
ZCTA5 05086,71000,05086
ZCTA5 05088,71848,05088
ZCTA5 05089,55633,05089
ZCTA5 05091,112396,05091
ZCTA5 05101,70299,05101
ZCTA5 05141,-666666666,05141
ZCTA5 05142,83833,05142
ZCTA5 05143,70610,05143
ZCTA5 05146,77500,05146
ZCTA5 05148,105795,05148
ZCTA5 05149,64191,05149
ZCTA5 05150,68108,05150
ZCTA5 05151,96836,05151
ZCTA5 05152,129500,05152
ZCTA5 05153,87292,05153
ZCTA5 05154,-666666666,05154
ZCTA5 05155,64630,05155
ZCTA5 05156,66679,05156
ZCTA5 05158,71875,05158
ZCTA5 05161,120000,05161
ZCTA5 05201,59798,05201
ZCTA5 05250,96250,05250
ZCTA5 05251,151163,05251
ZCTA5 05252,58750,05252
ZCTA5 05253,92159,05253
ZCTA5 05254,122868,05254
ZCTA5 05255,91058,05255
ZCTA5 05257,94375,05257
ZCTA5 05260,83083,05260
ZCTA5 05261,62917,05261
ZCTA5 05262,71417,05262
ZCTA5 05301,65910,05301
ZCTA5 05340,96083,05340
ZCTA5 05341,54511,05341
ZCTA5 05342,64018,05342
ZCTA5 05343,84375,05343
ZCTA5 05344,-666666666,05344
ZCTA5 05345,67472,05345
ZCTA5 05346,79118,05346
ZCTA5 05350,55313,05350
ZCTA5 05351,-666666666,05351
ZCTA5 05352,88542,05352
ZCTA5 05353,94917,05353
ZCTA5 05354,85682,05354
ZCTA5 05355,64044,05355
ZCTA5 05356,51222,05356
ZCTA5 05358,-666666666,05358
ZCTA5 05359,80417,05359
ZCTA5 05360,79659,05360
ZCTA5 05361,75714,05361
ZCTA5 05362,-666666666,05362
ZCTA5 05363,68843,05363
ZCTA5 05401,65657,05401
ZCTA5 05403,105616,05403
ZCTA5 05404,79522,05404
ZCTA5 05405,-666666666,05405
ZCTA5 05408,95018,05408
ZCTA5 05439,-666666666,05439
ZCTA5 05440,76429,05440
ZCTA5 05441,67917,05441
ZCTA5 05442,81563,05442
ZCTA5 05443,88594,05443
ZCTA5 05444,106088,05444
ZCTA5 05445,144375,05445
ZCTA5 05446,97475,05446
ZCTA5 05447,-666666666,05447
ZCTA5 05448,82500,05448
ZCTA5 05450,72875,05450
ZCTA5 05452,101349,05452
ZCTA5 05454,128212,05454
ZCTA5 05455,110147,05455
ZCTA5 05456,106691,05456
ZCTA5 05457,96875,05457
ZCTA5 05458,101728,05458
ZCTA5 05459,88646,05459
ZCTA5 05461,109712,05461
ZCTA5 05462,94334,05462
ZCTA5 05463,82500,05463
ZCTA5 05464,85694,05464
ZCTA5 05465,114677,05465
ZCTA5 05468,114709,05468
ZCTA5 05471,53816,05471
ZCTA5 05472,92537,05472
ZCTA5 05473,99919,05473
ZCTA5 05474,102143,05474
ZCTA5 05476,57361,05476
ZCTA5 05477,108971,05477
ZCTA5 05478,71203,05478
ZCTA5 05481,-666666666,05481
ZCTA5 05482,115963,05482
ZCTA5 05483,78505,05483
ZCTA5 05485,-666666666,05485
ZCTA5 05486,126513,05486
ZCTA5 05487,76750,05487
ZCTA5 05488,77154,05488
ZCTA5 05489,92352,05489
ZCTA5 05491,87917,05491
ZCTA5 05492,67857,05492
ZCTA5 05494,117143,05494
ZCTA5 05495,107054,05495
ZCTA5 05602,81320,05602
ZCTA5 05640,114375,05640
ZCTA5 05641,76855,05641
ZCTA5 05647,76406,05647
ZCTA5 05648,71719,05648
ZCTA5 05649,103281,05649
ZCTA5 05650,84583,05650
ZCTA5 05651,103393,05651
ZCTA5 05652,79063,05652
ZCTA5 05653,90556,05653
ZCTA5 05654,89896,05654
ZCTA5 05655,84375,05655
ZCTA5 05656,55133,05656
ZCTA5 05658,72292,05658
ZCTA5 05660,96125,05660
ZCTA5 05661,67052,05661
ZCTA5 05663,77524,05663
ZCTA5 05664,-666666666,05664
ZCTA5 05666,-666666666,05666
ZCTA5 05667,66667,05667
ZCTA5 05669,75750,05669
ZCTA5 05670,-666666666,05670
ZCTA5 05672,93618,05672
ZCTA5 05673,98068,05673
ZCTA5 05674,86905,05674
ZCTA5 05675,65682,05675
ZCTA5 05676,92773,05676
ZCTA5 05677,157139,05677
ZCTA5 05678,148205,05678
ZCTA5 05679,94082,05679
ZCTA5 05680,72917,05680
ZCTA5 05681,103472,05681
ZCTA5 05682,85417,05682
ZCTA5 05701,61610,05701
ZCTA5 05730,102813,05730
ZCTA5 05731,-666666666,05731
ZCTA5 05732,43462,05732
ZCTA5 05733,68831,05733
ZCTA5 05734,81250,05734
ZCTA5 05735,80313,05735
ZCTA5 05736,38854,05736
ZCTA5 05737,101528,05737
ZCTA5 05738,95000,05738
ZCTA5 05739,75000,05739
ZCTA5 05742,66250,05742
ZCTA5 05743,68409,05743
ZCTA5 05744,75504,05744
ZCTA5 05746,-666666666,05746
ZCTA5 05747,57917,05747
ZCTA5 05748,76250,05748
ZCTA5 05751,81250,05751
ZCTA5 05753,91659,05753
ZCTA5 05757,75417,05757
ZCTA5 05758,67000,05758
ZCTA5 05759,58150,05759
ZCTA5 05760,67784,05760
ZCTA5 05761,68125,05761
ZCTA5 05762,65739,05762
ZCTA5 05763,71833,05763
ZCTA5 05764,72686,05764
ZCTA5 05765,73833,05765
ZCTA5 05766,112917,05766
ZCTA5 05767,72715,05767
ZCTA5 05768,-666666666,05768
ZCTA5 05769,99792,05769
ZCTA5 05770,92188,05770
ZCTA5 05772,76719,05772
ZCTA5 05773,80726,05773
ZCTA5 05774,76667,05774
ZCTA5 05775,61563,05775
ZCTA5 05776,64375,05776
ZCTA5 05777,64044,05777
ZCTA5 05778,82857,05778
ZCTA5 05819,62411,05819
ZCTA5 05820,68229,05820
ZCTA5 05821,65682,05821
ZCTA5 05822,76100,05822
ZCTA5 05824,72500,05824
ZCTA5 05825,-666666666,05825
ZCTA5 05826,83438,05826
ZCTA5 05827,90729,05827
ZCTA5 05828,72121,05828
ZCTA5 05829,73456,05829
ZCTA5 05830,70446,05830
ZCTA5 05832,86850,05832
ZCTA5 05833,65250,05833
ZCTA5 05836,99929,05836
ZCTA5 05837,60781,05837
ZCTA5 05839,74018,05839
ZCTA5 05840,56250,05840
ZCTA5 05841,103875,05841
ZCTA5 05842,85536,05842
ZCTA5 05843,71818,05843
ZCTA5 05845,82262,05845
ZCTA5 05846,46278,05846
ZCTA5 05847,57404,05847
ZCTA5 05850,-666666666,05850
ZCTA5 05851,68488,05851
ZCTA5 05853,91250,05853
ZCTA5 05855,61240,05855
ZCTA5 05857,71683,05857
ZCTA5 05858,66500,05858
ZCTA5 05859,84813,05859
ZCTA5 05860,64850,05860
ZCTA5 05862,122917,05862
ZCTA5 05866,64609,05866
ZCTA5 05867,67969,05867
ZCTA5 05868,51136,05868
ZCTA5 05871,74572,05871
ZCTA5 05872,48839,05872
ZCTA5 05873,70288,05873
ZCTA5 05874,74583,05874
ZCTA5 05875,78750,05875
ZCTA5 05901,-666666666,05901
ZCTA5 05902,45625,05902
ZCTA5 05903,56397,05903
ZCTA5 05904,54722,05904
ZCTA5 05905,91950,05905
ZCTA5 05906,51106,05906
ZCTA5 05907,65625,05907
ZCTA5 06001,153664,06001
ZCTA5 06002,98162,06002
ZCTA5 06010,79314,06010
ZCTA5 06013,165120,06013
ZCTA5 06016,120399,06016
ZCTA5 06018,68917,06018
ZCTA5 06019,117418,06019
ZCTA5 06020,-666666666,06020
ZCTA5 06021,111250,06021
ZCTA5 06022,250001,06022
ZCTA5 06023,100317,06023
ZCTA5 06024,87943,06024
ZCTA5 06026,119375,06026
ZCTA5 06027,115938,06027
ZCTA5 06029,129331,06029
ZCTA5 06031,106875,06031
ZCTA5 06032,140912,06032
ZCTA5 06033,149962,06033
ZCTA5 06035,107957,06035
ZCTA5 06037,116042,06037
ZCTA5 06039,104859,06039
ZCTA5 06040,83422,06040
ZCTA5 06042,91892,06042
ZCTA5 06043,126364,06043
ZCTA5 06051,51022,06051
ZCTA5 06052,80506,06052
ZCTA5 06053,62645,06053
ZCTA5 06057,117906,06057
ZCTA5 06058,91548,06058
ZCTA5 06059,-666666666,06059
ZCTA5 06060,122394,06060
ZCTA5 06061,75704,06061
ZCTA5 06062,84310,06062
ZCTA5 06063,121705,06063
ZCTA5 06065,124207,06065
ZCTA5 06066,85356,06066
ZCTA5 06067,100027,06067
ZCTA5 06068,123552,06068
ZCTA5 06069,101067,06069
ZCTA5 06070,162424,06070
ZCTA5 06071,126500,06071
ZCTA5 06072,-666666666,06072
ZCTA5 06073,201477,06073
ZCTA5 06074,144961,06074
ZCTA5 06076,92016,06076
ZCTA5 06078,116054,06078
ZCTA5 06079,-666666666,06079
ZCTA5 06080,-666666666,06080
ZCTA5 06081,106944,06081
ZCTA5 06082,90404,06082
ZCTA5 06084,133611,06084
ZCTA5 06085,141023,06085
ZCTA5 06088,79375,06088
ZCTA5 06089,121094,06089
ZCTA5 06090,151118,06090
ZCTA5 06091,68500,06091
ZCTA5 06092,204458,06092
ZCTA5 06093,122041,06093
ZCTA5 06095,105322,06095
ZCTA5 06096,81205,06096
ZCTA5 06098,66269,06098
ZCTA5 06103,71677,06103
ZCTA5 06105,41937,06105
ZCTA5 06106,46304,06106
ZCTA5 06107,174844,06107
ZCTA5 06108,56663,06108
ZCTA5 06109,126806,06109
ZCTA5 06110,87539,06110
ZCTA5 06111,102884,06111
ZCTA5 06112,44460,06112
ZCTA5 06114,52110,06114
ZCTA5 06117,171707,06117
ZCTA5 06118,79740,06118
ZCTA5 06119,99688,06119
ZCTA5 06120,34830,06120
ZCTA5 06226,47162,06226
ZCTA5 06231,168313,06231
ZCTA5 06232,134632,06232
ZCTA5 06234,96207,06234
ZCTA5 06235,98059,06235
ZCTA5 06237,127000,06237
ZCTA5 06238,108213,06238
ZCTA5 06239,74267,06239
ZCTA5 06241,88389,06241
ZCTA5 06242,89250,06242
ZCTA5 06243,122083,06243
ZCTA5 06247,108854,06247
ZCTA5 06248,134435,06248
ZCTA5 06249,109135,06249
ZCTA5 06250,99000,06250
ZCTA5 06254,105000,06254
ZCTA5 06255,88750,06255
ZCTA5 06256,80333,06256
ZCTA5 06258,-666666666,06258
ZCTA5 06259,108476,06259
ZCTA5 06260,70502,06260
ZCTA5 06262,-666666666,06262
ZCTA5 06263,88011,06263
ZCTA5 06264,100227,06264
ZCTA5 06266,-666666666,06266
ZCTA5 06268,55219,06268
ZCTA5 06269,-666666666,06269
ZCTA5 06277,110000,06277
ZCTA5 06278,121875,06278
ZCTA5 06279,91114,06279
ZCTA5 06280,76577,06280
ZCTA5 06281,125778,06281
ZCTA5 06282,91780,06282
ZCTA5 06320,59170,06320
ZCTA5 06330,98698,06330
ZCTA5 06331,103198,06331
ZCTA5 06332,61840,06332
ZCTA5 06333,129083,06333
ZCTA5 06334,107969,06334
ZCTA5 06335,118116,06335
ZCTA5 06336,133750,06336
ZCTA5 06338,137500,06338
ZCTA5 06339,106403,06339
ZCTA5 06340,81792,06340
ZCTA5 06350,40950,06350
ZCTA5 06351,82976,06351
ZCTA5 06353,-666666666,06353
ZCTA5 06354,87711,06354
ZCTA5 06355,137425,06355
ZCTA5 06357,93026,06357
ZCTA5 06359,123938,06359
ZCTA5 06360,65539,06360
ZCTA5 06365,117045,06365
ZCTA5 06370,105700,06370
ZCTA5 06371,132045,06371
ZCTA5 06373,-666666666,06373
ZCTA5 06374,71882,06374
ZCTA5 06375,111833,06375
ZCTA5 06376,156000,06376
ZCTA5 06377,97308,06377
ZCTA5 06378,135714,06378
ZCTA5 06379,95066,06379
ZCTA5 06380,63452,06380
ZCTA5 06382,89635,06382
ZCTA5 06384,106518,06384
ZCTA5 06385,100484,06385
ZCTA5 06387,108787,06387
ZCTA5 06389,-666666666,06389
ZCTA5 06390,98125,06390
ZCTA5 06401,86178,06401
ZCTA5 06403,101516,06403
ZCTA5 06405,105225,06405
ZCTA5 06409,107909,06409
ZCTA5 06410,145179,06410
ZCTA5 06412,109191,06412
ZCTA5 06413,124824,06413
ZCTA5 06414,131090,06414
ZCTA5 06415,123256,06415
ZCTA5 06416,110596,06416
ZCTA5 06417,90253,06417
ZCTA5 06418,78542,06418
ZCTA5 06419,140655,06419
ZCTA5 06420,123425,06420
ZCTA5 06422,158857,06422
ZCTA5 06423,107549,06423
ZCTA5 06424,123680,06424
ZCTA5 06426,103705,06426
ZCTA5 06437,137615,06437
ZCTA5 06438,121429,06438
ZCTA5 06439,187083,06439
ZCTA5 06441,111250,06441
ZCTA5 06442,104358,06442
ZCTA5 06443,168462,06443
ZCTA5 06444,139830,06444
ZCTA5 06447,142105,06447
ZCTA5 06450,71250,06450
ZCTA5 06451,71255,06451
ZCTA5 06455,104180,06455
ZCTA5 06456,128542,06456
ZCTA5 06457,79463,06457
ZCTA5 06459,-666666666,06459
ZCTA5 06460,104360,06460
ZCTA5 06461,133221,06461
ZCTA5 06467,-666666666,06467
ZCTA5 06468,157250,06468
ZCTA5 06469,104888,06469
ZCTA5 06470,153238,06470
ZCTA5 06471,109388,06471
ZCTA5 06472,105729,06472
ZCTA5 06473,132829,06473
ZCTA5 06475,114333,06475
ZCTA5 06477,142325,06477
ZCTA5 06478,128953,06478
ZCTA5 06479,114346,06479
ZCTA5 06480,118929,06480
ZCTA5 06481,84674,06481
ZCTA5 06482,159828,06482
ZCTA5 06483,107708,06483
ZCTA5 06484,108185,06484
ZCTA5 06488,112887,06488
ZCTA5 06489,126465,06489
ZCTA5 06492,105061,06492
ZCTA5 06498,91202,06498
ZCTA5 06510,58913,06510
ZCTA5 06511,59969,06511
ZCTA5 06512,96146,06512
ZCTA5 06513,48500,06513
ZCTA5 06514,88900,06514
ZCTA5 06515,73709,06515
ZCTA5 06516,74382,06516
ZCTA5 06517,104550,06517
ZCTA5 06518,106692,06518
ZCTA5 06519,49619,06519
ZCTA5 06524,166236,06524
ZCTA5 06525,188750,06525
ZCTA5 06604,50026,06604
ZCTA5 06605,56179,06605
ZCTA5 06606,73372,06606
ZCTA5 06607,50000,06607
ZCTA5 06608,45754,06608
ZCTA5 06610,51634,06610
ZCTA5 06611,163073,06611
ZCTA5 06612,222604,06612
ZCTA5 06614,110943,06614
ZCTA5 06615,81534,06615
ZCTA5 06702,14474,06702
ZCTA5 06704,48718,06704
ZCTA5 06705,53954,06705
ZCTA5 06706,52242,06706
ZCTA5 06708,67364,06708
ZCTA5 06710,37191,06710
ZCTA5 06712,126394,06712
ZCTA5 06716,111225,06716
ZCTA5 06750,85000,06750
ZCTA5 06751,108929,06751
ZCTA5 06752,159365,06752
ZCTA5 06753,250001,06753
ZCTA5 06754,121591,06754
ZCTA5 06755,185119,06755
ZCTA5 06756,160815,06756
ZCTA5 06757,95186,06757
ZCTA5 06758,-666666666,06758
ZCTA5 06759,105957,06759
ZCTA5 06762,133487,06762
ZCTA5 06763,109853,06763
ZCTA5 06770,96208,06770
ZCTA5 06776,104112,06776
ZCTA5 06777,94643,06777
ZCTA5 06778,81375,06778
ZCTA5 06779,95798,06779
ZCTA5 06782,124708,06782
ZCTA5 06783,123864,06783
ZCTA5 06784,116750,06784
ZCTA5 06785,118688,06785
ZCTA5 06786,87306,06786
ZCTA5 06787,103102,06787
ZCTA5 06790,70912,06790
ZCTA5 06791,129762,06791
ZCTA5 06793,121250,06793
ZCTA5 06794,96979,06794
ZCTA5 06795,104850,06795
ZCTA5 06796,106618,06796
ZCTA5 06798,131480,06798
ZCTA5 06801,116541,06801
ZCTA5 06804,148945,06804
ZCTA5 06807,192115,06807
ZCTA5 06810,76933,06810
ZCTA5 06811,104640,06811
ZCTA5 06812,137647,06812
ZCTA5 06820,250001,06820
ZCTA5 06824,193300,06824
ZCTA5 06825,135504,06825
ZCTA5 06830,146654,06830
ZCTA5 06831,227159,06831
ZCTA5 06840,250001,06840
ZCTA5 06850,123633,06850
ZCTA5 06851,111341,06851
ZCTA5 06853,250001,06853
ZCTA5 06854,86679,06854
ZCTA5 06855,106439,06855
ZCTA5 06870,250001,06870
ZCTA5 06877,179219,06877
ZCTA5 06878,250001,06878
ZCTA5 06880,250001,06880
ZCTA5 06883,250001,06883
ZCTA5 06890,218841,06890
ZCTA5 06896,186060,06896
ZCTA5 06897,242199,06897
ZCTA5 06901,102641,06901
ZCTA5 06902,94843,06902
ZCTA5 06903,204028,06903
ZCTA5 06905,136757,06905
ZCTA5 06906,93675,06906
ZCTA5 06907,106379,06907
ZCTA5 07001,101670,07001
ZCTA5 07002,83887,07002
ZCTA5 07003,103663,07003
ZCTA5 07004,115980,07004
ZCTA5 07005,132629,07005
ZCTA5 07006,149102,07006
ZCTA5 07008,97021,07008
ZCTA5 07009,151625,07009
ZCTA5 07010,93452,07010
ZCTA5 07011,74194,07011
ZCTA5 07012,101737,07012
ZCTA5 07013,116273,07013
ZCTA5 07014,119545,07014
ZCTA5 07016,155972,07016
ZCTA5 07017,58853,07017
ZCTA5 07018,62564,07018
ZCTA5 07020,124050,07020
ZCTA5 07021,250001,07021
ZCTA5 07022,63606,07022
ZCTA5 07023,195529,07023
ZCTA5 07024,107396,07024
ZCTA5 07026,79700,07026
ZCTA5 07027,110670,07027
ZCTA5 07028,247361,07028
ZCTA5 07029,88333,07029
ZCTA5 07030,180579,07030
ZCTA5 07031,94201,07031
ZCTA5 07032,79154,07032
ZCTA5 07033,118611,07033
ZCTA5 07034,104663,07034
ZCTA5 07035,123234,07035
ZCTA5 07036,91882,07036
ZCTA5 07039,229806,07039
ZCTA5 07040,173500,07040
ZCTA5 07041,202750,07041
ZCTA5 07042,122847,07042
ZCTA5 07043,250001,07043
ZCTA5 07044,161843,07044
ZCTA5 07045,185078,07045
ZCTA5 07046,250001,07046
ZCTA5 07047,78911,07047
ZCTA5 07050,52563,07050
ZCTA5 07052,129475,07052
ZCTA5 07054,104214,07054
ZCTA5 07055,55371,07055
ZCTA5 07057,85862,07057
ZCTA5 07058,127805,07058
ZCTA5 07059,212479,07059
ZCTA5 07060,78602,07060
ZCTA5 07062,98344,07062
ZCTA5 07063,93304,07063
ZCTA5 07064,133854,07064
ZCTA5 07065,91461,07065
ZCTA5 07066,133504,07066
ZCTA5 07067,122713,07067
ZCTA5 07068,164458,07068
ZCTA5 07069,171705,07069
ZCTA5 07070,143153,07070
ZCTA5 07071,111711,07071
ZCTA5 07072,115444,07072
ZCTA5 07073,97993,07073
ZCTA5 07074,90260,07074
ZCTA5 07075,136108,07075
ZCTA5 07076,183655,07076
ZCTA5 07077,108948,07077
ZCTA5 07078,250001,07078
ZCTA5 07079,195417,07079
ZCTA5 07080,130205,07080
ZCTA5 07081,155906,07081
ZCTA5 07082,205023,07082
ZCTA5 07083,121887,07083
ZCTA5 07086,127763,07086
ZCTA5 07087,64310,07087
ZCTA5 07088,93240,07088
ZCTA5 07090,232629,07090
ZCTA5 07092,211538,07092
ZCTA5 07093,73174,07093
ZCTA5 07094,139821,07094
ZCTA5 07095,104926,07095
ZCTA5 07102,38864,07102
ZCTA5 07103,51534,07103
ZCTA5 07104,53978,07104
ZCTA5 07105,59847,07105
ZCTA5 07106,53440,07106
ZCTA5 07107,51242,07107
ZCTA5 07108,36200,07108
ZCTA5 07109,90438,07109
ZCTA5 07110,119646,07110
ZCTA5 07111,61609,07111
ZCTA5 07112,58200,07112
ZCTA5 07114,36019,07114
ZCTA5 07201,60080,07201
ZCTA5 07202,71250,07202
ZCTA5 07203,92762,07203
ZCTA5 07204,109679,07204
ZCTA5 07205,99528,07205
ZCTA5 07206,68420,07206
ZCTA5 07208,65511,07208
ZCTA5 07302,175077,07302
ZCTA5 07304,70986,07304
ZCTA5 07305,76527,07305
ZCTA5 07306,74953,07306
ZCTA5 07307,83297,07307
ZCTA5 07310,183464,07310
ZCTA5 07311,202679,07311
ZCTA5 07401,160162,07401
ZCTA5 07403,128010,07403
ZCTA5 07405,135169,07405
ZCTA5 07407,101740,07407
ZCTA5 07410,144574,07410
ZCTA5 07416,93983,07416
ZCTA5 07417,236023,07417
ZCTA5 07418,156439,07418
ZCTA5 07419,100713,07419
ZCTA5 07420,109278,07420
ZCTA5 07421,129800,07421
ZCTA5 07422,108722,07422
ZCTA5 07423,250001,07423
ZCTA5 07424,105050,07424
ZCTA5 07430,131327,07430
ZCTA5 07432,146841,07432
ZCTA5 07435,145342,07435
ZCTA5 07436,161971,07436
ZCTA5 07438,123271,07438
ZCTA5 07439,105551,07439
ZCTA5 07440,147188,07440
ZCTA5 07442,124454,07442
ZCTA5 07444,117959,07444
ZCTA5 07446,160996,07446
ZCTA5 07450,208211,07450
ZCTA5 07452,215096,07452
ZCTA5 07456,152414,07456
ZCTA5 07457,102950,07457
ZCTA5 07458,244022,07458
ZCTA5 07460,145081,07460
ZCTA5 07461,106981,07461
ZCTA5 07462,95945,07462
ZCTA5 07463,177962,07463
ZCTA5 07465,115159,07465
ZCTA5 07470,153056,07470
ZCTA5 07480,132676,07480
ZCTA5 07481,203988,07481
ZCTA5 07501,44300,07501
ZCTA5 07502,76790,07502
ZCTA5 07503,60443,07503
ZCTA5 07504,76659,07504
ZCTA5 07505,36326,07505
ZCTA5 07506,110237,07506
ZCTA5 07508,95806,07508
ZCTA5 07512,113563,07512
ZCTA5 07513,68630,07513
ZCTA5 07514,70205,07514
ZCTA5 07522,48058,07522
ZCTA5 07524,49103,07524
ZCTA5 07601,84277,07601
ZCTA5 07603,103299,07603
ZCTA5 07604,123734,07604
ZCTA5 07605,129219,07605
ZCTA5 07606,84527,07606
ZCTA5 07607,117912,07607
ZCTA5 07608,24904,07608
ZCTA5 07620,246944,07620
ZCTA5 07621,130045,07621
ZCTA5 07624,190469,07624
ZCTA5 07626,170376,07626
ZCTA5 07627,208036,07627
ZCTA5 07628,126071,07628
ZCTA5 07630,155536,07630
ZCTA5 07631,102571,07631
ZCTA5 07632,230611,07632
ZCTA5 07640,180500,07640
ZCTA5 07641,236765,07641
ZCTA5 07642,186688,07642
ZCTA5 07643,85750,07643
ZCTA5 07644,89305,07644
ZCTA5 07645,178269,07645
ZCTA5 07646,114889,07646
ZCTA5 07647,128542,07647
ZCTA5 07648,178311,07648
ZCTA5 07649,221322,07649
ZCTA5 07650,94743,07650
ZCTA5 07652,144349,07652
ZCTA5 07656,171029,07656
ZCTA5 07657,118059,07657
ZCTA5 07660,100718,07660
ZCTA5 07661,159028,07661
ZCTA5 07662,110380,07662
ZCTA5 07663,129073,07663
ZCTA5 07666,144075,07666
ZCTA5 07670,208200,07670
ZCTA5 07675,183154,07675
ZCTA5 07676,180133,07676
ZCTA5 07677,213981,07677
ZCTA5 07701,112143,07701
ZCTA5 07702,178958,07702
ZCTA5 07703,-666666666,07703
ZCTA5 07704,250001,07704
ZCTA5 07711,112404,07711
ZCTA5 07712,96725,07712
ZCTA5 07716,126591,07716
ZCTA5 07717,122635,07717
ZCTA5 07718,131531,07718
ZCTA5 07719,119828,07719
ZCTA5 07720,97005,07720
ZCTA5 07721,123060,07721
ZCTA5 07722,198994,07722
ZCTA5 07723,160000,07723
ZCTA5 07724,102756,07724
ZCTA5 07726,149197,07726
ZCTA5 07727,129931,07727
ZCTA5 07728,114072,07728
ZCTA5 07730,125338,07730
ZCTA5 07731,134056,07731
ZCTA5 07732,91875,07732
ZCTA5 07733,166849,07733
ZCTA5 07734,82029,07734
ZCTA5 07735,97536,07735
ZCTA5 07737,139318,07737
ZCTA5 07738,189000,07738
ZCTA5 07739,240853,07739
ZCTA5 07740,79870,07740
ZCTA5 07746,207689,07746
ZCTA5 07747,124383,07747
ZCTA5 07748,152981,07748
ZCTA5 07750,150188,07750
ZCTA5 07751,181205,07751
ZCTA5 07753,95712,07753
ZCTA5 07755,134338,07755
ZCTA5 07756,89286,07756
ZCTA5 07757,126094,07757
ZCTA5 07758,115298,07758
ZCTA5 07760,226635,07760
ZCTA5 07762,116295,07762
ZCTA5 07764,114271,07764
ZCTA5 07801,84517,07801
ZCTA5 07803,119583,07803
ZCTA5 07820,-666666666,07820
ZCTA5 07821,141860,07821
ZCTA5 07822,114545,07822
ZCTA5 07823,85522,07823
ZCTA5 07825,123785,07825
ZCTA5 07826,116598,07826
ZCTA5 07827,101444,07827
ZCTA5 07828,103320,07828
ZCTA5 07830,180852,07830
ZCTA5 07831,-666666666,07831
ZCTA5 07832,106424,07832
ZCTA5 07833,-666666666,07833
ZCTA5 07834,156902,07834
ZCTA5 07836,151915,07836
ZCTA5 07838,121599,07838
ZCTA5 07840,105866,07840
ZCTA5 07842,-666666666,07842
ZCTA5 07843,108651,07843
ZCTA5 07844,80221,07844
ZCTA5 07846,99792,07846
ZCTA5 07847,85327,07847
ZCTA5 07848,128317,07848
ZCTA5 07849,117298,07849
ZCTA5 07850,106806,07850
ZCTA5 07851,108419,07851
ZCTA5 07852,119539,07852
ZCTA5 07853,175792,07853
ZCTA5 07856,92466,07856
ZCTA5 07857,85898,07857
ZCTA5 07860,110045,07860
ZCTA5 07863,94167,07863
ZCTA5 07865,108056,07865
ZCTA5 07866,131403,07866
ZCTA5 07869,169497,07869
ZCTA5 07870,-666666666,07870
ZCTA5 07871,167654,07871
ZCTA5 07874,132500,07874
ZCTA5 07876,161304,07876
ZCTA5 07878,116445,07878
ZCTA5 07880,-666666666,07880
ZCTA5 07881,-666666666,07881
ZCTA5 07882,107567,07882
ZCTA5 07885,100716,07885
ZCTA5 07901,179701,07901
ZCTA5 07920,192857,07920
ZCTA5 07921,123104,07921
ZCTA5 07922,202944,07922
ZCTA5 07924,236042,07924
ZCTA5 07926,250001,07926
ZCTA5 07927,170400,07927
ZCTA5 07928,220982,07928
ZCTA5 07930,240954,07930
ZCTA5 07931,201078,07931
ZCTA5 07932,156458,07932
ZCTA5 07933,-666666666,07933
ZCTA5 07934,245429,07934
ZCTA5 07935,106979,07935
ZCTA5 07936,149583,07936
ZCTA5 07939,-666666666,07939
ZCTA5 07940,172708,07940
ZCTA5 07945,250001,07945
ZCTA5 07946,208587,07946
ZCTA5 07950,153762,07950
ZCTA5 07960,160334,07960
ZCTA5 07961,-666666666,07961
ZCTA5 07970,250001,07970
ZCTA5 07974,172894,07974
ZCTA5 07976,247697,07976
ZCTA5 07977,150875,07977
ZCTA5 07979,-666666666,07979
ZCTA5 07980,162955,07980
ZCTA5 07981,149893,07981
ZCTA5 08001,134583,08001
ZCTA5 08002,100951,08002
ZCTA5 08003,155059,08003
ZCTA5 08004,111738,08004
ZCTA5 08005,93584,08005
ZCTA5 08006,125417,08006
ZCTA5 08007,99565,08007
ZCTA5 08008,120054,08008
ZCTA5 08009,101184,08009
ZCTA5 08010,88037,08010
ZCTA5 08011,-666666666,08011
ZCTA5 08012,95451,08012
ZCTA5 08014,-666666666,08014
ZCTA5 08015,80889,08015
ZCTA5 08016,98463,08016
ZCTA5 08019,172500,08019
ZCTA5 08020,134490,08020
ZCTA5 08021,68044,08021
ZCTA5 08022,117679,08022
ZCTA5 08023,65944,08023
ZCTA5 08026,100313,08026
ZCTA5 08027,92128,08027
ZCTA5 08028,89130,08028
ZCTA5 08029,98184,08029
ZCTA5 08030,63384,08030
ZCTA5 08031,76654,08031
ZCTA5 08032,198274,08032
ZCTA5 08033,151181,08033
ZCTA5 08034,114012,08034
ZCTA5 08035,131528,08035
ZCTA5 08036,142899,08036
ZCTA5 08037,81312,08037
ZCTA5 08038,90179,08038
ZCTA5 08039,-666666666,08039
ZCTA5 08041,99688,08041
ZCTA5 08042,170912,08042
ZCTA5 08043,105473,08043
ZCTA5 08045,71607,08045
ZCTA5 08046,98178,08046
ZCTA5 08048,113440,08048
ZCTA5 08049,103191,08049
ZCTA5 08050,115676,08050
ZCTA5 08051,92071,08051
ZCTA5 08052,79087,08052
ZCTA5 08053,118670,08053
ZCTA5 08054,118802,08054
ZCTA5 08055,155710,08055
ZCTA5 08056,171389,08056
ZCTA5 08057,158770,08057
ZCTA5 08059,89375,08059
ZCTA5 08060,109292,08060
ZCTA5 08061,150658,08061
ZCTA5 08062,157009,08062
ZCTA5 08063,83074,08063
ZCTA5 08064,-666666666,08064
ZCTA5 08065,89574,08065
ZCTA5 08066,65070,08066
ZCTA5 08067,111912,08067
ZCTA5 08068,83194,08068
ZCTA5 08069,71942,08069
ZCTA5 08070,75697,08070
ZCTA5 08071,100085,08071
ZCTA5 08072,68203,08072
ZCTA5 08073,-666666666,08073
ZCTA5 08074,-666666666,08074
ZCTA5 08075,94407,08075
ZCTA5 08077,128271,08077
ZCTA5 08078,86741,08078
ZCTA5 08079,54641,08079
ZCTA5 08080,122262,08080
ZCTA5 08081,105800,08081
ZCTA5 08083,96653,08083
ZCTA5 08084,98427,08084
ZCTA5 08085,134762,08085
ZCTA5 08086,97413,08086
ZCTA5 08087,91677,08087
ZCTA5 08088,110000,08088
ZCTA5 08089,115117,08089
ZCTA5 08090,115701,08090
ZCTA5 08091,75238,08091
ZCTA5 08092,110509,08092
ZCTA5 08093,64104,08093
ZCTA5 08094,96699,08094
ZCTA5 08095,-666666666,08095
ZCTA5 08096,89013,08096
ZCTA5 08097,119042,08097
ZCTA5 08098,110913,08098
ZCTA5 08102,33852,08102
ZCTA5 08103,36793,08103
ZCTA5 08104,38170,08104
ZCTA5 08105,45974,08105
ZCTA5 08106,111002,08106
ZCTA5 08107,80833,08107
ZCTA5 08108,108151,08108
ZCTA5 08109,90242,08109
ZCTA5 08110,83729,08110
ZCTA5 08201,71321,08201
ZCTA5 08202,146071,08202
ZCTA5 08203,97250,08203
ZCTA5 08204,82466,08204
ZCTA5 08205,93370,08205
ZCTA5 08210,90013,08210
ZCTA5 08212,86125,08212
ZCTA5 08215,80893,08215
ZCTA5 08217,-666666666,08217
ZCTA5 08221,156354,08221
ZCTA5 08223,107131,08223
ZCTA5 08224,96250,08224
ZCTA5 08225,111599,08225
ZCTA5 08226,101782,08226
ZCTA5 08230,115152,08230
ZCTA5 08232,53899,08232
ZCTA5 08234,98217,08234
ZCTA5 08240,-666666666,08240
ZCTA5 08241,123438,08241
ZCTA5 08242,93250,08242
ZCTA5 08243,108359,08243
ZCTA5 08244,70255,08244
ZCTA5 08245,-666666666,08245
ZCTA5 08246,-666666666,08246
ZCTA5 08247,167917,08247
ZCTA5 08248,108953,08248
ZCTA5 08251,83637,08251
ZCTA5 08260,79699,08260
ZCTA5 08270,99592,08270
ZCTA5 08302,65516,08302
ZCTA5 08310,42442,08310
ZCTA5 08311,86324,08311
ZCTA5 08312,89294,08312
ZCTA5 08314,88077,08314
ZCTA5 08316,79306,08316
ZCTA5 08317,106696,08317
ZCTA5 08318,92558,08318
ZCTA5 08319,100278,08319
ZCTA5 08320,-666666666,08320
ZCTA5 08321,105074,08321
ZCTA5 08322,121686,08322
ZCTA5 08323,83125,08323
ZCTA5 08324,89950,08324
ZCTA5 08326,79583,08326
ZCTA5 08327,61528,08327
ZCTA5 08328,101583,08328
ZCTA5 08329,65694,08329
ZCTA5 08330,77167,08330
ZCTA5 08332,67496,08332
ZCTA5 08340,62750,08340
ZCTA5 08341,68830,08341
ZCTA5 08343,141842,08343
ZCTA5 08344,85938,08344
ZCTA5 08345,67250,08345
ZCTA5 08346,80381,08346
ZCTA5 08348,-666666666,08348
ZCTA5 08349,64861,08349
ZCTA5 08350,158271,08350
ZCTA5 08352,64688,08352
ZCTA5 08353,70625,08353
ZCTA5 08360,65359,08360
ZCTA5 08361,99050,08361
ZCTA5 08401,41126,08401
ZCTA5 08402,121800,08402
ZCTA5 08403,110625,08403
ZCTA5 08406,69099,08406
ZCTA5 08501,146182,08501
ZCTA5 08502,227242,08502
ZCTA5 08505,112845,08505
ZCTA5 08510,225966,08510
ZCTA5 08511,80952,08511
ZCTA5 08512,118587,08512
ZCTA5 08514,134038,08514
ZCTA5 08515,208836,08515
ZCTA5 08518,97045,08518
ZCTA5 08520,118010,08520
ZCTA5 08525,165324,08525
ZCTA5 08527,115487,08527
ZCTA5 08528,-666666666,08528
ZCTA5 08530,120467,08530
ZCTA5 08533,113583,08533
ZCTA5 08534,175573,08534
ZCTA5 08535,209732,08535
ZCTA5 08536,137607,08536
ZCTA5 08540,176983,08540
ZCTA5 08542,105524,08542
ZCTA5 08544,-666666666,08544
ZCTA5 08550,224213,08550
ZCTA5 08551,162617,08551
ZCTA5 08553,148056,08553
ZCTA5 08554,89242,08554
ZCTA5 08555,110000,08555
ZCTA5 08558,236016,08558
ZCTA5 08559,179600,08559
ZCTA5 08560,128516,08560
ZCTA5 08561,-666666666,08561
ZCTA5 08562,103493,08562
ZCTA5 08608,61201,08608
ZCTA5 08609,68238,08609
ZCTA5 08610,83906,08610
ZCTA5 08611,56788,08611
ZCTA5 08618,50390,08618
ZCTA5 08619,105946,08619
ZCTA5 08620,105368,08620
ZCTA5 08628,108158,08628
ZCTA5 08629,82646,08629
ZCTA5 08638,66875,08638
ZCTA5 08640,92303,08640
ZCTA5 08641,74071,08641
ZCTA5 08648,125514,08648
ZCTA5 08690,127339,08690
ZCTA5 08691,132520,08691
ZCTA5 08701,64959,08701
ZCTA5 08720,224671,08720
ZCTA5 08721,105273,08721
ZCTA5 08722,106858,08722
ZCTA5 08723,108643,08723
ZCTA5 08724,103127,08724
ZCTA5 08730,172250,08730
ZCTA5 08731,98582,08731
ZCTA5 08732,110000,08732
ZCTA5 08733,85750,08733
ZCTA5 08734,116000,08734
ZCTA5 08735,76974,08735
ZCTA5 08736,174097,08736
ZCTA5 08738,250001,08738
ZCTA5 08740,69397,08740
ZCTA5 08741,143094,08741
ZCTA5 08742,123152,08742
ZCTA5 08750,134167,08750
ZCTA5 08751,77448,08751
ZCTA5 08752,78750,08752
ZCTA5 08753,105224,08753
ZCTA5 08755,87575,08755
ZCTA5 08757,58319,08757
ZCTA5 08758,96900,08758
ZCTA5 08759,52178,08759
ZCTA5 08801,149839,08801
ZCTA5 08802,135689,08802
ZCTA5 08804,107333,08804
ZCTA5 08805,93341,08805
ZCTA5 08807,168696,08807
ZCTA5 08809,131250,08809
ZCTA5 08810,151902,08810
ZCTA5 08812,118316,08812
ZCTA5 08816,143586,08816
ZCTA5 08817,110808,08817
ZCTA5 08820,171363,08820
ZCTA5 08821,155833,08821
ZCTA5 08822,137788,08822
ZCTA5 08823,115597,08823
ZCTA5 08824,174776,08824
ZCTA5 08825,101774,08825
ZCTA5 08826,123750,08826
ZCTA5 08827,135625,08827
ZCTA5 08828,98952,08828
ZCTA5 08829,112467,08829
ZCTA5 08830,109500,08830
ZCTA5 08831,109042,08831
ZCTA5 08832,-666666666,08832
ZCTA5 08833,172454,08833
ZCTA5 08835,93333,08835
ZCTA5 08836,229726,08836
ZCTA5 08837,102605,08837
ZCTA5 08840,146635,08840
ZCTA5 08844,153556,08844
ZCTA5 08846,105000,08846
ZCTA5 08848,138614,08848
ZCTA5 08850,141601,08850
ZCTA5 08852,133209,08852
ZCTA5 08853,220725,08853
ZCTA5 08854,127806,08854
ZCTA5 08857,109312,08857
ZCTA5 08858,-666666666,08858
ZCTA5 08859,99882,08859
ZCTA5 08861,64491,08861
ZCTA5 08863,115861,08863
ZCTA5 08865,79949,08865
ZCTA5 08867,204583,08867
ZCTA5 08869,107672,08869
ZCTA5 08872,97489,08872
ZCTA5 08873,124972,08873
ZCTA5 08876,122884,08876
ZCTA5 08879,92786,08879
ZCTA5 08880,112961,08880
ZCTA5 08882,96147,08882
ZCTA5 08884,104702,08884
ZCTA5 08886,161168,08886
ZCTA5 08887,109333,08887
ZCTA5 08889,157781,08889
ZCTA5 08890,-666666666,08890
ZCTA5 08901,65810,08901
ZCTA5 08902,121071,08902
ZCTA5 08904,104694,08904
ZCTA5 10001,129852,10001
ZCTA5 10002,48386,10002
ZCTA5 10003,154262,10003
ZCTA5 10004,250001,10004
ZCTA5 10005,190233,10005
ZCTA5 10006,190170,10006
ZCTA5 10007,250001,10007
ZCTA5 10009,92876,10009
ZCTA5 10010,144969,10010
ZCTA5 10011,145987,10011
ZCTA5 10012,137106,10012
ZCTA5 10013,161154,10013
ZCTA5 10014,176395,10014
ZCTA5 10016,140381,10016
ZCTA5 10017,136705,10017
ZCTA5 10018,145958,10018
ZCTA5 10019,128559,10019
ZCTA5 10020,-666666666,10020
ZCTA5 10021,158677,10021
ZCTA5 10022,172026,10022
ZCTA5 10023,159874,10023
ZCTA5 10024,181560,10024
ZCTA5 10025,108940,10025
ZCTA5 10026,81244,10026
ZCTA5 10027,59587,10027
ZCTA5 10028,175121,10028
ZCTA5 10029,38695,10029
ZCTA5 10030,39802,10030
ZCTA5 10031,65283,10031
ZCTA5 10032,56829,10032
ZCTA5 10033,75040,10033
ZCTA5 10034,67754,10034
ZCTA5 10035,45121,10035
ZCTA5 10036,95638,10036
ZCTA5 10037,49153,10037
ZCTA5 10038,105419,10038
ZCTA5 10039,45371,10039
ZCTA5 10040,65516,10040
ZCTA5 10044,103347,10044
ZCTA5 10065,155331,10065
ZCTA5 10069,233636,10069
ZCTA5 10075,155902,10075
ZCTA5 10103,-666666666,10103
ZCTA5 10110,-666666666,10110
ZCTA5 10111,-666666666,10111
ZCTA5 10112,-666666666,10112
ZCTA5 10115,-666666666,10115
ZCTA5 10119,-666666666,10119
ZCTA5 10128,147772,10128
ZCTA5 10152,-666666666,10152
ZCTA5 10153,-666666666,10153
ZCTA5 10154,-666666666,10154
ZCTA5 10162,114139,10162
ZCTA5 10165,-666666666,10165
ZCTA5 10167,-666666666,10167
ZCTA5 10168,-666666666,10168
ZCTA5 10169,-666666666,10169
ZCTA5 10170,-666666666,10170
ZCTA5 10171,-666666666,10171
ZCTA5 10172,-666666666,10172
ZCTA5 10173,-666666666,10173
ZCTA5 10174,-666666666,10174
ZCTA5 10177,-666666666,10177
ZCTA5 10199,-666666666,10199
ZCTA5 10271,-666666666,10271
ZCTA5 10278,-666666666,10278
ZCTA5 10279,250001,10279
ZCTA5 10280,206299,10280
ZCTA5 10282,250001,10282
ZCTA5 10301,85609,10301
ZCTA5 10302,78263,10302
ZCTA5 10303,83947,10303
ZCTA5 10304,71561,10304
ZCTA5 10305,83413,10305
ZCTA5 10306,96866,10306
ZCTA5 10307,147184,10307
ZCTA5 10308,125850,10308
ZCTA5 10309,116098,10309
ZCTA5 10310,106250,10310
ZCTA5 10311,-666666666,10311
ZCTA5 10312,110719,10312
ZCTA5 10314,104613,10314
ZCTA5 10451,38770,10451
ZCTA5 10452,41288,10452
ZCTA5 10453,33186,10453
ZCTA5 10454,24086,10454
ZCTA5 10455,36115,10455
ZCTA5 10456,34954,10456
ZCTA5 10457,42683,10457
ZCTA5 10458,40800,10458
ZCTA5 10459,38006,10459
ZCTA5 10460,36309,10460
ZCTA5 10461,67028,10461
ZCTA5 10462,60966,10462
ZCTA5 10463,74974,10463
ZCTA5 10464,103125,10464
ZCTA5 10465,87985,10465
ZCTA5 10466,65969,10466
ZCTA5 10467,49330,10467
ZCTA5 10468,46233,10468
ZCTA5 10469,76020,10469
ZCTA5 10470,90046,10470
ZCTA5 10471,103046,10471
ZCTA5 10472,41039,10472
ZCTA5 10473,52462,10473
ZCTA5 10474,41586,10474
ZCTA5 10475,62712,10475
ZCTA5 10501,220449,10501
ZCTA5 10502,250001,10502
ZCTA5 10503,243036,10503
ZCTA5 10504,250001,10504
ZCTA5 10505,153426,10505
ZCTA5 10506,250001,10506
ZCTA5 10507,107270,10507
ZCTA5 10509,116831,10509
ZCTA5 10510,220771,10510
ZCTA5 10511,128218,10511
ZCTA5 10512,117701,10512
ZCTA5 10514,250001,10514
ZCTA5 10516,140225,10516
ZCTA5 10517,117009,10517
ZCTA5 10518,250001,10518
ZCTA5 10519,-666666666,10519
ZCTA5 10520,142791,10520
ZCTA5 10522,165417,10522
ZCTA5 10523,118438,10523
ZCTA5 10524,146250,10524
ZCTA5 10526,250001,10526
ZCTA5 10527,250001,10527
ZCTA5 10528,154416,10528
ZCTA5 10530,121722,10530
ZCTA5 10532,141157,10532
ZCTA5 10533,174038,10533
ZCTA5 10535,66189,10535
ZCTA5 10536,250001,10536
ZCTA5 10537,132117,10537
ZCTA5 10538,207969,10538
ZCTA5 10540,-666666666,10540
ZCTA5 10541,138617,10541
ZCTA5 10542,-666666666,10542
ZCTA5 10543,126417,10543
ZCTA5 10545,-666666666,10545
ZCTA5 10546,206750,10546
ZCTA5 10547,162605,10547
ZCTA5 10548,142273,10548
ZCTA5 10549,133988,10549
ZCTA5 10550,60701,10550
ZCTA5 10552,96717,10552
ZCTA5 10553,84478,10553
ZCTA5 10560,193906,10560
ZCTA5 10562,115697,10562
ZCTA5 10566,85954,10566
ZCTA5 10567,144194,10567
ZCTA5 10570,183833,10570
ZCTA5 10573,105686,10573
ZCTA5 10576,250001,10576
ZCTA5 10577,250001,10577
ZCTA5 10578,250001,10578
ZCTA5 10579,132500,10579
ZCTA5 10580,250001,10580
ZCTA5 10583,250001,10583
ZCTA5 10588,178977,10588
ZCTA5 10589,129214,10589
ZCTA5 10590,211734,10590
ZCTA5 10591,104984,10591
ZCTA5 10594,163542,10594
ZCTA5 10595,123438,10595
ZCTA5 10596,98091,10596
ZCTA5 10597,244853,10597
ZCTA5 10598,173573,10598
ZCTA5 10601,85859,10601
ZCTA5 10603,121026,10603
ZCTA5 10604,117014,10604
ZCTA5 10605,148982,10605
ZCTA5 10606,112270,10606
ZCTA5 10607,168603,10607
ZCTA5 10701,64776,10701
ZCTA5 10703,89773,10703
ZCTA5 10704,106786,10704
ZCTA5 10705,67918,10705
ZCTA5 10706,190833,10706
ZCTA5 10707,130957,10707
ZCTA5 10708,126343,10708
ZCTA5 10709,170417,10709
ZCTA5 10710,108845,10710
ZCTA5 10801,85573,10801
ZCTA5 10803,215208,10803
ZCTA5 10804,250001,10804
ZCTA5 10805,102109,10805
ZCTA5 10901,108041,10901
ZCTA5 10910,-666666666,10910
ZCTA5 10911,-666666666,10911
ZCTA5 10913,175357,10913
ZCTA5 10914,160132,10914
ZCTA5 10915,-666666666,10915
ZCTA5 10916,135556,10916
ZCTA5 10917,121944,10917
ZCTA5 10918,140550,10918
ZCTA5 10919,108859,10919
ZCTA5 10920,145567,10920
ZCTA5 10921,115221,10921
ZCTA5 10922,123406,10922
ZCTA5 10923,100469,10923
ZCTA5 10924,110938,10924
ZCTA5 10925,80321,10925
ZCTA5 10926,94279,10926
ZCTA5 10927,75167,10927
ZCTA5 10928,102347,10928
ZCTA5 10930,120098,10930
ZCTA5 10931,83365,10931
ZCTA5 10932,-666666666,10932
ZCTA5 10933,-666666666,10933
ZCTA5 10940,87080,10940
ZCTA5 10941,99238,10941
ZCTA5 10950,78931,10950
ZCTA5 10952,64332,10952
ZCTA5 10953,-666666666,10953
ZCTA5 10954,116332,10954
ZCTA5 10956,177952,10956
ZCTA5 10958,147898,10958
ZCTA5 10960,125789,10960
ZCTA5 10962,148500,10962
ZCTA5 10963,82989,10963
ZCTA5 10964,187396,10964
ZCTA5 10965,132660,10965
ZCTA5 10968,145000,10968
ZCTA5 10969,126875,10969
ZCTA5 10970,120186,10970
ZCTA5 10973,117167,10973
ZCTA5 10974,117596,10974
ZCTA5 10975,81250,10975
ZCTA5 10976,85893,10976
ZCTA5 10977,74451,10977
ZCTA5 10979,-666666666,10979
ZCTA5 10980,126284,10980
ZCTA5 10983,160170,10983
ZCTA5 10984,121250,10984
ZCTA5 10985,-666666666,10985
ZCTA5 10986,-666666666,10986
ZCTA5 10987,152031,10987
ZCTA5 10988,117321,10988
ZCTA5 10989,134267,10989
ZCTA5 10990,125870,10990
ZCTA5 10992,112353,10992
ZCTA5 10993,66189,10993
ZCTA5 10994,170307,10994
ZCTA5 10996,135333,10996
ZCTA5 10998,129348,10998
ZCTA5 11001,150000,11001
ZCTA5 11003,124115,11003
ZCTA5 11004,115360,11004
ZCTA5 11005,89931,11005
ZCTA5 11010,142321,11010
ZCTA5 11020,167148,11020
ZCTA5 11021,120230,11021
ZCTA5 11023,141003,11023
ZCTA5 11024,175300,11024
ZCTA5 11030,234966,11030
ZCTA5 11040,154696,11040
ZCTA5 11042,-666666666,11042
ZCTA5 11050,154225,11050
ZCTA5 11096,93421,11096
ZCTA5 11101,121062,11101
ZCTA5 11102,96617,11102
ZCTA5 11103,93324,11103
ZCTA5 11104,80709,11104
ZCTA5 11105,102012,11105
ZCTA5 11106,84867,11106
ZCTA5 11109,204885,11109
ZCTA5 11201,173136,11201
ZCTA5 11203,67897,11203
ZCTA5 11204,69479,11204
ZCTA5 11205,93887,11205
ZCTA5 11206,61430,11206
ZCTA5 11207,56523,11207
ZCTA5 11208,62077,11208
ZCTA5 11209,93854,11209
ZCTA5 11210,83692,11210
ZCTA5 11211,107506,11211
ZCTA5 11212,41355,11212
ZCTA5 11213,65127,11213
ZCTA5 11214,65895,11214
ZCTA5 11215,185865,11215
ZCTA5 11216,101277,11216
ZCTA5 11217,162863,11217
ZCTA5 11218,97366,11218
ZCTA5 11219,58347,11219
ZCTA5 11220,69883,11220
ZCTA5 11221,85736,11221
ZCTA5 11222,125734,11222
ZCTA5 11223,63368,11223
ZCTA5 11224,43648,11224
ZCTA5 11225,88568,11225
ZCTA5 11226,81014,11226
ZCTA5 11228,83665,11228
ZCTA5 11229,70603,11229
ZCTA5 11230,70027,11230
ZCTA5 11231,139930,11231
ZCTA5 11232,90891,11232
ZCTA5 11233,62411,11233
ZCTA5 11234,97479,11234
ZCTA5 11235,59661,11235
ZCTA5 11236,81464,11236
ZCTA5 11237,85196,11237
ZCTA5 11238,134523,11238
ZCTA5 11239,38015,11239
ZCTA5 11249,123047,11249
ZCTA5 11354,66010,11354
ZCTA5 11355,55326,11355
ZCTA5 11356,86730,11356
ZCTA5 11357,96988,11357
ZCTA5 11358,88165,11358
ZCTA5 11359,-666666666,11359
ZCTA5 11360,98875,11360
ZCTA5 11361,105932,11361
ZCTA5 11362,122090,11362
ZCTA5 11363,125015,11363
ZCTA5 11364,98359,11364
ZCTA5 11365,81258,11365
ZCTA5 11366,135373,11366
ZCTA5 11367,75061,11367
ZCTA5 11368,72270,11368
ZCTA5 11369,80297,11369
ZCTA5 11370,76009,11370
ZCTA5 11371,-666666666,11371
ZCTA5 11372,78606,11372
ZCTA5 11373,71480,11373
ZCTA5 11374,90631,11374
ZCTA5 11375,105904,11375
ZCTA5 11377,73073,11377
ZCTA5 11378,85830,11378
ZCTA5 11379,93558,11379
ZCTA5 11385,88838,11385
ZCTA5 11411,116458,11411
ZCTA5 11412,97979,11412
ZCTA5 11413,118440,11413
ZCTA5 11414,95051,11414
ZCTA5 11415,86394,11415
ZCTA5 11416,81188,11416
ZCTA5 11417,87006,11417
ZCTA5 11418,90156,11418
ZCTA5 11419,93399,11419
ZCTA5 11420,100006,11420
ZCTA5 11421,90685,11421
ZCTA5 11422,114697,11422
ZCTA5 11423,80054,11423
ZCTA5 11424,-666666666,11424
ZCTA5 11426,103533,11426
ZCTA5 11427,88980,11427
ZCTA5 11428,91296,11428
ZCTA5 11429,102880,11429
ZCTA5 11430,-666666666,11430
ZCTA5 11432,74096,11432
ZCTA5 11433,77519,11433
ZCTA5 11434,77598,11434
ZCTA5 11435,79710,11435
ZCTA5 11436,88047,11436
ZCTA5 11439,-666666666,11439
ZCTA5 11451,-666666666,11451
ZCTA5 11501,137665,11501
ZCTA5 11507,164028,11507
ZCTA5 11509,168537,11509
ZCTA5 11510,147319,11510
ZCTA5 11514,151964,11514
ZCTA5 11516,104331,11516
ZCTA5 11518,117052,11518
ZCTA5 11520,121748,11520
ZCTA5 11530,228143,11530
ZCTA5 11542,93242,11542
ZCTA5 11545,182528,11545
ZCTA5 11547,95972,11547
ZCTA5 11548,122250,11548
ZCTA5 11549,-666666666,11549
ZCTA5 11550,92677,11550
ZCTA5 11552,155154,11552
ZCTA5 11553,121127,11553
ZCTA5 11554,133971,11554
ZCTA5 11556,-666666666,11556
ZCTA5 11557,176274,11557
ZCTA5 11558,111032,11558
ZCTA5 11559,142830,11559
ZCTA5 11560,163750,11560
ZCTA5 11561,141629,11561
ZCTA5 11563,136887,11563
ZCTA5 11565,148049,11565
ZCTA5 11566,177079,11566
ZCTA5 11568,250001,11568
ZCTA5 11569,81635,11569
ZCTA5 11570,157163,11570
ZCTA5 11572,148790,11572
ZCTA5 11575,126146,11575
ZCTA5 11576,216250,11576
ZCTA5 11577,182674,11577
ZCTA5 11579,193590,11579
ZCTA5 11580,137402,11580
ZCTA5 11581,142233,11581
ZCTA5 11590,152960,11590
ZCTA5 11596,163833,11596
ZCTA5 11598,190074,11598
ZCTA5 11691,56135,11691
ZCTA5 11692,49720,11692
ZCTA5 11693,68449,11693
ZCTA5 11694,111011,11694
ZCTA5 11697,122667,11697
ZCTA5 11701,117033,11701
ZCTA5 11702,137652,11702
ZCTA5 11703,137158,11703
ZCTA5 11704,129195,11704
ZCTA5 11705,164300,11705
ZCTA5 11706,119603,11706
ZCTA5 11709,149191,11709
ZCTA5 11710,173054,11710
ZCTA5 11713,108173,11713
ZCTA5 11714,120172,11714
ZCTA5 11715,163125,11715
ZCTA5 11716,128889,11716
ZCTA5 11718,218000,11718
ZCTA5 11719,126250,11719
ZCTA5 11720,134898,11720
ZCTA5 11721,197179,11721
ZCTA5 11722,114049,11722
ZCTA5 11724,250001,11724
ZCTA5 11725,168281,11725
ZCTA5 11726,128425,11726
ZCTA5 11727,103287,11727
ZCTA5 11729,136939,11729
ZCTA5 11730,145652,11730
ZCTA5 11731,161132,11731
ZCTA5 11732,148965,11732
ZCTA5 11733,173281,11733
ZCTA5 11735,139443,11735
ZCTA5 11738,140121,11738
ZCTA5 11739,164286,11739
ZCTA5 11740,152386,11740
ZCTA5 11741,144346,11741
ZCTA5 11742,125162,11742
ZCTA5 11743,183187,11743
ZCTA5 11746,164589,11746
ZCTA5 11747,159540,11747
ZCTA5 11749,116313,11749
ZCTA5 11751,116559,11751
ZCTA5 11752,151917,11752
ZCTA5 11753,175781,11753
ZCTA5 11754,123393,11754
ZCTA5 11755,119364,11755
ZCTA5 11756,146019,11756
ZCTA5 11757,127889,11757
ZCTA5 11758,154110,11758
ZCTA5 11762,169624,11762
ZCTA5 11763,120783,11763
ZCTA5 11764,146813,11764
ZCTA5 11765,196902,11765
ZCTA5 11766,153235,11766
ZCTA5 11767,152985,11767
ZCTA5 11768,172570,11768
ZCTA5 11769,123558,11769
ZCTA5 11770,123571,11770
ZCTA5 11771,157923,11771
ZCTA5 11772,105245,11772
ZCTA5 11776,120573,11776
ZCTA5 11777,150505,11777
ZCTA5 11778,126349,11778
ZCTA5 11779,112180,11779
ZCTA5 11780,144577,11780
ZCTA5 11782,147672,11782
ZCTA5 11783,176993,11783
ZCTA5 11784,104369,11784
ZCTA5 11786,163466,11786
ZCTA5 11787,143101,11787
ZCTA5 11788,149726,11788
ZCTA5 11789,131528,11789
ZCTA5 11790,171133,11790
ZCTA5 11791,202962,11791
ZCTA5 11792,146174,11792
ZCTA5 11793,167068,11793
ZCTA5 11794,-666666666,11794
ZCTA5 11795,177269,11795
ZCTA5 11796,173472,11796
ZCTA5 11797,192609,11797
ZCTA5 11801,145788,11801
ZCTA5 11803,187514,11803
ZCTA5 11804,190469,11804
ZCTA5 11901,85061,11901
ZCTA5 11930,123257,11930
ZCTA5 11931,-666666666,11931
ZCTA5 11932,173672,11932
ZCTA5 11933,74195,11933
ZCTA5 11934,170801,11934
ZCTA5 11935,143750,11935
ZCTA5 11937,129883,11937
ZCTA5 11939,102500,11939
ZCTA5 11940,138639,11940
ZCTA5 11941,123750,11941
ZCTA5 11942,93710,11942
ZCTA5 11944,85298,11944
ZCTA5 11946,133918,11946
ZCTA5 11947,-666666666,11947
ZCTA5 11948,148398,11948
ZCTA5 11949,138864,11949
ZCTA5 11950,97661,11950
ZCTA5 11951,110862,11951
ZCTA5 11952,120139,11952
ZCTA5 11953,86206,11953
ZCTA5 11954,142961,11954
ZCTA5 11955,79844,11955
ZCTA5 11956,130875,11956
ZCTA5 11957,94261,11957
ZCTA5 11958,-666666666,11958
ZCTA5 11959,88542,11959
ZCTA5 11960,240313,11960
ZCTA5 11961,76216,11961
ZCTA5 11962,-666666666,11962
ZCTA5 11963,127746,11963
ZCTA5 11964,134620,11964
ZCTA5 11965,-666666666,11965
ZCTA5 11967,111617,11967
ZCTA5 11968,156219,11968
ZCTA5 11970,-666666666,11970
ZCTA5 11971,129507,11971
ZCTA5 11972,-666666666,11972
ZCTA5 11973,-666666666,11973
ZCTA5 11975,131042,11975
ZCTA5 11976,180250,11976
ZCTA5 11977,151375,11977
ZCTA5 11978,125179,11978
ZCTA5 11980,102600,11980
ZCTA5 12007,200078,12007
ZCTA5 12008,125859,12008
ZCTA5 12009,120101,12009
ZCTA5 12010,63696,12010
ZCTA5 12015,91845,12015
ZCTA5 12017,-666666666,12017
ZCTA5 12018,126620,12018
ZCTA5 12019,112420,12019
ZCTA5 12020,107112,12020
ZCTA5 12022,96875,12022
ZCTA5 12023,112885,12023
ZCTA5 12024,-666666666,12024
ZCTA5 12025,74352,12025
ZCTA5 12027,120000,12027
ZCTA5 12028,96891,12028
ZCTA5 12029,103542,12029
ZCTA5 12031,87143,12031
ZCTA5 12032,65789,12032
ZCTA5 12033,98569,12033
ZCTA5 12035,98375,12035
ZCTA5 12036,41823,12036
ZCTA5 12037,89844,12037
ZCTA5 12040,57955,12040
ZCTA5 12041,122143,12041
ZCTA5 12042,-666666666,12042
ZCTA5 12043,64583,12043
ZCTA5 12045,-666666666,12045
ZCTA5 12046,80707,12046
ZCTA5 12047,66071,12047
ZCTA5 12051,91786,12051
ZCTA5 12052,118424,12052
ZCTA5 12053,91991,12053
ZCTA5 12054,129583,12054
ZCTA5 12056,132150,12056
ZCTA5 12057,68306,12057
ZCTA5 12058,85469,12058
ZCTA5 12059,106506,12059
ZCTA5 12060,101548,12060
ZCTA5 12061,110962,12061
ZCTA5 12062,87679,12062
ZCTA5 12063,90855,12063
ZCTA5 12064,63500,12064
ZCTA5 12065,113873,12065
ZCTA5 12066,78571,12066
ZCTA5 12067,125521,12067
ZCTA5 12068,72788,12068
ZCTA5 12069,90179,12069
ZCTA5 12070,86989,12070
ZCTA5 12071,99375,12071
ZCTA5 12072,81063,12072
ZCTA5 12074,94583,12074
ZCTA5 12075,98047,12075
ZCTA5 12076,84583,12076
ZCTA5 12077,118257,12077
ZCTA5 12078,58367,12078
ZCTA5 12082,-666666666,12082
ZCTA5 12083,83537,12083
ZCTA5 12084,91063,12084
ZCTA5 12085,-666666666,12085
ZCTA5 12086,78155,12086
ZCTA5 12087,91458,12087
ZCTA5 12090,68056,12090
ZCTA5 12092,58615,12092
ZCTA5 12093,65321,12093
ZCTA5 12094,92266,12094
ZCTA5 12095,69469,12095
ZCTA5 12106,75714,12106
ZCTA5 12108,55625,12108
ZCTA5 12110,105024,12110
ZCTA5 12115,91875,12115
ZCTA5 12116,78986,12116
ZCTA5 12117,66000,12117
ZCTA5 12118,92710,12118
ZCTA5 12120,78917,12120
ZCTA5 12121,100461,12121
ZCTA5 12122,55875,12122
ZCTA5 12123,108878,12123
ZCTA5 12124,85461,12124
ZCTA5 12125,55625,12125
ZCTA5 12130,104286,12130
ZCTA5 12131,71563,12131
ZCTA5 12132,-666666666,12132
ZCTA5 12134,77928,12134
ZCTA5 12136,148750,12136
ZCTA5 12137,83879,12137
ZCTA5 12138,75833,12138
ZCTA5 12139,71563,12139
ZCTA5 12140,138393,12140
ZCTA5 12143,95101,12143
ZCTA5 12144,90738,12144
ZCTA5 12147,85875,12147
ZCTA5 12148,141984,12148
ZCTA5 12149,50608,12149
ZCTA5 12150,79776,12150
ZCTA5 12151,98309,12151
ZCTA5 12153,89861,12153
ZCTA5 12154,106136,12154
ZCTA5 12155,62361,12155
ZCTA5 12156,108274,12156
ZCTA5 12157,75997,12157
ZCTA5 12158,97419,12158
ZCTA5 12159,128306,12159
ZCTA5 12160,69750,12160
ZCTA5 12161,123750,12161
ZCTA5 12164,62083,12164
ZCTA5 12165,65368,12165
ZCTA5 12166,94821,12166
ZCTA5 12167,53047,12167
ZCTA5 12168,88830,12168
ZCTA5 12169,43936,12169
ZCTA5 12170,102857,12170
ZCTA5 12172,86587,12172
ZCTA5 12173,76607,12173
ZCTA5 12174,51131,12174
ZCTA5 12175,90250,12175
ZCTA5 12176,63565,12176
ZCTA5 12177,92444,12177
ZCTA5 12180,75851,12180
ZCTA5 12182,56984,12182
ZCTA5 12183,59406,12183
ZCTA5 12184,98622,12184
ZCTA5 12185,110625,12185
ZCTA5 12186,112446,12186
ZCTA5 12187,78149,12187
ZCTA5 12188,92279,12188
ZCTA5 12189,65276,12189
ZCTA5 12190,74286,12190
ZCTA5 12192,106213,12192
ZCTA5 12193,108438,12193
ZCTA5 12194,91250,12194
ZCTA5 12195,148815,12195
ZCTA5 12196,110889,12196
ZCTA5 12197,77778,12197
ZCTA5 12198,113083,12198
ZCTA5 12202,52868,12202
ZCTA5 12203,83147,12203
ZCTA5 12204,74841,12204
ZCTA5 12205,91020,12205
ZCTA5 12206,41548,12206
ZCTA5 12207,58998,12207
ZCTA5 12208,70413,12208
ZCTA5 12209,89390,12209
ZCTA5 12210,55843,12210
ZCTA5 12211,156605,12211
ZCTA5 12222,-666666666,12222
ZCTA5 12226,-666666666,12226
ZCTA5 12302,98163,12302
ZCTA5 12303,84375,12303
ZCTA5 12304,69235,12304
ZCTA5 12305,53326,12305
ZCTA5 12306,83202,12306
ZCTA5 12307,24758,12307
ZCTA5 12308,63434,12308
ZCTA5 12309,125274,12309
ZCTA5 12401,69305,12401
ZCTA5 12404,77214,12404
ZCTA5 12405,97500,12405
ZCTA5 12406,71208,12406
ZCTA5 12407,63438,12407
ZCTA5 12409,116280,12409
ZCTA5 12410,-666666666,12410
ZCTA5 12411,97880,12411
ZCTA5 12412,82195,12412
ZCTA5 12413,60363,12413
ZCTA5 12414,73036,12414
ZCTA5 12416,-666666666,12416
ZCTA5 12417,120417,12417
ZCTA5 12418,98472,12418
ZCTA5 12419,121776,12419
ZCTA5 12420,120559,12420
ZCTA5 12421,100819,12421
ZCTA5 12422,91667,12422
ZCTA5 12423,75511,12423
ZCTA5 12424,54141,12424
ZCTA5 12427,-666666666,12427
ZCTA5 12428,63145,12428
ZCTA5 12429,-666666666,12429
ZCTA5 12430,68250,12430
ZCTA5 12431,80694,12431
ZCTA5 12432,48193,12432
ZCTA5 12433,96250,12433
ZCTA5 12434,48656,12434
ZCTA5 12435,112813,12435
ZCTA5 12436,108056,12436
ZCTA5 12438,78512,12438
ZCTA5 12439,102989,12439
ZCTA5 12440,106553,12440
ZCTA5 12441,55893,12441
ZCTA5 12442,36912,12442
ZCTA5 12443,104412,12443
ZCTA5 12444,77708,12444
ZCTA5 12446,85979,12446
ZCTA5 12448,-666666666,12448
ZCTA5 12449,93750,12449
ZCTA5 12450,-666666666,12450
ZCTA5 12451,56477,12451
ZCTA5 12452,-666666666,12452
ZCTA5 12453,-666666666,12453
ZCTA5 12454,88750,12454
ZCTA5 12455,85926,12455
ZCTA5 12456,63833,12456
ZCTA5 12457,90667,12457
ZCTA5 12458,64851,12458
ZCTA5 12459,-666666666,12459
ZCTA5 12460,109750,12460
ZCTA5 12461,112273,12461
ZCTA5 12463,-666666666,12463
ZCTA5 12464,-666666666,12464
ZCTA5 12465,-666666666,12465
ZCTA5 12466,78182,12466
ZCTA5 12468,51875,12468
ZCTA5 12469,99722,12469
ZCTA5 12470,86349,12470
ZCTA5 12471,-666666666,12471
ZCTA5 12472,70559,12472
ZCTA5 12473,103542,12473
ZCTA5 12474,57428,12474
ZCTA5 12475,103412,12475
ZCTA5 12477,80861,12477
ZCTA5 12480,66491,12480
ZCTA5 12481,124286,12481
ZCTA5 12482,-666666666,12482
ZCTA5 12483,2499,12483
ZCTA5 12484,119779,12484
ZCTA5 12485,67165,12485
ZCTA5 12486,96964,12486
ZCTA5 12487,95230,12487
ZCTA5 12489,-666666666,12489
ZCTA5 12490,-666666666,12490
ZCTA5 12491,100257,12491
ZCTA5 12492,150833,12492
ZCTA5 12493,105617,12493
ZCTA5 12494,145303,12494
ZCTA5 12495,-666666666,12495
ZCTA5 12496,59286,12496
ZCTA5 12498,94210,12498
ZCTA5 12501,75104,12501
ZCTA5 12502,85192,12502
ZCTA5 12503,117935,12503
ZCTA5 12504,-666666666,12504
ZCTA5 12507,116198,12507
ZCTA5 12508,92461,12508
ZCTA5 12512,99025,12512
ZCTA5 12513,60951,12513
ZCTA5 12514,120439,12514
ZCTA5 12515,103500,12515
ZCTA5 12516,128750,12516
ZCTA5 12517,153958,12517
ZCTA5 12518,101208,12518
ZCTA5 12520,136797,12520
ZCTA5 12521,75652,12521
ZCTA5 12522,76157,12522
ZCTA5 12523,54235,12523
ZCTA5 12524,99034,12524
ZCTA5 12525,110268,12525
ZCTA5 12526,97679,12526
ZCTA5 12527,-666666666,12527
ZCTA5 12528,92462,12528
ZCTA5 12529,70750,12529
ZCTA5 12530,-666666666,12530
ZCTA5 12531,129028,12531
ZCTA5 12533,141585,12533
ZCTA5 12534,72741,12534
ZCTA5 12538,86230,12538
ZCTA5 12540,111320,12540
ZCTA5 12542,121378,12542
ZCTA5 12543,75583,12543
ZCTA5 12544,-666666666,12544
ZCTA5 12545,101354,12545
ZCTA5 12546,84455,12546
ZCTA5 12547,88778,12547
ZCTA5 12548,132083,12548
ZCTA5 12549,122734,12549
ZCTA5 12550,85697,12550
ZCTA5 12553,92757,12553
ZCTA5 12561,92288,12561
ZCTA5 12563,98415,12563
ZCTA5 12564,111324,12564
ZCTA5 12565,56563,12565
ZCTA5 12566,112831,12566
ZCTA5 12567,103750,12567
ZCTA5 12569,100846,12569
ZCTA5 12570,128906,12570
ZCTA5 12571,118967,12571
ZCTA5 12572,94859,12572
ZCTA5 12574,-666666666,12574
ZCTA5 12575,142530,12575
ZCTA5 12577,124028,12577
ZCTA5 12578,108194,12578
ZCTA5 12580,134583,12580
ZCTA5 12581,80640,12581
ZCTA5 12582,133328,12582
ZCTA5 12583,79583,12583
ZCTA5 12585,99648,12585
ZCTA5 12586,87194,12586
ZCTA5 12589,120815,12589
ZCTA5 12590,102285,12590
ZCTA5 12592,71696,12592
ZCTA5 12594,144202,12594
ZCTA5 12601,63652,12601
ZCTA5 12603,103538,12603
ZCTA5 12604,-666666666,12604
ZCTA5 12701,57222,12701
ZCTA5 12719,79921,12719
ZCTA5 12720,66597,12720
ZCTA5 12721,103214,12721
ZCTA5 12722,-666666666,12722
ZCTA5 12723,77313,12723
ZCTA5 12724,-666666666,12724
ZCTA5 12725,90893,12725
ZCTA5 12726,77149,12726
ZCTA5 12729,66982,12729
ZCTA5 12732,50125,12732
ZCTA5 12733,56056,12733
ZCTA5 12734,56740,12734
ZCTA5 12736,44330,12736
ZCTA5 12737,87939,12737
ZCTA5 12738,95481,12738
ZCTA5 12740,103462,12740
ZCTA5 12741,68897,12741
ZCTA5 12742,148160,12742
ZCTA5 12743,86053,12743
ZCTA5 12745,-666666666,12745
ZCTA5 12746,69906,12746
ZCTA5 12747,71563,12747
ZCTA5 12748,86927,12748
ZCTA5 12749,175083,12749
ZCTA5 12750,-666666666,12750
ZCTA5 12751,53549,12751
ZCTA5 12752,-666666666,12752
ZCTA5 12754,67624,12754
ZCTA5 12758,68958,12758
ZCTA5 12759,41506,12759
ZCTA5 12760,90938,12760
ZCTA5 12762,87381,12762
ZCTA5 12763,55741,12763
ZCTA5 12764,67778,12764
ZCTA5 12765,-666666666,12765
ZCTA5 12766,-666666666,12766
ZCTA5 12767,-666666666,12767
ZCTA5 12768,34708,12768
ZCTA5 12769,141779,12769
ZCTA5 12770,108452,12770
ZCTA5 12771,68136,12771
ZCTA5 12775,112600,12775
ZCTA5 12776,84211,12776
ZCTA5 12777,137500,12777
ZCTA5 12778,50959,12778
ZCTA5 12779,47688,12779
ZCTA5 12780,74468,12780
ZCTA5 12781,-666666666,12781
ZCTA5 12783,67778,12783
ZCTA5 12784,-666666666,12784
ZCTA5 12785,140397,12785
ZCTA5 12786,-666666666,12786
ZCTA5 12787,43102,12787
ZCTA5 12788,62768,12788
ZCTA5 12789,71729,12789
ZCTA5 12790,79193,12790
ZCTA5 12791,74744,12791
ZCTA5 12792,-666666666,12792
ZCTA5 12801,67577,12801
ZCTA5 12803,82057,12803
ZCTA5 12804,89127,12804
ZCTA5 12808,110192,12808
ZCTA5 12809,83938,12809
ZCTA5 12810,56250,12810
ZCTA5 12811,65865,12811
ZCTA5 12812,155536,12812
ZCTA5 12814,104489,12814
ZCTA5 12815,76302,12815
ZCTA5 12816,75966,12816
ZCTA5 12817,93393,12817
ZCTA5 12819,64688,12819
ZCTA5 12820,-666666666,12820
ZCTA5 12821,-666666666,12821
ZCTA5 12822,83349,12822
ZCTA5 12823,118783,12823
ZCTA5 12824,108533,12824
ZCTA5 12827,81424,12827
ZCTA5 12828,76019,12828
ZCTA5 12831,100024,12831
ZCTA5 12832,68929,12832
ZCTA5 12833,102832,12833
ZCTA5 12834,81205,12834
ZCTA5 12835,66992,12835
ZCTA5 12836,80221,12836
ZCTA5 12837,81583,12837
ZCTA5 12838,62348,12838
ZCTA5 12839,71423,12839
ZCTA5 12841,63348,12841
ZCTA5 12842,58702,12842
ZCTA5 12843,61304,12843
ZCTA5 12844,133750,12844
ZCTA5 12845,100774,12845
ZCTA5 12846,46344,12846
ZCTA5 12847,70962,12847
ZCTA5 12849,-666666666,12849
ZCTA5 12850,92083,12850
ZCTA5 12851,73750,12851
ZCTA5 12852,108750,12852
ZCTA5 12853,57950,12853
ZCTA5 12854,-666666666,12854
ZCTA5 12855,77292,12855
ZCTA5 12856,59200,12856
ZCTA5 12857,68500,12857
ZCTA5 12858,124167,12858
ZCTA5 12859,71250,12859
ZCTA5 12860,95625,12860
ZCTA5 12861,92031,12861
ZCTA5 12862,-666666666,12862
ZCTA5 12863,96679,12863
ZCTA5 12864,-666666666,12864
ZCTA5 12865,71983,12865
ZCTA5 12866,101901,12866
ZCTA5 12870,72628,12870
ZCTA5 12871,96024,12871
ZCTA5 12872,-666666666,12872
ZCTA5 12873,103239,12873
ZCTA5 12874,158500,12874
ZCTA5 12878,63657,12878
ZCTA5 12883,65865,12883
ZCTA5 12884,37045,12884
ZCTA5 12885,59429,12885
ZCTA5 12886,127649,12886
ZCTA5 12887,56709,12887
ZCTA5 12901,60942,12901
ZCTA5 12903,77733,12903
ZCTA5 12910,53021,12910
ZCTA5 12911,-666666666,12911
ZCTA5 12912,70046,12912
ZCTA5 12913,81250,12913
ZCTA5 12914,32778,12914
ZCTA5 12915,78750,12915
ZCTA5 12916,69833,12916
ZCTA5 12917,62750,12917
ZCTA5 12918,91951,12918
ZCTA5 12919,80931,12919
ZCTA5 12920,79773,12920
ZCTA5 12921,101302,12921
ZCTA5 12922,88333,12922
ZCTA5 12923,50833,12923
ZCTA5 12924,-666666666,12924
ZCTA5 12926,56424,12926
ZCTA5 12927,68125,12927
ZCTA5 12928,82813,12928
ZCTA5 12929,62411,12929
ZCTA5 12930,68603,12930
ZCTA5 12932,56771,12932
ZCTA5 12933,-666666666,12933
ZCTA5 12934,77734,12934
ZCTA5 12935,57542,12935
ZCTA5 12936,77321,12936
ZCTA5 12937,55417,12937
ZCTA5 12939,51635,12939
ZCTA5 12941,68625,12941
ZCTA5 12942,115000,12942
ZCTA5 12943,-666666666,12943
ZCTA5 12944,72207,12944
ZCTA5 12945,80227,12945
ZCTA5 12946,77548,12946
ZCTA5 12950,82794,12950
ZCTA5 12952,52841,12952
ZCTA5 12953,68799,12953
ZCTA5 12955,78487,12955
ZCTA5 12956,69692,12956
ZCTA5 12957,54572,12957
ZCTA5 12958,63977,12958
ZCTA5 12959,54981,12959
ZCTA5 12960,64702,12960
ZCTA5 12961,-666666666,12961
ZCTA5 12962,77847,12962
ZCTA5 12964,99688,12964
ZCTA5 12965,66477,12965
ZCTA5 12966,65893,12966
ZCTA5 12967,75781,12967
ZCTA5 12969,65469,12969
ZCTA5 12970,84250,12970
ZCTA5 12972,125373,12972
ZCTA5 12973,104091,12973
ZCTA5 12974,47278,12974
ZCTA5 12975,-666666666,12975
ZCTA5 12976,61406,12976
ZCTA5 12977,-666666666,12977
ZCTA5 12978,98958,12978
ZCTA5 12979,45850,12979
ZCTA5 12980,60938,12980
ZCTA5 12981,76450,12981
ZCTA5 12983,65985,12983
ZCTA5 12985,76090,12985
ZCTA5 12986,67883,12986
ZCTA5 12987,127083,12987
ZCTA5 12989,84464,12989
ZCTA5 12992,82685,12992
ZCTA5 12993,80139,12993
ZCTA5 12996,69766,12996
ZCTA5 12997,82344,12997
ZCTA5 12998,-666666666,12998
ZCTA5 13020,92813,13020
ZCTA5 13021,60712,13021
ZCTA5 13024,-666666666,13024
ZCTA5 13026,96324,13026
ZCTA5 13027,91797,13027
ZCTA5 13028,61645,13028
ZCTA5 13029,103878,13029
ZCTA5 13030,68306,13030
ZCTA5 13031,88224,13031
ZCTA5 13032,81171,13032
ZCTA5 13033,93092,13033
ZCTA5 13034,104154,13034
ZCTA5 13035,109394,13035
ZCTA5 13036,83648,13036
ZCTA5 13037,83963,13037
ZCTA5 13039,107500,13039
ZCTA5 13040,70167,13040
ZCTA5 13041,120188,13041
ZCTA5 13042,86587,13042
ZCTA5 13044,64313,13044
ZCTA5 13045,69961,13045
ZCTA5 13051,-666666666,13051
ZCTA5 13052,76750,13052
ZCTA5 13053,83021,13053
ZCTA5 13054,94100,13054
ZCTA5 13057,80900,13057
ZCTA5 13060,64448,13060
ZCTA5 13061,75250,13061
ZCTA5 13062,-666666666,13062
ZCTA5 13063,84063,13063
ZCTA5 13065,-666666666,13065
ZCTA5 13066,122088,13066
ZCTA5 13068,80043,13068
ZCTA5 13069,63113,13069
ZCTA5 13071,85972,13071
ZCTA5 13072,48611,13072
ZCTA5 13073,71452,13073
ZCTA5 13074,81563,13074
ZCTA5 13076,95889,13076
ZCTA5 13077,72266,13077
ZCTA5 13078,119191,13078
ZCTA5 13080,83882,13080
ZCTA5 13081,93558,13081
ZCTA5 13082,82964,13082
ZCTA5 13083,71667,13083
ZCTA5 13084,91389,13084
ZCTA5 13087,97125,13087
ZCTA5 13088,75378,13088
ZCTA5 13090,88492,13090
ZCTA5 13092,78056,13092
ZCTA5 13101,63587,13101
ZCTA5 13102,-666666666,13102
ZCTA5 13103,80000,13103
ZCTA5 13104,127933,13104
ZCTA5 13108,94327,13108
ZCTA5 13110,93438,13110
ZCTA5 13111,59063,13111
ZCTA5 13112,96615,13112
ZCTA5 13113,35313,13113
ZCTA5 13114,65561,13114
ZCTA5 13115,72857,13115
ZCTA5 13116,95506,13116
ZCTA5 13117,63250,13117
ZCTA5 13118,67651,13118
ZCTA5 13119,-666666666,13119
ZCTA5 13120,55682,13120
ZCTA5 13121,-666666666,13121
ZCTA5 13122,81500,13122
ZCTA5 13123,-666666666,13123
ZCTA5 13124,90000,13124
ZCTA5 13126,65346,13126
ZCTA5 13131,70286,13131
ZCTA5 13132,72473,13132
ZCTA5 13134,72188,13134
ZCTA5 13135,87041,13135
ZCTA5 13136,51667,13136
ZCTA5 13138,95083,13138
ZCTA5 13140,61977,13140
ZCTA5 13141,80208,13141
ZCTA5 13142,73854,13142
ZCTA5 13143,61674,13143
ZCTA5 13144,64073,13144
ZCTA5 13145,60625,13145
ZCTA5 13146,61842,13146
ZCTA5 13147,74934,13147
ZCTA5 13148,65313,13148
ZCTA5 13152,104211,13152
ZCTA5 13153,158688,13153
ZCTA5 13154,-666666666,13154
ZCTA5 13155,66563,13155
ZCTA5 13156,64063,13156
ZCTA5 13157,45481,13157
ZCTA5 13158,85208,13158
ZCTA5 13159,101250,13159
ZCTA5 13160,86029,13160
ZCTA5 13162,-666666666,13162
ZCTA5 13163,78125,13163
ZCTA5 13164,84808,13164
ZCTA5 13165,59981,13165
ZCTA5 13166,78108,13166
ZCTA5 13167,85294,13167
ZCTA5 13202,27000,13202
ZCTA5 13203,46997,13203
ZCTA5 13204,45351,13204
ZCTA5 13205,38497,13205
ZCTA5 13206,63136,13206
ZCTA5 13207,60720,13207
ZCTA5 13208,44712,13208
ZCTA5 13209,68138,13209
ZCTA5 13210,41738,13210
ZCTA5 13211,66724,13211
ZCTA5 13212,81085,13212
ZCTA5 13214,98000,13214
ZCTA5 13215,113864,13215
ZCTA5 13219,85149,13219
ZCTA5 13224,76500,13224
ZCTA5 13244,-666666666,13244
ZCTA5 13290,-666666666,13290
ZCTA5 13301,126397,13301
ZCTA5 13302,55341,13302
ZCTA5 13303,89940,13303
ZCTA5 13304,108587,13304
ZCTA5 13305,-666666666,13305
ZCTA5 13308,87651,13308
ZCTA5 13309,74767,13309
ZCTA5 13310,101250,13310
ZCTA5 13312,72266,13312
ZCTA5 13313,36597,13313
ZCTA5 13314,37000,13314
ZCTA5 13315,65921,13315
ZCTA5 13316,66760,13316
ZCTA5 13317,72500,13317
ZCTA5 13318,84211,13318
ZCTA5 13319,73571,13319
ZCTA5 13320,86204,13320
ZCTA5 13321,68438,13321
ZCTA5 13322,91369,13322
ZCTA5 13323,78224,13323
ZCTA5 13324,86176,13324
ZCTA5 13325,58750,13325
ZCTA5 13326,80040,13326
ZCTA5 13327,66875,13327
ZCTA5 13328,105000,13328
ZCTA5 13329,60104,13329
ZCTA5 13331,61250,13331
ZCTA5 13332,79737,13332
ZCTA5 13333,42813,13333
ZCTA5 13334,58125,13334
ZCTA5 13335,65000,13335
ZCTA5 13337,99375,13337
ZCTA5 13338,58333,13338
ZCTA5 13339,56047,13339
ZCTA5 13340,69821,13340
ZCTA5 13342,83333,13342
ZCTA5 13343,70478,13343
ZCTA5 13345,48750,13345
ZCTA5 13346,60600,13346
ZCTA5 13348,80245,13348
ZCTA5 13350,56157,13350
ZCTA5 13352,-666666666,13352
ZCTA5 13353,82000,13353
ZCTA5 13354,101733,13354
ZCTA5 13355,53988,13355
ZCTA5 13357,63678,13357
ZCTA5 13360,107750,13360
ZCTA5 13361,92000,13361
ZCTA5 13363,94432,13363
ZCTA5 13364,80160,13364
ZCTA5 13365,66307,13365
ZCTA5 13367,67873,13367
ZCTA5 13368,62159,13368
ZCTA5 13402,74375,13402
ZCTA5 13403,86300,13403
ZCTA5 13404,-666666666,13404
ZCTA5 13406,102692,13406
ZCTA5 13407,69846,13407
ZCTA5 13408,68750,13408
ZCTA5 13409,72333,13409
ZCTA5 13410,-666666666,13410
ZCTA5 13411,55357,13411
ZCTA5 13413,95261,13413
ZCTA5 13415,83750,13415
ZCTA5 13416,85128,13416
ZCTA5 13417,59453,13417
ZCTA5 13418,91250,13418
ZCTA5 13420,109351,13420
ZCTA5 13421,65752,13421
ZCTA5 13424,84844,13424
ZCTA5 13425,65243,13425
ZCTA5 13428,76295,13428
ZCTA5 13431,76000,13431
ZCTA5 13433,50806,13433
ZCTA5 13435,46971,13435
ZCTA5 13436,73409,13436
ZCTA5 13437,48438,13437
ZCTA5 13438,69797,13438
ZCTA5 13439,65761,13439
ZCTA5 13440,68207,13440
ZCTA5 13441,-666666666,13441
ZCTA5 13450,119167,13450
ZCTA5 13452,60327,13452
ZCTA5 13454,122669,13454
ZCTA5 13455,-666666666,13455
ZCTA5 13456,93510,13456
ZCTA5 13457,45833,13457
ZCTA5 13459,65893,13459
ZCTA5 13460,61587,13460
ZCTA5 13461,88750,13461
ZCTA5 13464,56953,13464
ZCTA5 13468,62727,13468
ZCTA5 13469,94185,13469
ZCTA5 13470,75313,13470
ZCTA5 13471,70455,13471
ZCTA5 13472,-666666666,13472
ZCTA5 13473,103598,13473
ZCTA5 13475,53750,13475
ZCTA5 13476,62798,13476
ZCTA5 13477,71111,13477
ZCTA5 13478,83986,13478
ZCTA5 13480,85435,13480
ZCTA5 13482,58864,13482
ZCTA5 13483,115341,13483
ZCTA5 13484,-666666666,13484
ZCTA5 13485,62337,13485
ZCTA5 13486,60217,13486
ZCTA5 13488,52159,13488
ZCTA5 13489,89271,13489
ZCTA5 13490,135302,13490
ZCTA5 13491,72917,13491
ZCTA5 13492,82173,13492
ZCTA5 13493,63125,13493
ZCTA5 13494,104688,13494
ZCTA5 13495,66995,13495
ZCTA5 13501,52548,13501
ZCTA5 13502,57835,13502
ZCTA5 13601,58791,13601
ZCTA5 13602,-666666666,13602
ZCTA5 13603,62500,13603
ZCTA5 13605,70045,13605
ZCTA5 13606,88977,13606
ZCTA5 13607,66500,13607
ZCTA5 13608,73643,13608
ZCTA5 13611,70139,13611
ZCTA5 13612,85658,13612
ZCTA5 13613,58846,13613
ZCTA5 13614,39000,13614
ZCTA5 13615,101563,13615
ZCTA5 13616,45962,13616
ZCTA5 13617,71663,13617
ZCTA5 13618,61494,13618
ZCTA5 13619,63120,13619
ZCTA5 13620,70087,13620
ZCTA5 13621,77703,13621
ZCTA5 13622,81065,13622
ZCTA5 13623,-666666666,13623
ZCTA5 13624,87988,13624
ZCTA5 13625,80417,13625
ZCTA5 13626,64495,13626
ZCTA5 13628,58125,13628
ZCTA5 13630,63333,13630
ZCTA5 13632,132857,13632
ZCTA5 13633,65625,13633
ZCTA5 13634,92109,13634
ZCTA5 13635,71316,13635
ZCTA5 13636,58882,13636
ZCTA5 13637,57103,13637
ZCTA5 13638,62955,13638
ZCTA5 13639,21346,13639
ZCTA5 13640,118026,13640
ZCTA5 13641,61458,13641
ZCTA5 13642,49728,13642
ZCTA5 13643,100625,13643
ZCTA5 13645,-666666666,13645
ZCTA5 13646,72212,13646
ZCTA5 13647,-666666666,13647
ZCTA5 13648,60735,13648
ZCTA5 13649,156250,13649
ZCTA5 13650,94318,13650
ZCTA5 13651,116705,13651
ZCTA5 13652,67946,13652
ZCTA5 13654,74125,13654
ZCTA5 13655,52309,13655
ZCTA5 13656,72500,13656
ZCTA5 13658,69055,13658
ZCTA5 13659,63125,13659
ZCTA5 13660,68482,13660
ZCTA5 13661,82297,13661
ZCTA5 13662,59106,13662
ZCTA5 13664,78750,13664
ZCTA5 13665,51250,13665
ZCTA5 13666,38438,13666
ZCTA5 13667,59849,13667
ZCTA5 13668,63393,13668
ZCTA5 13669,70304,13669
ZCTA5 13670,36250,13670
ZCTA5 13672,76216,13672
ZCTA5 13673,81167,13673
ZCTA5 13674,-666666666,13674
ZCTA5 13675,208182,13675
ZCTA5 13676,56170,13676
ZCTA5 13678,-666666666,13678
ZCTA5 13679,101932,13679
ZCTA5 13680,80625,13680
ZCTA5 13681,46250,13681
ZCTA5 13682,79821,13682
ZCTA5 13683,-666666666,13683
ZCTA5 13684,57465,13684
ZCTA5 13685,79469,13685
ZCTA5 13687,44833,13687
ZCTA5 13690,62000,13690
ZCTA5 13691,79943,13691
ZCTA5 13692,190250,13692
ZCTA5 13693,72396,13693
ZCTA5 13694,75179,13694
ZCTA5 13695,123036,13695
ZCTA5 13696,-666666666,13696
ZCTA5 13697,75953,13697
ZCTA5 13699,-666666666,13699
ZCTA5 13730,53348,13730
ZCTA5 13731,73750,13731
ZCTA5 13732,88750,13732
ZCTA5 13733,60759,13733
ZCTA5 13734,63523,13734
ZCTA5 13736,65880,13736
ZCTA5 13738,-666666666,13738
ZCTA5 13739,64219,13739
ZCTA5 13740,80625,13740
ZCTA5 13743,51364,13743
ZCTA5 13744,61086,13744
ZCTA5 13746,62993,13746
ZCTA5 13747,-666666666,13747
ZCTA5 13748,62125,13748
ZCTA5 13750,62344,13750
ZCTA5 13751,-666666666,13751
ZCTA5 13752,66302,13752
ZCTA5 13753,70000,13753
ZCTA5 13754,61000,13754
ZCTA5 13755,64375,13755
ZCTA5 13756,71765,13756
ZCTA5 13757,73523,13757
ZCTA5 13760,66095,13760
ZCTA5 13774,70638,13774
ZCTA5 13775,78750,13775
ZCTA5 13776,80750,13776
ZCTA5 13777,65625,13777
ZCTA5 13778,73850,13778
ZCTA5 13780,77262,13780
ZCTA5 13782,62961,13782
ZCTA5 13783,51510,13783
ZCTA5 13784,76446,13784
ZCTA5 13786,54688,13786
ZCTA5 13787,66222,13787
ZCTA5 13788,100313,13788
ZCTA5 13790,59045,13790
ZCTA5 13795,56743,13795
ZCTA5 13796,88750,13796
ZCTA5 13797,67316,13797
ZCTA5 13801,69375,13801
ZCTA5 13802,-666666666,13802
ZCTA5 13803,63713,13803
ZCTA5 13804,45000,13804
ZCTA5 13806,-666666666,13806
ZCTA5 13807,77083,13807
ZCTA5 13808,67071,13808
ZCTA5 13809,52167,13809
ZCTA5 13810,93819,13810
ZCTA5 13811,78418,13811
ZCTA5 13812,82679,13812
ZCTA5 13813,107813,13813
ZCTA5 13814,-666666666,13814
ZCTA5 13815,61469,13815
ZCTA5 13820,65953,13820
ZCTA5 13825,76875,13825
ZCTA5 13826,-666666666,13826
ZCTA5 13827,72769,13827
ZCTA5 13830,62400,13830
ZCTA5 13832,78125,13832
ZCTA5 13833,60409,13833
ZCTA5 13834,37153,13834
ZCTA5 13835,66620,13835
ZCTA5 13838,53306,13838
ZCTA5 13839,54271,13839
ZCTA5 13841,58229,13841
ZCTA5 13842,88500,13842
ZCTA5 13843,79018,13843
ZCTA5 13844,61071,13844
ZCTA5 13846,32857,13846
ZCTA5 13847,-666666666,13847
ZCTA5 13849,57917,13849
ZCTA5 13850,83403,13850
ZCTA5 13856,48958,13856
ZCTA5 13859,53846,13859
ZCTA5 13860,143315,13860
ZCTA5 13861,57847,13861
ZCTA5 13862,63487,13862
ZCTA5 13863,73333,13863
ZCTA5 13864,60389,13864
ZCTA5 13865,73623,13865
ZCTA5 13901,55523,13901
ZCTA5 13902,-666666666,13902
ZCTA5 13903,66278,13903
ZCTA5 13904,53984,13904
ZCTA5 13905,53362,13905
ZCTA5 14001,75107,14001
ZCTA5 14004,90839,14004
ZCTA5 14005,105082,14005
ZCTA5 14006,65972,14006
ZCTA5 14008,77702,14008
ZCTA5 14009,62761,14009
ZCTA5 14011,74946,14011
ZCTA5 14012,72083,14012
ZCTA5 14013,72768,14013
ZCTA5 14020,62655,14020
ZCTA5 14024,86833,14024
ZCTA5 14025,115188,14025
ZCTA5 14026,88750,14026
ZCTA5 14027,-666666666,14027
ZCTA5 14028,89188,14028
ZCTA5 14029,145000,14029
ZCTA5 14030,78182,14030
ZCTA5 14031,103750,14031
ZCTA5 14032,168711,14032
ZCTA5 14033,87431,14033
ZCTA5 14034,62412,14034
ZCTA5 14035,91250,14035
ZCTA5 14036,88466,14036
ZCTA5 14037,93594,14037
ZCTA5 14039,62917,14039
ZCTA5 14040,88779,14040
ZCTA5 14041,75938,14041
ZCTA5 14042,47431,14042
ZCTA5 14043,74112,14043
ZCTA5 14047,78816,14047
ZCTA5 14048,56431,14048
ZCTA5 14051,135663,14051
ZCTA5 14052,99970,14052
ZCTA5 14054,79286,14054
ZCTA5 14055,51089,14055
ZCTA5 14056,58176,14056
ZCTA5 14057,92410,14057
ZCTA5 14058,102750,14058
ZCTA5 14059,113555,14059
ZCTA5 14060,62000,14060
ZCTA5 14061,111250,14061
ZCTA5 14062,83125,14062
ZCTA5 14063,57937,14063
ZCTA5 14065,61058,14065
ZCTA5 14066,64750,14066
ZCTA5 14067,95671,14067
ZCTA5 14068,98750,14068
ZCTA5 14069,85469,14069
ZCTA5 14070,53310,14070
ZCTA5 14072,115991,14072
ZCTA5 14075,83383,14075
ZCTA5 14080,76786,14080
ZCTA5 14081,65778,14081
ZCTA5 14082,93571,14082
ZCTA5 14083,91806,14083
ZCTA5 14085,129563,14085
ZCTA5 14086,99499,14086
ZCTA5 14091,82833,14091
ZCTA5 14092,72218,14092
ZCTA5 14094,75427,14094
ZCTA5 14098,91042,14098
ZCTA5 14101,73116,14101
ZCTA5 14102,119327,14102
ZCTA5 14103,69926,14103
ZCTA5 14105,92405,14105
ZCTA5 14108,76345,14108
ZCTA5 14109,-666666666,14109
ZCTA5 14111,90700,14111
ZCTA5 14112,-666666666,14112
ZCTA5 14113,102798,14113
ZCTA5 14120,74871,14120
ZCTA5 14125,70294,14125
ZCTA5 14126,167723,14126
ZCTA5 14127,109386,14127
ZCTA5 14129,68542,14129
ZCTA5 14130,70114,14130
ZCTA5 14131,85909,14131
ZCTA5 14132,97210,14132
ZCTA5 14134,-666666666,14134
ZCTA5 14135,80833,14135
ZCTA5 14136,69567,14136
ZCTA5 14138,56868,14138
ZCTA5 14139,86402,14139
ZCTA5 14141,80906,14141
ZCTA5 14143,95893,14143
ZCTA5 14145,85114,14145
ZCTA5 14150,71406,14150
ZCTA5 14166,101629,14166
ZCTA5 14167,67132,14167
ZCTA5 14168,-666666666,14168
ZCTA5 14169,61782,14169
ZCTA5 14170,116746,14170
ZCTA5 14171,75625,14171
ZCTA5 14172,81330,14172
ZCTA5 14173,-666666666,14173
ZCTA5 14174,79695,14174
ZCTA5 14201,40512,14201
ZCTA5 14202,56528,14202
ZCTA5 14203,56141,14203
ZCTA5 14204,28182,14204
ZCTA5 14206,50450,14206
ZCTA5 14207,39753,14207
ZCTA5 14208,48476,14208
ZCTA5 14209,50046,14209
ZCTA5 14210,54197,14210
ZCTA5 14211,36300,14211
ZCTA5 14212,44020,14212
ZCTA5 14213,53870,14213
ZCTA5 14214,58228,14214
ZCTA5 14215,44955,14215
ZCTA5 14216,69629,14216
ZCTA5 14217,73800,14217
ZCTA5 14218,54748,14218
ZCTA5 14219,78569,14219
ZCTA5 14220,70963,14220
ZCTA5 14221,101615,14221
ZCTA5 14222,81652,14222
ZCTA5 14223,84161,14223
ZCTA5 14224,80052,14224
ZCTA5 14225,67237,14225
ZCTA5 14226,84325,14226
ZCTA5 14227,68928,14227
ZCTA5 14228,74871,14228
ZCTA5 14260,-666666666,14260
ZCTA5 14261,-666666666,14261
ZCTA5 14301,34549,14301
ZCTA5 14302,-666666666,14302
ZCTA5 14303,45646,14303
ZCTA5 14304,66660,14304
ZCTA5 14305,51004,14305
ZCTA5 14411,55641,14411
ZCTA5 14413,-666666666,14413
ZCTA5 14414,72006,14414
ZCTA5 14415,114028,14415
ZCTA5 14416,80430,14416
ZCTA5 14418,65577,14418
ZCTA5 14420,75577,14420
ZCTA5 14422,91786,14422
ZCTA5 14423,80807,14423
ZCTA5 14424,79778,14424
ZCTA5 14425,94609,14425
ZCTA5 14427,56490,14427
ZCTA5 14428,91558,14428
ZCTA5 14432,78017,14432
ZCTA5 14433,66587,14433
ZCTA5 14435,71865,14435
ZCTA5 14437,66332,14437
ZCTA5 14441,70833,14441
ZCTA5 14445,73625,14445
ZCTA5 14450,109466,14450
ZCTA5 14453,-666666666,14453
ZCTA5 14454,77857,14454
ZCTA5 14456,81310,14456
ZCTA5 14462,78194,14462
ZCTA5 14463,46250,14463
ZCTA5 14464,78600,14464
ZCTA5 14466,108085,14466
ZCTA5 14467,88653,14467
ZCTA5 14468,98693,14468
ZCTA5 14469,74521,14469
ZCTA5 14470,65938,14470
ZCTA5 14471,78405,14471
ZCTA5 14472,129655,14472
ZCTA5 14475,123917,14475
ZCTA5 14476,90536,14476
ZCTA5 14477,96607,14477
ZCTA5 14478,86853,14478
ZCTA5 14479,34572,14479
ZCTA5 14480,57152,14480
ZCTA5 14481,79135,14481
ZCTA5 14482,74216,14482
ZCTA5 14485,80341,14485
ZCTA5 14486,131875,14486
ZCTA5 14487,89688,14487
ZCTA5 14489,68250,14489
ZCTA5 14502,83330,14502
ZCTA5 14504,65750,14504
ZCTA5 14505,80382,14505
ZCTA5 14506,126786,14506
ZCTA5 14507,77273,14507
ZCTA5 14510,61713,14510
ZCTA5 14511,75375,14511
ZCTA5 14512,77130,14512
ZCTA5 14513,65309,14513
ZCTA5 14514,86493,14514
ZCTA5 14515,-666666666,14515
ZCTA5 14516,76000,14516
ZCTA5 14517,56088,14517
ZCTA5 14519,85532,14519
ZCTA5 14521,67198,14521
ZCTA5 14522,75116,14522
ZCTA5 14525,77102,14525
ZCTA5 14526,118777,14526
ZCTA5 14527,70758,14527
ZCTA5 14529,74479,14529
ZCTA5 14530,64576,14530
ZCTA5 14532,81923,14532
ZCTA5 14533,68170,14533
ZCTA5 14534,143694,14534
ZCTA5 14536,63125,14536
ZCTA5 14537,-666666666,14537
ZCTA5 14539,-666666666,14539
ZCTA5 14541,77375,14541
ZCTA5 14542,-666666666,14542
ZCTA5 14543,122654,14543
ZCTA5 14544,61118,14544
ZCTA5 14545,100000,14545
ZCTA5 14546,95046,14546
ZCTA5 14548,83571,14548
ZCTA5 14549,-666666666,14549
ZCTA5 14550,52321,14550
ZCTA5 14551,59167,14551
ZCTA5 14555,81042,14555
ZCTA5 14556,-666666666,14556
ZCTA5 14557,-666666666,14557
ZCTA5 14559,94794,14559
ZCTA5 14560,75257,14560
ZCTA5 14561,77857,14561
ZCTA5 14564,115625,14564
ZCTA5 14568,102604,14568
ZCTA5 14569,61059,14569
ZCTA5 14571,80833,14571
ZCTA5 14572,72557,14572
ZCTA5 14580,98310,14580
ZCTA5 14585,-666666666,14585
ZCTA5 14586,124457,14586
ZCTA5 14588,-666666666,14588
ZCTA5 14589,86885,14589
ZCTA5 14590,55682,14590
ZCTA5 14591,85804,14591
ZCTA5 14592,85000,14592
ZCTA5 14604,52105,14604
ZCTA5 14605,21201,14605
ZCTA5 14606,55807,14606
ZCTA5 14607,59787,14607
ZCTA5 14608,40646,14608
ZCTA5 14609,64603,14609
ZCTA5 14610,85961,14610
ZCTA5 14611,31376,14611
ZCTA5 14612,82800,14612
ZCTA5 14613,37778,14613
ZCTA5 14614,62500,14614
ZCTA5 14615,51262,14615
ZCTA5 14616,66499,14616
ZCTA5 14617,90192,14617
ZCTA5 14618,125098,14618
ZCTA5 14619,68333,14619
ZCTA5 14620,61783,14620
ZCTA5 14621,35383,14621
ZCTA5 14622,75439,14622
ZCTA5 14623,65342,14623
ZCTA5 14624,87989,14624
ZCTA5 14625,110865,14625
ZCTA5 14626,78204,14626
ZCTA5 14627,-666666666,14627
ZCTA5 14642,-666666666,14642
ZCTA5 14701,49685,14701
ZCTA5 14706,73236,14706
ZCTA5 14707,46250,14707
ZCTA5 14708,69286,14708
ZCTA5 14709,53889,14709
ZCTA5 14710,66120,14710
ZCTA5 14711,65938,14711
ZCTA5 14712,86083,14712
ZCTA5 14714,115230,14714
ZCTA5 14715,55640,14715
ZCTA5 14716,60278,14716
ZCTA5 14717,83542,14717
ZCTA5 14718,56250,14718
ZCTA5 14719,62188,14719
ZCTA5 14720,51875,14720
ZCTA5 14721,40250,14721
ZCTA5 14722,-666666666,14722
ZCTA5 14723,68261,14723
ZCTA5 14724,83063,14724
ZCTA5 14726,55156,14726
ZCTA5 14727,63257,14727
ZCTA5 14728,67875,14728
ZCTA5 14729,64276,14729
ZCTA5 14731,67583,14731
ZCTA5 14732,31250,14732
ZCTA5 14733,63068,14733
ZCTA5 14735,69891,14735
ZCTA5 14736,92917,14736
ZCTA5 14737,60270,14737
ZCTA5 14738,80103,14738
ZCTA5 14739,57794,14739
ZCTA5 14740,64853,14740
ZCTA5 14741,70962,14741
ZCTA5 14742,78750,14742
ZCTA5 14743,57244,14743
ZCTA5 14744,77750,14744
ZCTA5 14747,56667,14747
ZCTA5 14748,47917,14748
ZCTA5 14750,66622,14750
ZCTA5 14752,-666666666,14752
ZCTA5 14753,55000,14753
ZCTA5 14754,62750,14754
ZCTA5 14755,66103,14755
ZCTA5 14756,-666666666,14756
ZCTA5 14757,67115,14757
ZCTA5 14760,54929,14760
ZCTA5 14767,67607,14767
ZCTA5 14769,49267,14769
ZCTA5 14770,56910,14770
ZCTA5 14772,79583,14772
ZCTA5 14774,39250,14774
ZCTA5 14775,49961,14775
ZCTA5 14777,57500,14777
ZCTA5 14778,-666666666,14778
ZCTA5 14779,42593,14779
ZCTA5 14781,61625,14781
ZCTA5 14782,71250,14782
ZCTA5 14783,-666666666,14783
ZCTA5 14784,77750,14784
ZCTA5 14785,-666666666,14785
ZCTA5 14787,53587,14787
ZCTA5 14788,66000,14788
ZCTA5 14801,63125,14801
ZCTA5 14802,40489,14802
ZCTA5 14803,51694,14803
ZCTA5 14804,83173,14804
ZCTA5 14805,65000,14805
ZCTA5 14806,74688,14806
ZCTA5 14807,64408,14807
ZCTA5 14808,33203,14808
ZCTA5 14809,63875,14809
ZCTA5 14810,51950,14810
ZCTA5 14812,62073,14812
ZCTA5 14813,63750,14813
ZCTA5 14814,98783,14814
ZCTA5 14815,56875,14815
ZCTA5 14816,63487,14816
ZCTA5 14817,77228,14817
ZCTA5 14818,69107,14818
ZCTA5 14819,50000,14819
ZCTA5 14820,64306,14820
ZCTA5 14821,77609,14821
ZCTA5 14822,66771,14822
ZCTA5 14823,63140,14823
ZCTA5 14824,61061,14824
ZCTA5 14825,61250,14825
ZCTA5 14826,69464,14826
ZCTA5 14827,-666666666,14827
ZCTA5 14830,73263,14830
ZCTA5 14836,74130,14836
ZCTA5 14837,65845,14837
ZCTA5 14838,73884,14838
ZCTA5 14839,79861,14839
ZCTA5 14840,84792,14840
ZCTA5 14841,89821,14841
ZCTA5 14842,74821,14842
ZCTA5 14843,57874,14843
ZCTA5 14845,76832,14845
ZCTA5 14846,73587,14846
ZCTA5 14847,73594,14847
ZCTA5 14850,71445,14850
ZCTA5 14853,-666666666,14853
ZCTA5 14854,-666666666,14854
ZCTA5 14855,76500,14855
ZCTA5 14856,-666666666,14856
ZCTA5 14858,81750,14858
ZCTA5 14859,98750,14859
ZCTA5 14860,78170,14860
ZCTA5 14861,64904,14861
ZCTA5 14864,63667,14864
ZCTA5 14865,53846,14865
ZCTA5 14867,75507,14867
ZCTA5 14869,80481,14869
ZCTA5 14870,84476,14870
ZCTA5 14871,72484,14871
ZCTA5 14872,62708,14872
ZCTA5 14873,68239,14873
ZCTA5 14874,90500,14874
ZCTA5 14877,57750,14877
ZCTA5 14878,-666666666,14878
ZCTA5 14879,53750,14879
ZCTA5 14880,58750,14880
ZCTA5 14881,89063,14881
ZCTA5 14882,91960,14882
ZCTA5 14883,68750,14883
ZCTA5 14884,48750,14884
ZCTA5 14885,75500,14885
ZCTA5 14886,82000,14886
ZCTA5 14889,61944,14889
ZCTA5 14891,61875,14891
ZCTA5 14892,54043,14892
ZCTA5 14893,-666666666,14893
ZCTA5 14894,51250,14894
ZCTA5 14895,63910,14895
ZCTA5 14897,66458,14897
ZCTA5 14898,58824,14898
ZCTA5 14901,40989,14901
ZCTA5 14903,67012,14903
ZCTA5 14904,53174,14904
ZCTA5 14905,90825,14905
ZCTA5 15001,70985,15001
ZCTA5 15003,59550,15003
ZCTA5 15004,-666666666,15004
ZCTA5 15005,73354,15005
ZCTA5 15006,79417,15006
ZCTA5 15007,-666666666,15007
ZCTA5 15009,88294,15009
ZCTA5 15010,71200,15010
ZCTA5 15012,60172,15012
ZCTA5 15014,53551,15014
ZCTA5 15015,155208,15015
ZCTA5 15017,86937,15017
ZCTA5 15018,37000,15018
ZCTA5 15019,32926,15019
ZCTA5 15020,76250,15020
ZCTA5 15021,75000,15021
ZCTA5 15022,58387,15022
ZCTA5 15024,79647,15024
ZCTA5 15025,76531,15025
ZCTA5 15026,115556,15026
ZCTA5 15027,65466,15027
ZCTA5 15028,48750,15028
ZCTA5 15030,56094,15030
ZCTA5 15031,35404,15031
ZCTA5 15033,39921,15033
ZCTA5 15034,51715,15034
ZCTA5 15035,65907,15035
ZCTA5 15037,77579,15037
ZCTA5 15038,31824,15038
ZCTA5 15042,75742,15042
ZCTA5 15043,87672,15043
ZCTA5 15044,136723,15044
ZCTA5 15045,47803,15045
ZCTA5 15046,81992,15046
ZCTA5 15047,45792,15047
ZCTA5 15049,60595,15049
ZCTA5 15050,91406,15050
ZCTA5 15051,62563,15051
ZCTA5 15052,73352,15052
ZCTA5 15053,89931,15053
ZCTA5 15054,74167,15054
ZCTA5 15055,71719,15055
ZCTA5 15056,67292,15056
ZCTA5 15057,120821,15057
ZCTA5 15059,66231,15059
ZCTA5 15060,56118,15060
ZCTA5 15061,73010,15061
ZCTA5 15062,52889,15062
ZCTA5 15063,65179,15063
ZCTA5 15064,-666666666,15064
ZCTA5 15065,67803,15065
ZCTA5 15066,63836,15066
ZCTA5 15067,52352,15067
ZCTA5 15068,63426,15068
ZCTA5 15071,102328,15071
ZCTA5 15072,-666666666,15072
ZCTA5 15074,54063,15074
ZCTA5 15075,-666666666,15075
ZCTA5 15076,50573,15076
ZCTA5 15077,64583,15077
ZCTA5 15078,82303,15078
ZCTA5 15081,54107,15081
ZCTA5 15082,113750,15082
ZCTA5 15083,64750,15083
ZCTA5 15084,63090,15084
ZCTA5 15085,82456,15085
ZCTA5 15086,130688,15086
ZCTA5 15087,-666666666,15087
ZCTA5 15088,55000,15088
ZCTA5 15089,60533,15089
ZCTA5 15090,160576,15090
ZCTA5 15101,114634,15101
ZCTA5 15102,108966,15102
ZCTA5 15104,40104,15104
ZCTA5 15106,77247,15106
ZCTA5 15108,100859,15108
ZCTA5 15110,44180,15110
ZCTA5 15112,47730,15112
ZCTA5 15116,94352,15116
ZCTA5 15120,55714,15120
ZCTA5 15122,72485,15122
ZCTA5 15123,-666666666,15123
ZCTA5 15126,99693,15126
ZCTA5 15129,99519,15129
ZCTA5 15131,61744,15131
ZCTA5 15132,35397,15132
ZCTA5 15133,65938,15133
ZCTA5 15135,82632,15135
ZCTA5 15136,69099,15136
ZCTA5 15137,53632,15137
ZCTA5 15139,92782,15139
ZCTA5 15140,36419,15140
ZCTA5 15142,119667,15142
ZCTA5 15143,132674,15143
ZCTA5 15144,67520,15144
ZCTA5 15145,49628,15145
ZCTA5 15146,79300,15146
ZCTA5 15147,66757,15147
ZCTA5 15148,37179,15148
ZCTA5 15201,93231,15201
ZCTA5 15202,68287,15202
ZCTA5 15203,67345,15203
ZCTA5 15204,59420,15204
ZCTA5 15205,70991,15205
ZCTA5 15206,72920,15206
ZCTA5 15207,57427,15207
ZCTA5 15208,63086,15208
ZCTA5 15209,85542,15209
ZCTA5 15210,52169,15210
ZCTA5 15211,79758,15211
ZCTA5 15212,64077,15212
ZCTA5 15213,31069,15213
ZCTA5 15214,61645,15214
ZCTA5 15215,99071,15215
ZCTA5 15216,80313,15216
ZCTA5 15217,95668,15217
ZCTA5 15218,67960,15218
ZCTA5 15219,34897,15219
ZCTA5 15220,75611,15220
ZCTA5 15221,55028,15221
ZCTA5 15222,114167,15222
ZCTA5 15223,61083,15223
ZCTA5 15224,66993,15224
ZCTA5 15225,61094,15225
ZCTA5 15226,73321,15226
ZCTA5 15227,75448,15227
ZCTA5 15228,123681,15228
ZCTA5 15229,90703,15229
ZCTA5 15232,66582,15232
ZCTA5 15233,78750,15233
ZCTA5 15234,78366,15234
ZCTA5 15235,67240,15235
ZCTA5 15236,90767,15236
ZCTA5 15237,109895,15237
ZCTA5 15238,116575,15238
ZCTA5 15239,101045,15239
ZCTA5 15241,153936,15241
ZCTA5 15243,116200,15243
ZCTA5 15260,-666666666,15260
ZCTA5 15275,-666666666,15275
ZCTA5 15282,-666666666,15282
ZCTA5 15290,-666666666,15290
ZCTA5 15301,70473,15301
ZCTA5 15310,44063,15310
ZCTA5 15311,75050,15311
ZCTA5 15312,73542,15312
ZCTA5 15313,64792,15313
ZCTA5 15314,59356,15314
ZCTA5 15315,48362,15315
ZCTA5 15316,66875,15316
ZCTA5 15317,108044,15317
ZCTA5 15320,64213,15320
ZCTA5 15321,117656,15321
ZCTA5 15322,87635,15322
ZCTA5 15323,78947,15323
ZCTA5 15324,-666666666,15324
ZCTA5 15325,71615,15325
ZCTA5 15327,70296,15327
ZCTA5 15329,92917,15329
ZCTA5 15330,111680,15330
ZCTA5 15331,58750,15331
ZCTA5 15332,66578,15332
ZCTA5 15333,89333,15333
ZCTA5 15334,96842,15334
ZCTA5 15337,64375,15337
ZCTA5 15338,67981,15338
ZCTA5 15340,82431,15340
ZCTA5 15341,98125,15341
ZCTA5 15342,92402,15342
ZCTA5 15344,73886,15344
ZCTA5 15345,59375,15345
ZCTA5 15346,46012,15346
ZCTA5 15347,48839,15347
ZCTA5 15348,-666666666,15348
ZCTA5 15349,68125,15349
ZCTA5 15350,58117,15350
ZCTA5 15351,27557,15351
ZCTA5 15352,63750,15352
ZCTA5 15353,145341,15353
ZCTA5 15357,89453,15357
ZCTA5 15358,103789,15358
ZCTA5 15359,79135,15359
ZCTA5 15360,85341,15360
ZCTA5 15361,-666666666,15361
ZCTA5 15362,105685,15362
ZCTA5 15363,63281,15363
ZCTA5 15364,62125,15364
ZCTA5 15365,71944,15365
ZCTA5 15366,41550,15366
ZCTA5 15367,135542,15367
ZCTA5 15368,-666666666,15368
ZCTA5 15370,65511,15370
ZCTA5 15376,86607,15376
ZCTA5 15377,80625,15377
ZCTA5 15378,-666666666,15378
ZCTA5 15379,75625,15379
ZCTA5 15380,85313,15380
ZCTA5 15401,53925,15401
ZCTA5 15410,76667,15410
ZCTA5 15411,68125,15411
ZCTA5 15412,40625,15412
ZCTA5 15413,-666666666,15413
ZCTA5 15416,119583,15416
ZCTA5 15417,55395,15417
ZCTA5 15419,43813,15419
ZCTA5 15420,81875,15420
ZCTA5 15421,250001,15421
ZCTA5 15422,92727,15422
ZCTA5 15423,77857,15423
ZCTA5 15424,56190,15424
ZCTA5 15425,53160,15425
ZCTA5 15427,54250,15427
ZCTA5 15428,70368,15428
ZCTA5 15429,49583,15429
ZCTA5 15430,71184,15430
ZCTA5 15431,62202,15431
ZCTA5 15432,74500,15432
ZCTA5 15433,49051,15433
ZCTA5 15434,83224,15434
ZCTA5 15435,-666666666,15435
ZCTA5 15436,62917,15436
ZCTA5 15437,64813,15437
ZCTA5 15438,53917,15438
ZCTA5 15440,66250,15440
ZCTA5 15442,57246,15442
ZCTA5 15443,-666666666,15443
ZCTA5 15444,59077,15444
ZCTA5 15445,47955,15445
ZCTA5 15446,-666666666,15446
ZCTA5 15447,60750,15447
ZCTA5 15448,47011,15448
ZCTA5 15449,53510,15449
ZCTA5 15450,53500,15450
ZCTA5 15451,34861,15451
ZCTA5 15454,-666666666,15454
ZCTA5 15455,54554,15455
ZCTA5 15456,58828,15456
ZCTA5 15458,61979,15458
ZCTA5 15459,71250,15459
ZCTA5 15460,25000,15460
ZCTA5 15461,57596,15461
ZCTA5 15462,-666666666,15462
ZCTA5 15463,-666666666,15463
ZCTA5 15464,46250,15464
ZCTA5 15465,45000,15465
ZCTA5 15466,46429,15466
ZCTA5 15467,60313,15467
ZCTA5 15468,69375,15468
ZCTA5 15469,56301,15469
ZCTA5 15470,80750,15470
ZCTA5 15472,82852,15472
ZCTA5 15473,69438,15473
ZCTA5 15474,62500,15474
ZCTA5 15475,54706,15475
ZCTA5 15476,-666666666,15476
ZCTA5 15477,72716,15477
ZCTA5 15478,67449,15478
ZCTA5 15479,63852,15479
ZCTA5 15480,47375,15480
ZCTA5 15482,41042,15482
ZCTA5 15483,52422,15483
ZCTA5 15484,98579,15484
ZCTA5 15486,66250,15486
ZCTA5 15488,-666666666,15488
ZCTA5 15489,-666666666,15489
ZCTA5 15490,49408,15490
ZCTA5 15492,-666666666,15492
ZCTA5 15501,59245,15501
ZCTA5 15502,80694,15502
ZCTA5 15510,-666666666,15510
ZCTA5 15520,-666666666,15520
ZCTA5 15521,53947,15521
ZCTA5 15522,57029,15522
ZCTA5 15530,59205,15530
ZCTA5 15531,60855,15531
ZCTA5 15532,-666666666,15532
ZCTA5 15533,49570,15533
ZCTA5 15534,49191,15534
ZCTA5 15535,57212,15535
ZCTA5 15536,61458,15536
ZCTA5 15537,62538,15537
ZCTA5 15538,75833,15538
ZCTA5 15539,45893,15539
ZCTA5 15540,70875,15540
ZCTA5 15541,62992,15541
ZCTA5 15542,58393,15542
ZCTA5 15544,89536,15544
ZCTA5 15545,56757,15545
ZCTA5 15546,-666666666,15546
ZCTA5 15547,64716,15547
ZCTA5 15550,53750,15550
ZCTA5 15551,67727,15551
ZCTA5 15552,65551,15552
ZCTA5 15554,50500,15554
ZCTA5 15555,76250,15555
ZCTA5 15557,61042,15557
ZCTA5 15558,64038,15558
ZCTA5 15559,61902,15559
ZCTA5 15560,65000,15560
ZCTA5 15561,92813,15561
ZCTA5 15562,84844,15562
ZCTA5 15563,62411,15563
ZCTA5 15564,56250,15564
ZCTA5 15565,98750,15565
ZCTA5 15601,78555,15601
ZCTA5 15610,72938,15610
ZCTA5 15611,64125,15611
ZCTA5 15612,59018,15612
ZCTA5 15613,71988,15613
ZCTA5 15615,88750,15615
ZCTA5 15616,115648,15616
ZCTA5 15617,73125,15617
ZCTA5 15618,61579,15618
ZCTA5 15619,-666666666,15619
ZCTA5 15620,59967,15620
ZCTA5 15622,46583,15622
ZCTA5 15623,57335,15623
ZCTA5 15624,-666666666,15624
ZCTA5 15625,-666666666,15625
ZCTA5 15626,61103,15626
ZCTA5 15627,59398,15627
ZCTA5 15628,64219,15628
ZCTA5 15629,55278,15629
ZCTA5 15631,52727,15631
ZCTA5 15632,93664,15632
ZCTA5 15633,113623,15633
ZCTA5 15634,62000,15634
ZCTA5 15635,-666666666,15635
ZCTA5 15636,145492,15636
ZCTA5 15637,70461,15637
ZCTA5 15638,-666666666,15638
ZCTA5 15639,79843,15639
ZCTA5 15640,83000,15640
ZCTA5 15641,65536,15641
ZCTA5 15642,97706,15642
ZCTA5 15644,64684,15644
ZCTA5 15646,-666666666,15646
ZCTA5 15647,-666666666,15647
ZCTA5 15650,63305,15650
ZCTA5 15655,31635,15655
ZCTA5 15656,68311,15656
ZCTA5 15658,82771,15658
ZCTA5 15660,-666666666,15660
ZCTA5 15661,80564,15661
ZCTA5 15662,83715,15662
ZCTA5 15663,76250,15663
ZCTA5 15665,82375,15665
ZCTA5 15666,68102,15666
ZCTA5 15668,124494,15668
ZCTA5 15670,79345,15670
ZCTA5 15671,65556,15671
ZCTA5 15672,66840,15672
ZCTA5 15673,66629,15673
ZCTA5 15674,86827,15674
ZCTA5 15675,76406,15675
ZCTA5 15676,-666666666,15676
ZCTA5 15677,51579,15677
ZCTA5 15678,66389,15678
ZCTA5 15679,77099,15679
ZCTA5 15680,46332,15680
ZCTA5 15681,73130,15681
ZCTA5 15682,88438,15682
ZCTA5 15683,51913,15683
ZCTA5 15684,63500,15684
ZCTA5 15686,49977,15686
ZCTA5 15687,54798,15687
ZCTA5 15688,80938,15688
ZCTA5 15689,-666666666,15689
ZCTA5 15690,55457,15690
ZCTA5 15691,168289,15691
ZCTA5 15692,71574,15692
ZCTA5 15693,49118,15693
ZCTA5 15695,44167,15695
ZCTA5 15696,65250,15696
ZCTA5 15697,64961,15697
ZCTA5 15698,49375,15698
ZCTA5 15701,56311,15701
ZCTA5 15705,-666666666,15705
ZCTA5 15710,-666666666,15710
ZCTA5 15711,47083,15711
ZCTA5 15712,-666666666,15712
ZCTA5 15713,58365,15713
ZCTA5 15714,52500,15714
ZCTA5 15715,60625,15715
ZCTA5 15716,30547,15716
ZCTA5 15717,61304,15717
ZCTA5 15720,69722,15720
ZCTA5 15721,41875,15721
ZCTA5 15722,68068,15722
ZCTA5 15723,-666666666,15723
ZCTA5 15724,67500,15724
ZCTA5 15725,78375,15725
ZCTA5 15727,64063,15727
ZCTA5 15728,60143,15728
ZCTA5 15729,54625,15729
ZCTA5 15730,66696,15730
ZCTA5 15731,58281,15731
ZCTA5 15732,62000,15732
ZCTA5 15733,-666666666,15733
ZCTA5 15734,-666666666,15734
ZCTA5 15736,66429,15736
ZCTA5 15737,-666666666,15737
ZCTA5 15738,59250,15738
ZCTA5 15739,68125,15739
ZCTA5 15741,57500,15741
ZCTA5 15742,52375,15742
ZCTA5 15744,111875,15744
ZCTA5 15745,66458,15745
ZCTA5 15746,42321,15746
ZCTA5 15747,54938,15747
ZCTA5 15748,70474,15748
ZCTA5 15750,-666666666,15750
ZCTA5 15752,67813,15752
ZCTA5 15753,58125,15753
ZCTA5 15754,56434,15754
ZCTA5 15756,47500,15756
ZCTA5 15757,56176,15757
ZCTA5 15759,57132,15759
ZCTA5 15760,80938,15760
ZCTA5 15761,-666666666,15761
ZCTA5 15762,67188,15762
ZCTA5 15763,50625,15763
ZCTA5 15764,66250,15764
ZCTA5 15765,73646,15765
ZCTA5 15767,50589,15767
ZCTA5 15770,43250,15770
ZCTA5 15771,63750,15771
ZCTA5 15772,62727,15772
ZCTA5 15773,54821,15773
ZCTA5 15774,80375,15774
ZCTA5 15775,72321,15775
ZCTA5 15776,25625,15776
ZCTA5 15777,-666666666,15777
ZCTA5 15778,72500,15778
ZCTA5 15779,92250,15779
ZCTA5 15780,89583,15780
ZCTA5 15781,53000,15781
ZCTA5 15783,62000,15783
ZCTA5 15784,82500,15784
ZCTA5 15801,67583,15801
ZCTA5 15821,55313,15821
ZCTA5 15823,51125,15823
ZCTA5 15824,64623,15824
ZCTA5 15825,64130,15825
ZCTA5 15827,83125,15827
ZCTA5 15828,36250,15828
ZCTA5 15829,64167,15829
ZCTA5 15831,-666666666,15831
ZCTA5 15832,38125,15832
ZCTA5 15834,50609,15834
ZCTA5 15840,57344,15840
ZCTA5 15841,31071,15841
ZCTA5 15845,68347,15845
ZCTA5 15846,70662,15846
ZCTA5 15847,125139,15847
ZCTA5 15848,66250,15848
ZCTA5 15849,60096,15849
ZCTA5 15851,63158,15851
ZCTA5 15853,59344,15853
ZCTA5 15856,61985,15856
ZCTA5 15857,67662,15857
ZCTA5 15860,65774,15860
ZCTA5 15861,68750,15861
ZCTA5 15863,-666666666,15863
ZCTA5 15864,65859,15864
ZCTA5 15865,45313,15865
ZCTA5 15866,82708,15866
ZCTA5 15868,70395,15868
ZCTA5 15870,63750,15870
ZCTA5 15901,27121,15901
ZCTA5 15902,44215,15902
ZCTA5 15904,67394,15904
ZCTA5 15905,69212,15905
ZCTA5 15906,43284,15906
ZCTA5 15909,61016,15909
ZCTA5 15920,76012,15920
ZCTA5 15921,44545,15921
ZCTA5 15922,-666666666,15922
ZCTA5 15923,57167,15923
ZCTA5 15924,52240,15924
ZCTA5 15925,56944,15925
ZCTA5 15926,62019,15926
ZCTA5 15927,98633,15927
ZCTA5 15928,87237,15928
ZCTA5 15929,-666666666,15929
ZCTA5 15930,146114,15930
ZCTA5 15931,64780,15931
ZCTA5 15934,-666666666,15934
ZCTA5 15935,61941,15935
ZCTA5 15936,58396,15936
ZCTA5 15937,83917,15937
ZCTA5 15938,71250,15938
ZCTA5 15940,88274,15940
ZCTA5 15942,84875,15942
ZCTA5 15943,56200,15943
ZCTA5 15944,69076,15944
ZCTA5 15945,68203,15945
ZCTA5 15946,55582,15946
ZCTA5 15948,55972,15948
ZCTA5 15949,72375,15949
ZCTA5 15951,58104,15951
ZCTA5 15952,-666666666,15952
ZCTA5 15953,37014,15953
ZCTA5 15954,43958,15954
ZCTA5 15955,59327,15955
ZCTA5 15956,52448,15956
ZCTA5 15957,71250,15957
ZCTA5 15958,66250,15958
ZCTA5 15960,59583,15960
ZCTA5 15961,61538,15961
ZCTA5 15962,55469,15962
ZCTA5 15963,61566,15963
ZCTA5 16001,63635,16001
ZCTA5 16002,90305,16002
ZCTA5 16020,74135,16020
ZCTA5 16022,76250,16022
ZCTA5 16023,86042,16023
ZCTA5 16024,72500,16024
ZCTA5 16025,71722,16025
ZCTA5 16027,84531,16027
ZCTA5 16028,62750,16028
ZCTA5 16029,61607,16029
ZCTA5 16030,61719,16030
ZCTA5 16033,108071,16033
ZCTA5 16034,88300,16034
ZCTA5 16035,53750,16035
ZCTA5 16036,69375,16036
ZCTA5 16037,93077,16037
ZCTA5 16038,72850,16038
ZCTA5 16040,84792,16040
ZCTA5 16041,67167,16041
ZCTA5 16045,72600,16045
ZCTA5 16046,151560,16046
ZCTA5 16048,71250,16048
ZCTA5 16049,62650,16049
ZCTA5 16050,56708,16050
ZCTA5 16051,88958,16051
ZCTA5 16052,81739,16052
ZCTA5 16053,76054,16053
ZCTA5 16054,71500,16054
ZCTA5 16055,90950,16055
ZCTA5 16056,75893,16056
ZCTA5 16057,58288,16057
ZCTA5 16059,110828,16059
ZCTA5 16061,74464,16061
ZCTA5 16063,95893,16063
ZCTA5 16066,124189,16066
ZCTA5 16101,51128,16101
ZCTA5 16102,56053,16102
ZCTA5 16105,65855,16105
ZCTA5 16110,81250,16110
ZCTA5 16111,70074,16111
ZCTA5 16112,74821,16112
ZCTA5 16113,60000,16113
ZCTA5 16114,69500,16114
ZCTA5 16115,68571,16115
ZCTA5 16116,69559,16116
ZCTA5 16117,73045,16117
ZCTA5 16120,65750,16120
ZCTA5 16121,42595,16121
ZCTA5 16123,102500,16123
ZCTA5 16124,55455,16124
ZCTA5 16125,54787,16125
ZCTA5 16127,72429,16127
ZCTA5 16130,58750,16130
ZCTA5 16131,59659,16131
ZCTA5 16132,57650,16132
ZCTA5 16133,76713,16133
ZCTA5 16134,63519,16134
ZCTA5 16136,73750,16136
ZCTA5 16137,71250,16137
ZCTA5 16140,-666666666,16140
ZCTA5 16141,73910,16141
ZCTA5 16142,84205,16142
ZCTA5 16143,85375,16143
ZCTA5 16145,67321,16145
ZCTA5 16146,45670,16146
ZCTA5 16148,70490,16148
ZCTA5 16150,56334,16150
ZCTA5 16151,73958,16151
ZCTA5 16153,63750,16153
ZCTA5 16154,57870,16154
ZCTA5 16155,-666666666,16155
ZCTA5 16156,69054,16156
ZCTA5 16157,60345,16157
ZCTA5 16159,69391,16159
ZCTA5 16160,44510,16160
ZCTA5 16161,40536,16161
ZCTA5 16172,-666666666,16172
ZCTA5 16201,72556,16201
ZCTA5 16210,49107,16210
ZCTA5 16211,-666666666,16211
ZCTA5 16212,73750,16212
ZCTA5 16213,71667,16213
ZCTA5 16214,57521,16214
ZCTA5 16217,56250,16217
ZCTA5 16218,71000,16218
ZCTA5 16220,-666666666,16220
ZCTA5 16222,64688,16222
ZCTA5 16223,60521,16223
ZCTA5 16224,74643,16224
ZCTA5 16226,63750,16226
ZCTA5 16228,70833,16228
ZCTA5 16229,81731,16229
ZCTA5 16230,46932,16230
ZCTA5 16232,65525,16232
ZCTA5 16233,91159,16233
ZCTA5 16235,77798,16235
ZCTA5 16236,49057,16236
ZCTA5 16238,77885,16238
ZCTA5 16239,52121,16239
ZCTA5 16240,58281,16240
ZCTA5 16242,55677,16242
ZCTA5 16244,47614,16244
ZCTA5 16245,48438,16245
ZCTA5 16246,47188,16246
ZCTA5 16248,65272,16248
ZCTA5 16249,68214,16249
ZCTA5 16250,57841,16250
ZCTA5 16253,45833,16253
ZCTA5 16254,56563,16254
ZCTA5 16255,56058,16255
ZCTA5 16256,60398,16256
ZCTA5 16258,55188,16258
ZCTA5 16259,59861,16259
ZCTA5 16260,52870,16260
ZCTA5 16262,69375,16262
ZCTA5 16263,-666666666,16263
ZCTA5 16301,57596,16301
ZCTA5 16311,70938,16311
ZCTA5 16312,-666666666,16312
ZCTA5 16313,53947,16313
ZCTA5 16314,70389,16314
ZCTA5 16316,62750,16316
ZCTA5 16317,57768,16317
ZCTA5 16319,65900,16319
ZCTA5 16321,-666666666,16321
ZCTA5 16322,23854,16322
ZCTA5 16323,62562,16323
ZCTA5 16326,78750,16326
ZCTA5 16327,76146,16327
ZCTA5 16328,60000,16328
ZCTA5 16329,64250,16329
ZCTA5 16331,-666666666,16331
ZCTA5 16332,-666666666,16332
ZCTA5 16333,44405,16333
ZCTA5 16334,71875,16334
ZCTA5 16335,57591,16335
ZCTA5 16340,57446,16340
ZCTA5 16341,61818,16341
ZCTA5 16342,63750,16342
ZCTA5 16343,83264,16343
ZCTA5 16344,58382,16344
ZCTA5 16345,95192,16345
ZCTA5 16346,59718,16346
ZCTA5 16347,58125,16347
ZCTA5 16350,69792,16350
ZCTA5 16351,51515,16351
ZCTA5 16352,40357,16352
ZCTA5 16353,56034,16353
ZCTA5 16354,48963,16354
ZCTA5 16360,71528,16360
ZCTA5 16361,108750,16361
ZCTA5 16362,65833,16362
ZCTA5 16364,74886,16364
ZCTA5 16365,59206,16365
ZCTA5 16370,35833,16370
ZCTA5 16371,57514,16371
ZCTA5 16372,46458,16372
ZCTA5 16373,63047,16373
ZCTA5 16374,57829,16374
ZCTA5 16401,70052,16401
ZCTA5 16402,54213,16402
ZCTA5 16403,69851,16403
ZCTA5 16404,65972,16404
ZCTA5 16405,73125,16405
ZCTA5 16406,65911,16406
ZCTA5 16407,58606,16407
ZCTA5 16410,83977,16410
ZCTA5 16411,66779,16411
ZCTA5 16412,71590,16412
ZCTA5 16415,108214,16415
ZCTA5 16416,75093,16416
ZCTA5 16417,88041,16417
ZCTA5 16420,53750,16420
ZCTA5 16421,64091,16421
ZCTA5 16422,45750,16422
ZCTA5 16423,74635,16423
ZCTA5 16424,56186,16424
ZCTA5 16426,80135,16426
ZCTA5 16427,61250,16427
ZCTA5 16428,78675,16428
ZCTA5 16430,-666666666,16430
ZCTA5 16433,68542,16433
ZCTA5 16434,59420,16434
ZCTA5 16435,59938,16435
ZCTA5 16436,47500,16436
ZCTA5 16438,65000,16438
ZCTA5 16440,77500,16440
ZCTA5 16441,81117,16441
ZCTA5 16442,73571,16442
ZCTA5 16443,70344,16443
ZCTA5 16444,-666666666,16444
ZCTA5 16475,-666666666,16475
ZCTA5 16501,16394,16501
ZCTA5 16502,38566,16502
ZCTA5 16503,32340,16503
ZCTA5 16504,56622,16504
ZCTA5 16505,72938,16505
ZCTA5 16506,81060,16506
ZCTA5 16507,33361,16507
ZCTA5 16508,56391,16508
ZCTA5 16509,68846,16509
ZCTA5 16510,66450,16510
ZCTA5 16511,74102,16511
ZCTA5 16546,-666666666,16546
ZCTA5 16550,-666666666,16550
ZCTA5 16563,-666666666,16563
ZCTA5 16601,58070,16601
ZCTA5 16602,55046,16602
ZCTA5 16611,70887,16611
ZCTA5 16613,73785,16613
ZCTA5 16616,28542,16616
ZCTA5 16617,52609,16617
ZCTA5 16619,85357,16619
ZCTA5 16620,57857,16620
ZCTA5 16621,70577,16621
ZCTA5 16622,34000,16622
ZCTA5 16623,61667,16623
ZCTA5 16624,58438,16624
ZCTA5 16625,55274,16625
ZCTA5 16627,64013,16627
ZCTA5 16630,58315,16630
ZCTA5 16631,-666666666,16631
ZCTA5 16633,90556,16633
ZCTA5 16634,58750,16634
ZCTA5 16635,69760,16635
ZCTA5 16636,89821,16636
ZCTA5 16637,56083,16637
ZCTA5 16638,86500,16638
ZCTA5 16639,75165,16639
ZCTA5 16640,54286,16640
ZCTA5 16641,65417,16641
ZCTA5 16645,68750,16645
ZCTA5 16646,66359,16646
ZCTA5 16647,88333,16647
ZCTA5 16648,81540,16648
ZCTA5 16650,62426,16650
ZCTA5 16651,66357,16651
ZCTA5 16652,68339,16652
ZCTA5 16654,-666666666,16654
ZCTA5 16655,66823,16655
ZCTA5 16656,48071,16656
ZCTA5 16657,63353,16657
ZCTA5 16659,72656,16659
ZCTA5 16661,58021,16661
ZCTA5 16662,73828,16662
ZCTA5 16664,76364,16664
ZCTA5 16665,66250,16665
ZCTA5 16666,63262,16666
ZCTA5 16667,74167,16667
ZCTA5 16668,58750,16668
ZCTA5 16669,78977,16669
ZCTA5 16670,45625,16670
ZCTA5 16671,78750,16671
ZCTA5 16672,91458,16672
ZCTA5 16673,70464,16673
ZCTA5 16674,64145,16674
ZCTA5 16675,40104,16675
ZCTA5 16677,-666666666,16677
ZCTA5 16678,55234,16678
ZCTA5 16679,50893,16679
ZCTA5 16680,81827,16680
ZCTA5 16682,75121,16682
ZCTA5 16683,90625,16683
ZCTA5 16684,34107,16684
ZCTA5 16685,140313,16685
ZCTA5 16686,69008,16686
ZCTA5 16689,60000,16689
ZCTA5 16691,67250,16691
ZCTA5 16692,74028,16692
ZCTA5 16693,62898,16693
ZCTA5 16694,75469,16694
ZCTA5 16695,71667,16695
ZCTA5 16699,-666666666,16699
ZCTA5 16701,65102,16701
ZCTA5 16720,49479,16720
ZCTA5 16724,-666666666,16724
ZCTA5 16725,83750,16725
ZCTA5 16726,71750,16726
ZCTA5 16727,-666666666,16727
ZCTA5 16729,57574,16729
ZCTA5 16730,-666666666,16730
ZCTA5 16731,61991,16731
ZCTA5 16732,73393,16732
ZCTA5 16733,48750,16733
ZCTA5 16734,65789,16734
ZCTA5 16735,57489,16735
ZCTA5 16738,66971,16738
ZCTA5 16740,48500,16740
ZCTA5 16743,54083,16743
ZCTA5 16744,-666666666,16744
ZCTA5 16745,48929,16745
ZCTA5 16746,51125,16746
ZCTA5 16748,61250,16748
ZCTA5 16749,72250,16749
ZCTA5 16750,122689,16750
ZCTA5 16801,61836,16801
ZCTA5 16802,-666666666,16802
ZCTA5 16803,73532,16803
ZCTA5 16820,83900,16820
ZCTA5 16821,-666666666,16821
ZCTA5 16822,71635,16822
ZCTA5 16823,76245,16823
ZCTA5 16825,54844,16825
ZCTA5 16826,60938,16826
ZCTA5 16827,103558,16827
ZCTA5 16828,76468,16828
ZCTA5 16829,61750,16829
ZCTA5 16830,58304,16830
ZCTA5 16832,38456,16832
ZCTA5 16833,65809,16833
ZCTA5 16834,118204,16834
ZCTA5 16835,60114,16835
ZCTA5 16836,62841,16836
ZCTA5 16837,58063,16837
ZCTA5 16838,57917,16838
ZCTA5 16839,63000,16839
ZCTA5 16840,46540,16840
ZCTA5 16841,69233,16841
ZCTA5 16843,43365,16843
ZCTA5 16844,85147,16844
ZCTA5 16845,72770,16845
ZCTA5 16847,53438,16847
ZCTA5 16848,62321,16848
ZCTA5 16849,-666666666,16849
ZCTA5 16851,100768,16851
ZCTA5 16852,57917,16852
ZCTA5 16853,-666666666,16853
ZCTA5 16854,78625,16854
ZCTA5 16855,71667,16855
ZCTA5 16856,-666666666,16856
ZCTA5 16858,56655,16858
ZCTA5 16859,55938,16859
ZCTA5 16860,75393,16860
ZCTA5 16861,21949,16861
ZCTA5 16863,66071,16863
ZCTA5 16864,-666666666,16864
ZCTA5 16865,77717,16865
ZCTA5 16866,49968,16866
ZCTA5 16868,180412,16868
ZCTA5 16870,121528,16870
ZCTA5 16871,51250,16871
ZCTA5 16872,72708,16872
ZCTA5 16874,79375,16874
ZCTA5 16875,71250,16875
ZCTA5 16876,70000,16876
ZCTA5 16877,68500,16877
ZCTA5 16878,62169,16878
ZCTA5 16879,80417,16879
ZCTA5 16881,66458,16881
ZCTA5 16882,55455,16882
ZCTA5 16901,67146,16901
ZCTA5 16910,47500,16910
ZCTA5 16911,101528,16911
ZCTA5 16912,69982,16912
ZCTA5 16914,68558,16914
ZCTA5 16915,61781,16915
ZCTA5 16917,62321,16917
ZCTA5 16920,60000,16920
ZCTA5 16921,52969,16921
ZCTA5 16922,67063,16922
ZCTA5 16923,73864,16923
ZCTA5 16925,64792,16925
ZCTA5 16926,83424,16926
ZCTA5 16927,60625,16927
ZCTA5 16928,69155,16928
ZCTA5 16929,62813,16929
ZCTA5 16930,71111,16930
ZCTA5 16932,81458,16932
ZCTA5 16933,65096,16933
ZCTA5 16935,63125,16935
ZCTA5 16936,62895,16936
ZCTA5 16937,57917,16937
ZCTA5 16938,75000,16938
ZCTA5 16939,-666666666,16939
ZCTA5 16940,-666666666,16940
ZCTA5 16941,-666666666,16941
ZCTA5 16942,53250,16942
ZCTA5 16943,58500,16943
ZCTA5 16946,54792,16946
ZCTA5 16947,59872,16947
ZCTA5 16948,46116,16948
ZCTA5 16950,52009,16950
ZCTA5 17002,69750,17002
ZCTA5 17003,92209,17003
ZCTA5 17004,65068,17004
ZCTA5 17005,61429,17005
ZCTA5 17006,64722,17006
ZCTA5 17007,117130,17007
ZCTA5 17009,73088,17009
ZCTA5 17010,-666666666,17010
ZCTA5 17011,92556,17011
ZCTA5 17013,71042,17013
ZCTA5 17014,-666666666,17014
ZCTA5 17015,86981,17015
ZCTA5 17016,56933,17016
ZCTA5 17017,82396,17017
ZCTA5 17018,72188,17018
ZCTA5 17019,94423,17019
ZCTA5 17020,73396,17020
ZCTA5 17021,61000,17021
ZCTA5 17022,86767,17022
ZCTA5 17023,79435,17023
ZCTA5 17024,79292,17024
ZCTA5 17025,91285,17025
ZCTA5 17026,102663,17026
ZCTA5 17027,86513,17027
ZCTA5 17028,59554,17028
ZCTA5 17029,76080,17029
ZCTA5 17030,-666666666,17030
ZCTA5 17032,81250,17032
ZCTA5 17033,72945,17033
ZCTA5 17034,52700,17034
ZCTA5 17035,47500,17035
ZCTA5 17036,115533,17036
ZCTA5 17037,75000,17037
ZCTA5 17038,75417,17038
ZCTA5 17039,-666666666,17039
ZCTA5 17040,78824,17040
ZCTA5 17041,86397,17041
ZCTA5 17042,74831,17042
ZCTA5 17043,61173,17043
ZCTA5 17044,59935,17044
ZCTA5 17045,76800,17045
ZCTA5 17046,62221,17046
ZCTA5 17047,87578,17047
ZCTA5 17048,73993,17048
ZCTA5 17049,70109,17049
ZCTA5 17050,113720,17050
ZCTA5 17051,64079,17051
ZCTA5 17052,67115,17052
ZCTA5 17053,82269,17053
ZCTA5 17054,78523,17054
ZCTA5 17055,99077,17055
ZCTA5 17056,-666666666,17056
ZCTA5 17057,73407,17057
ZCTA5 17058,49125,17058
ZCTA5 17059,64970,17059
ZCTA5 17060,67159,17060
ZCTA5 17061,55611,17061
ZCTA5 17062,90893,17062
ZCTA5 17063,75444,17063
ZCTA5 17064,130417,17064
ZCTA5 17065,86406,17065
ZCTA5 17066,50765,17066
ZCTA5 17067,76183,17067
ZCTA5 17068,82888,17068
ZCTA5 17069,80000,17069
ZCTA5 17070,88000,17070
ZCTA5 17071,46667,17071
ZCTA5 17073,91452,17073
ZCTA5 17074,81964,17074
ZCTA5 17075,70625,17075
ZCTA5 17076,-666666666,17076
ZCTA5 17077,52656,17077
ZCTA5 17078,93135,17078
ZCTA5 17080,73438,17080
ZCTA5 17081,73977,17081
ZCTA5 17082,75000,17082
ZCTA5 17084,80197,17084
ZCTA5 17086,61875,17086
ZCTA5 17087,93150,17087
ZCTA5 17088,113933,17088
ZCTA5 17090,78281,17090
ZCTA5 17093,75926,17093
ZCTA5 17094,66375,17094
ZCTA5 17097,69063,17097
ZCTA5 17098,63041,17098
ZCTA5 17099,62250,17099
ZCTA5 17101,50878,17101
ZCTA5 17102,54573,17102
ZCTA5 17103,39825,17103
ZCTA5 17104,46510,17104
ZCTA5 17109,71833,17109
ZCTA5 17110,80699,17110
ZCTA5 17111,86385,17111
ZCTA5 17112,103876,17112
ZCTA5 17113,68244,17113
ZCTA5 17120,-666666666,17120
ZCTA5 17201,61234,17201
ZCTA5 17202,96318,17202
ZCTA5 17210,62344,17210
ZCTA5 17211,53750,17211
ZCTA5 17212,84205,17212
ZCTA5 17213,76506,17213
ZCTA5 17214,62188,17214
ZCTA5 17215,69773,17215
ZCTA5 17217,75208,17217
ZCTA5 17219,-666666666,17219
ZCTA5 17220,66359,17220
ZCTA5 17221,62109,17221
ZCTA5 17222,80000,17222
ZCTA5 17223,38355,17223
ZCTA5 17224,114779,17224
ZCTA5 17225,88457,17225
ZCTA5 17228,67438,17228
ZCTA5 17229,70313,17229
ZCTA5 17232,-666666666,17232
ZCTA5 17233,61296,17233
ZCTA5 17235,-666666666,17235
ZCTA5 17236,79271,17236
ZCTA5 17237,80903,17237
ZCTA5 17238,65189,17238
ZCTA5 17239,69107,17239
ZCTA5 17240,91429,17240
ZCTA5 17241,75500,17241
ZCTA5 17243,42381,17243
ZCTA5 17244,70729,17244
ZCTA5 17246,74713,17246
ZCTA5 17247,52159,17247
ZCTA5 17249,74107,17249
ZCTA5 17250,-666666666,17250
ZCTA5 17251,92955,17251
ZCTA5 17252,73629,17252
ZCTA5 17253,71143,17253
ZCTA5 17254,140100,17254
ZCTA5 17255,66667,17255
ZCTA5 17257,71181,17257
ZCTA5 17260,45324,17260
ZCTA5 17261,-666666666,17261
ZCTA5 17262,87708,17262
ZCTA5 17263,88835,17263
ZCTA5 17264,53382,17264
ZCTA5 17265,44844,17265
ZCTA5 17266,66667,17266
ZCTA5 17267,77788,17267
ZCTA5 17268,73161,17268
ZCTA5 17271,93075,17271
ZCTA5 17301,84712,17301
ZCTA5 17302,82200,17302
ZCTA5 17303,81905,17303
ZCTA5 17304,84885,17304
ZCTA5 17306,75000,17306
ZCTA5 17307,88571,17307
ZCTA5 17309,84917,17309
ZCTA5 17311,77500,17311
ZCTA5 17313,70176,17313
ZCTA5 17314,96047,17314
ZCTA5 17315,82884,17315
ZCTA5 17316,90664,17316
ZCTA5 17317,88906,17317
ZCTA5 17318,-666666666,17318
ZCTA5 17319,99778,17319
ZCTA5 17320,90076,17320
ZCTA5 17321,114205,17321
ZCTA5 17322,103152,17322
ZCTA5 17323,-666666666,17323
ZCTA5 17324,77824,17324
ZCTA5 17325,80948,17325
ZCTA5 17327,101106,17327
ZCTA5 17329,121309,17329
ZCTA5 17331,79488,17331
ZCTA5 17339,96583,17339
ZCTA5 17340,90030,17340
ZCTA5 17342,92019,17342
ZCTA5 17343,-666666666,17343
ZCTA5 17344,65833,17344
ZCTA5 17345,92821,17345
ZCTA5 17347,98261,17347
ZCTA5 17349,120618,17349
ZCTA5 17350,79401,17350
ZCTA5 17352,125750,17352
ZCTA5 17353,100150,17353
ZCTA5 17355,-666666666,17355
ZCTA5 17356,86561,17356
ZCTA5 17360,97896,17360
ZCTA5 17361,104958,17361
ZCTA5 17362,98702,17362
ZCTA5 17363,107386,17363
ZCTA5 17364,75677,17364
ZCTA5 17365,91742,17365
ZCTA5 17366,83448,17366
ZCTA5 17368,92694,17368
ZCTA5 17370,89895,17370
ZCTA5 17371,106856,17371
ZCTA5 17372,82313,17372
ZCTA5 17401,42826,17401
ZCTA5 17402,81166,17402
ZCTA5 17403,75384,17403
ZCTA5 17404,78506,17404
ZCTA5 17406,83521,17406
ZCTA5 17407,122625,17407
ZCTA5 17408,94565,17408
ZCTA5 17501,78182,17501
ZCTA5 17502,72776,17502
ZCTA5 17504,88542,17504
ZCTA5 17505,96583,17505
ZCTA5 17506,-666666666,17506
ZCTA5 17507,-666666666,17507
ZCTA5 17508,104597,17508
ZCTA5 17509,77238,17509
ZCTA5 17512,66684,17512
ZCTA5 17516,103942,17516
ZCTA5 17517,99202,17517
ZCTA5 17518,64875,17518
ZCTA5 17519,96250,17519
ZCTA5 17520,93235,17520
ZCTA5 17522,74828,17522
ZCTA5 17527,94788,17527
ZCTA5 17529,80050,17529
ZCTA5 17532,84562,17532
ZCTA5 17534,-666666666,17534
ZCTA5 17535,108774,17535
ZCTA5 17536,76042,17536
ZCTA5 17538,86719,17538
ZCTA5 17540,91895,17540
ZCTA5 17543,97435,17543
ZCTA5 17545,84704,17545
ZCTA5 17547,92199,17547
ZCTA5 17550,-666666666,17550
ZCTA5 17551,68661,17551
ZCTA5 17552,97683,17552
ZCTA5 17554,98431,17554
ZCTA5 17555,116429,17555
ZCTA5 17557,82491,17557
ZCTA5 17560,62169,17560
ZCTA5 17562,108462,17562
ZCTA5 17563,94167,17563
ZCTA5 17565,125313,17565
ZCTA5 17566,78108,17566
ZCTA5 17568,-666666666,17568
ZCTA5 17569,96313,17569
ZCTA5 17570,90833,17570
ZCTA5 17572,80804,17572
ZCTA5 17576,-666666666,17576
ZCTA5 17578,81990,17578
ZCTA5 17579,91621,17579
ZCTA5 17581,-666666666,17581
ZCTA5 17582,100263,17582
ZCTA5 17584,108723,17584
ZCTA5 17601,102435,17601
ZCTA5 17602,75862,17602
ZCTA5 17603,77084,17603
ZCTA5 17606,-666666666,17606
ZCTA5 17701,53237,17701
ZCTA5 17702,70210,17702
ZCTA5 17720,70300,17720
ZCTA5 17721,59073,17721
ZCTA5 17723,77500,17723
ZCTA5 17724,55817,17724
ZCTA5 17727,49464,17727
ZCTA5 17728,77165,17728
ZCTA5 17729,48333,17729
ZCTA5 17730,-666666666,17730
ZCTA5 17731,98750,17731
ZCTA5 17737,70131,17737
ZCTA5 17739,55417,17739
ZCTA5 17740,70236,17740
ZCTA5 17742,71250,17742
ZCTA5 17744,72500,17744
ZCTA5 17745,58555,17745
ZCTA5 17747,71731,17747
ZCTA5 17748,70417,17748
ZCTA5 17749,74500,17749
ZCTA5 17750,147723,17750
ZCTA5 17751,75072,17751
ZCTA5 17752,71118,17752
ZCTA5 17754,72633,17754
ZCTA5 17756,77043,17756
ZCTA5 17758,59167,17758
ZCTA5 17760,66528,17760
ZCTA5 17762,95625,17762
ZCTA5 17763,57083,17763
ZCTA5 17764,41173,17764
ZCTA5 17765,88553,17765
ZCTA5 17768,54583,17768
ZCTA5 17769,130000,17769
ZCTA5 17771,71016,17771
ZCTA5 17772,81146,17772
ZCTA5 17774,70556,17774
ZCTA5 17776,67500,17776
ZCTA5 17777,67188,17777
ZCTA5 17778,56250,17778
ZCTA5 17779,54311,17779
ZCTA5 17801,60664,17801
ZCTA5 17810,77232,17810
ZCTA5 17812,59338,17812
ZCTA5 17813,64792,17813
ZCTA5 17814,65089,17814
ZCTA5 17815,67510,17815
ZCTA5 17820,67685,17820
ZCTA5 17821,76971,17821
ZCTA5 17822,-666666666,17822
ZCTA5 17823,78864,17823
ZCTA5 17824,118176,17824
ZCTA5 17827,61806,17827
ZCTA5 17829,80417,17829
ZCTA5 17830,73942,17830
ZCTA5 17832,52569,17832
ZCTA5 17834,56167,17834
ZCTA5 17835,48611,17835
ZCTA5 17836,91250,17836
ZCTA5 17837,88975,17837
ZCTA5 17840,-666666666,17840
ZCTA5 17841,63269,17841
ZCTA5 17842,62940,17842
ZCTA5 17844,68314,17844
ZCTA5 17845,66510,17845
ZCTA5 17846,66591,17846
ZCTA5 17847,58775,17847
ZCTA5 17850,51429,17850
ZCTA5 17851,53637,17851
ZCTA5 17853,63787,17853
ZCTA5 17855,88929,17855
ZCTA5 17856,91661,17856
ZCTA5 17857,67298,17857
ZCTA5 17858,81250,17858
ZCTA5 17859,75515,17859
ZCTA5 17860,92000,17860
ZCTA5 17861,66607,17861
ZCTA5 17862,52868,17862
ZCTA5 17864,79881,17864
ZCTA5 17865,37083,17865
ZCTA5 17866,51010,17866
ZCTA5 17867,75833,17867
ZCTA5 17868,76250,17868
ZCTA5 17870,70339,17870
ZCTA5 17872,48750,17872
ZCTA5 17876,70972,17876
ZCTA5 17878,68125,17878
ZCTA5 17880,61667,17880
ZCTA5 17881,54122,17881
ZCTA5 17884,55909,17884
ZCTA5 17885,92917,17885
ZCTA5 17886,47574,17886
ZCTA5 17887,-666666666,17887
ZCTA5 17888,-666666666,17888
ZCTA5 17889,89063,17889
ZCTA5 17901,62484,17901
ZCTA5 17920,-666666666,17920
ZCTA5 17921,71141,17921
ZCTA5 17922,99260,17922
ZCTA5 17923,32857,17923
ZCTA5 17925,79821,17925
ZCTA5 17929,73424,17929
ZCTA5 17930,49500,17930
ZCTA5 17931,56507,17931
ZCTA5 17933,-666666666,17933
ZCTA5 17934,69659,17934
ZCTA5 17935,50202,17935
ZCTA5 17936,92837,17936
ZCTA5 17938,93722,17938
ZCTA5 17941,63750,17941
ZCTA5 17943,-666666666,17943
ZCTA5 17944,64844,17944
ZCTA5 17945,24813,17945
ZCTA5 17946,125100,17946
ZCTA5 17948,47813,17948
ZCTA5 17949,54250,17949
ZCTA5 17951,153559,17951
ZCTA5 17952,68281,17952
ZCTA5 17953,75000,17953
ZCTA5 17954,53806,17954
ZCTA5 17957,106250,17957
ZCTA5 17959,52361,17959
ZCTA5 17960,73281,17960
ZCTA5 17961,94941,17961
ZCTA5 17963,79118,17963
ZCTA5 17964,77656,17964
ZCTA5 17965,61284,17965
ZCTA5 17967,77321,17967
ZCTA5 17968,111500,17968
ZCTA5 17970,67703,17970
ZCTA5 17972,68558,17972
ZCTA5 17974,111488,17974
ZCTA5 17976,57587,17976
ZCTA5 17978,65577,17978
ZCTA5 17979,178661,17979
ZCTA5 17980,71210,17980
ZCTA5 17981,73261,17981
ZCTA5 17982,71071,17982
ZCTA5 17983,72411,17983
ZCTA5 17985,71979,17985
ZCTA5 18011,104449,18011
ZCTA5 18012,-666666666,18012
ZCTA5 18013,78847,18013
ZCTA5 18014,82027,18014
ZCTA5 18015,60800,18015
ZCTA5 18017,91173,18017
ZCTA5 18018,75417,18018
ZCTA5 18020,126166,18020
ZCTA5 18030,68173,18030
ZCTA5 18031,113625,18031
ZCTA5 18032,81098,18032
ZCTA5 18034,153200,18034
ZCTA5 18035,-666666666,18035
ZCTA5 18036,129123,18036
ZCTA5 18037,83542,18037
ZCTA5 18038,117121,18038
ZCTA5 18040,107016,18040
ZCTA5 18041,98615,18041
ZCTA5 18042,77556,18042
ZCTA5 18045,114528,18045
ZCTA5 18046,-666666666,18046
ZCTA5 18049,93694,18049
ZCTA5 18051,139506,18051
ZCTA5 18052,75665,18052
ZCTA5 18053,83370,18053
ZCTA5 18054,101920,18054
ZCTA5 18055,90234,18055
ZCTA5 18056,104844,18056
ZCTA5 18058,73041,18058
ZCTA5 18059,167961,18059
ZCTA5 18062,110675,18062
ZCTA5 18063,64963,18063
ZCTA5 18064,103393,18064
ZCTA5 18065,-666666666,18065
ZCTA5 18066,109115,18066
ZCTA5 18067,93652,18067
ZCTA5 18069,117895,18069
ZCTA5 18070,74638,18070
ZCTA5 18071,70217,18071
ZCTA5 18072,80716,18072
ZCTA5 18073,115766,18073
ZCTA5 18074,130462,18074
ZCTA5 18076,79615,18076
ZCTA5 18077,97917,18077
ZCTA5 18078,120857,18078
ZCTA5 18079,96071,18079
ZCTA5 18080,74522,18080
ZCTA5 18081,-666666666,18081
ZCTA5 18083,99688,18083
ZCTA5 18085,112813,18085
ZCTA5 18086,69179,18086
ZCTA5 18087,72917,18087
ZCTA5 18088,82083,18088
ZCTA5 18091,80464,18091
ZCTA5 18092,112721,18092
ZCTA5 18101,44773,18101
ZCTA5 18102,43085,18102
ZCTA5 18103,72895,18103
ZCTA5 18104,94601,18104
ZCTA5 18106,92813,18106
ZCTA5 18109,58031,18109
ZCTA5 18195,-666666666,18195
ZCTA5 18201,47802,18201
ZCTA5 18202,55153,18202
ZCTA5 18210,70683,18210
ZCTA5 18211,78806,18211
ZCTA5 18212,-666666666,18212
ZCTA5 18214,82375,18214
ZCTA5 18216,49350,18216
ZCTA5 18218,59250,18218
ZCTA5 18219,52566,18219
ZCTA5 18220,48750,18220
ZCTA5 18221,71250,18221
ZCTA5 18222,108581,18222
ZCTA5 18223,-666666666,18223
ZCTA5 18224,69620,18224
ZCTA5 18225,-666666666,18225
ZCTA5 18229,66875,18229
ZCTA5 18230,-666666666,18230
ZCTA5 18231,49539,18231
ZCTA5 18232,44713,18232
ZCTA5 18234,30949,18234
ZCTA5 18235,72571,18235
ZCTA5 18237,47174,18237
ZCTA5 18239,-666666666,18239
ZCTA5 18240,63608,18240
ZCTA5 18241,83750,18241
ZCTA5 18242,165720,18242
ZCTA5 18244,68750,18244
ZCTA5 18245,69219,18245
ZCTA5 18246,112250,18246
ZCTA5 18248,58625,18248
ZCTA5 18249,97593,18249
ZCTA5 18250,65268,18250
ZCTA5 18252,65257,18252
ZCTA5 18254,87813,18254
ZCTA5 18255,69034,18255
ZCTA5 18256,57750,18256
ZCTA5 18301,90522,18301
ZCTA5 18302,79736,18302
ZCTA5 18321,100481,18321
ZCTA5 18322,121421,18322
ZCTA5 18323,-666666666,18323
ZCTA5 18324,67344,18324
ZCTA5 18325,103500,18325
ZCTA5 18326,85352,18326
ZCTA5 18327,96094,18327
ZCTA5 18328,86561,18328
ZCTA5 18330,93733,18330
ZCTA5 18331,-666666666,18331
ZCTA5 18332,91912,18332
ZCTA5 18333,-666666666,18333
ZCTA5 18334,90729,18334
ZCTA5 18335,116947,18335
ZCTA5 18336,71295,18336
ZCTA5 18337,93149,18337
ZCTA5 18340,-666666666,18340
ZCTA5 18342,68843,18342
ZCTA5 18343,80491,18343
ZCTA5 18344,83707,18344
ZCTA5 18346,56750,18346
ZCTA5 18347,84389,18347
ZCTA5 18349,-666666666,18349
ZCTA5 18350,115913,18350
ZCTA5 18351,52679,18351
ZCTA5 18353,79071,18353
ZCTA5 18354,85588,18354
ZCTA5 18355,96364,18355
ZCTA5 18356,-666666666,18356
ZCTA5 18357,-666666666,18357
ZCTA5 18360,71481,18360
ZCTA5 18370,143250,18370
ZCTA5 18371,102679,18371
ZCTA5 18372,123344,18372
ZCTA5 18403,77521,18403
ZCTA5 18405,72472,18405
ZCTA5 18407,59652,18407
ZCTA5 18411,98824,18411
ZCTA5 18413,-666666666,18413
ZCTA5 18414,93065,18414
ZCTA5 18415,90852,18415
ZCTA5 18417,63333,18417
ZCTA5 18419,61402,18419
ZCTA5 18420,73333,18420
ZCTA5 18421,68256,18421
ZCTA5 18424,61315,18424
ZCTA5 18425,71083,18425
ZCTA5 18426,63219,18426
ZCTA5 18428,76538,18428
ZCTA5 18430,92083,18430
ZCTA5 18431,56779,18431
ZCTA5 18433,75000,18433
ZCTA5 18434,62922,18434
ZCTA5 18435,100162,18435
ZCTA5 18436,69498,18436
ZCTA5 18437,55833,18437
ZCTA5 18438,60972,18438
ZCTA5 18439,71964,18439
ZCTA5 18440,250001,18440
ZCTA5 18441,85938,18441
ZCTA5 18443,98490,18443
ZCTA5 18444,84246,18444
ZCTA5 18445,53429,18445
ZCTA5 18446,71157,18446
ZCTA5 18447,66677,18447
ZCTA5 18451,155238,18451
ZCTA5 18452,56438,18452
ZCTA5 18453,85110,18453
ZCTA5 18454,61250,18454
ZCTA5 18455,57115,18455
ZCTA5 18456,69750,18456
ZCTA5 18457,-666666666,18457
ZCTA5 18458,96635,18458
ZCTA5 18460,51500,18460
ZCTA5 18461,42321,18461
ZCTA5 18462,69667,18462
ZCTA5 18463,100972,18463
ZCTA5 18464,77277,18464
ZCTA5 18465,67578,18465
ZCTA5 18466,80169,18466
ZCTA5 18469,92386,18469
ZCTA5 18470,73654,18470
ZCTA5 18471,140536,18471
ZCTA5 18472,61094,18472
ZCTA5 18473,27004,18473
ZCTA5 18503,36107,18503
ZCTA5 18504,55036,18504
ZCTA5 18505,52398,18505
ZCTA5 18507,75395,18507
ZCTA5 18508,49895,18508
ZCTA5 18509,51062,18509
ZCTA5 18510,53235,18510
ZCTA5 18512,64708,18512
ZCTA5 18517,77120,18517
ZCTA5 18518,71812,18518
ZCTA5 18519,58500,18519
ZCTA5 18602,160962,18602
ZCTA5 18603,60352,18603
ZCTA5 18610,67656,18610
ZCTA5 18612,93750,18612
ZCTA5 18614,68864,18614
ZCTA5 18615,76184,18615
ZCTA5 18616,62857,18616
ZCTA5 18617,52527,18617
ZCTA5 18618,83500,18618
ZCTA5 18619,66250,18619
ZCTA5 18621,71964,18621
ZCTA5 18622,63750,18622
ZCTA5 18623,74798,18623
ZCTA5 18624,-666666666,18624
ZCTA5 18625,62500,18625
ZCTA5 18626,75250,18626
ZCTA5 18627,-666666666,18627
ZCTA5 18628,81667,18628
ZCTA5 18629,59464,18629
ZCTA5 18630,89464,18630
ZCTA5 18631,46125,18631
ZCTA5 18632,92644,18632
ZCTA5 18634,61439,18634
ZCTA5 18635,73480,18635
ZCTA5 18636,57132,18636
ZCTA5 18640,60862,18640
ZCTA5 18641,75708,18641
ZCTA5 18642,61250,18642
ZCTA5 18643,63125,18643
ZCTA5 18644,70026,18644
ZCTA5 18651,41990,18651
ZCTA5 18655,72571,18655
ZCTA5 18656,76804,18656
ZCTA5 18657,75317,18657
ZCTA5 18660,80568,18660
ZCTA5 18661,75057,18661
ZCTA5 18701,33329,18701
ZCTA5 18702,56378,18702
ZCTA5 18704,64444,18704
ZCTA5 18705,59344,18705
ZCTA5 18706,58558,18706
ZCTA5 18707,109567,18707
ZCTA5 18708,98545,18708
ZCTA5 18709,42135,18709
ZCTA5 18801,70510,18801
ZCTA5 18810,58750,18810
ZCTA5 18812,89688,18812
ZCTA5 18814,60000,18814
ZCTA5 18816,103333,18816
ZCTA5 18817,67875,18817
ZCTA5 18818,62917,18818
ZCTA5 18820,-666666666,18820
ZCTA5 18821,52857,18821
ZCTA5 18822,60132,18822
ZCTA5 18823,-666666666,18823
ZCTA5 18824,72250,18824
ZCTA5 18825,72679,18825
ZCTA5 18826,88958,18826
ZCTA5 18828,56667,18828
ZCTA5 18829,84667,18829
ZCTA5 18830,67969,18830
ZCTA5 18831,82132,18831
ZCTA5 18832,52961,18832
ZCTA5 18833,71691,18833
ZCTA5 18834,70323,18834
ZCTA5 18837,71131,18837
ZCTA5 18840,59214,18840
ZCTA5 18842,82969,18842
ZCTA5 18843,-666666666,18843
ZCTA5 18844,92750,18844
ZCTA5 18845,58036,18845
ZCTA5 18846,86042,18846
ZCTA5 18847,57386,18847
ZCTA5 18848,59861,18848
ZCTA5 18850,71739,18850
ZCTA5 18851,78333,18851
ZCTA5 18853,67250,18853
ZCTA5 18854,77917,18854
ZCTA5 18901,118256,18901
ZCTA5 18902,161267,18902
ZCTA5 18912,250001,18912
ZCTA5 18913,-666666666,18913
ZCTA5 18914,148824,18914
ZCTA5 18915,141696,18915
ZCTA5 18917,84250,18917
ZCTA5 18920,152813,18920
ZCTA5 18921,-666666666,18921
ZCTA5 18923,79722,18923
ZCTA5 18925,207609,18925
ZCTA5 18927,-666666666,18927
ZCTA5 18929,179380,18929
ZCTA5 18930,127072,18930
ZCTA5 18932,-666666666,18932
ZCTA5 18933,226083,18933
ZCTA5 18935,113214,18935
ZCTA5 18936,250001,18936
ZCTA5 18938,184833,18938
ZCTA5 18940,157414,18940
ZCTA5 18942,100417,18942
ZCTA5 18944,130997,18944
ZCTA5 18946,189333,18946
ZCTA5 18947,140783,18947
ZCTA5 18950,225795,18950
ZCTA5 18951,98268,18951
ZCTA5 18954,159857,18954
ZCTA5 18955,78750,18955
ZCTA5 18960,109028,18960
ZCTA5 18962,94536,18962
ZCTA5 18964,96143,18964
ZCTA5 18966,128838,18966
ZCTA5 18969,108995,18969
ZCTA5 18970,114688,18970
ZCTA5 18972,80208,18972
ZCTA5 18974,103779,18974
ZCTA5 18976,123285,18976
ZCTA5 18977,211719,18977
ZCTA5 18980,145278,18980
ZCTA5 19001,108042,19001
ZCTA5 19002,143600,19002
ZCTA5 19003,119861,19003
ZCTA5 19004,149232,19004
ZCTA5 19006,128295,19006
ZCTA5 19007,65511,19007
ZCTA5 19008,119698,19008
ZCTA5 19009,137188,19009
ZCTA5 19010,144471,19010
ZCTA5 19012,125625,19012
ZCTA5 19013,41261,19013
ZCTA5 19014,96781,19014
ZCTA5 19015,82450,19015
ZCTA5 19017,166917,19017
ZCTA5 19018,73522,19018
ZCTA5 19020,83223,19020
ZCTA5 19021,70199,19021
ZCTA5 19022,48969,19022
ZCTA5 19023,46463,19023
ZCTA5 19025,188490,19025
ZCTA5 19026,89234,19026
ZCTA5 19027,106066,19027
ZCTA5 19029,53451,19029
ZCTA5 19030,96603,19030
ZCTA5 19031,134592,19031
ZCTA5 19032,61306,19032
ZCTA5 19033,114400,19033
ZCTA5 19034,165354,19034
ZCTA5 19035,250001,19035
ZCTA5 19036,79144,19036
ZCTA5 19038,117683,19038
ZCTA5 19040,114293,19040
ZCTA5 19041,151989,19041
ZCTA5 19043,95377,19043
ZCTA5 19044,88173,19044
ZCTA5 19046,109818,19046
ZCTA5 19047,109530,19047
ZCTA5 19050,60859,19050
ZCTA5 19052,88831,19052
ZCTA5 19053,107780,19053
ZCTA5 19054,104713,19054
ZCTA5 19055,92476,19055
ZCTA5 19056,111594,19056
ZCTA5 19057,93738,19057
ZCTA5 19060,185043,19060
ZCTA5 19061,82005,19061
ZCTA5 19063,127368,19063
ZCTA5 19064,136893,19064
ZCTA5 19066,250001,19066
ZCTA5 19067,133630,19067
ZCTA5 19070,95795,19070
ZCTA5 19072,172550,19072
ZCTA5 19073,134839,19073
ZCTA5 19074,96134,19074
ZCTA5 19075,120813,19075
ZCTA5 19076,64231,19076
ZCTA5 19078,94681,19078
ZCTA5 19079,67454,19079
ZCTA5 19081,134135,19081
ZCTA5 19082,57108,19082
ZCTA5 19083,124523,19083
ZCTA5 19085,250001,19085
ZCTA5 19086,148920,19086
ZCTA5 19087,171179,19087
ZCTA5 19090,99928,19090
ZCTA5 19094,64150,19094
ZCTA5 19095,97727,19095
ZCTA5 19096,186277,19096
ZCTA5 19102,102093,19102
ZCTA5 19103,99644,19103
ZCTA5 19104,38814,19104
ZCTA5 19106,121047,19106
ZCTA5 19107,69105,19107
ZCTA5 19108,193654,19108
ZCTA5 19109,-666666666,19109
ZCTA5 19111,61138,19111
ZCTA5 19112,-666666666,19112
ZCTA5 19113,-666666666,19113
ZCTA5 19114,77708,19114
ZCTA5 19115,70054,19115
ZCTA5 19116,67535,19116
ZCTA5 19118,109649,19118
ZCTA5 19119,92651,19119
ZCTA5 19120,54000,19120
ZCTA5 19121,38516,19121
ZCTA5 19122,63676,19122
ZCTA5 19123,102106,19123
ZCTA5 19124,45314,19124
ZCTA5 19125,109554,19125
ZCTA5 19126,53176,19126
ZCTA5 19127,102106,19127
ZCTA5 19128,93173,19128
ZCTA5 19129,80606,19129
ZCTA5 19130,112037,19130
ZCTA5 19131,48393,19131
ZCTA5 19132,32823,19132
ZCTA5 19133,31034,19133
ZCTA5 19134,44066,19134
ZCTA5 19135,53138,19135
ZCTA5 19136,56687,19136
ZCTA5 19137,76739,19137
ZCTA5 19138,57744,19138
ZCTA5 19139,40947,19139
ZCTA5 19140,36226,19140
ZCTA5 19141,43998,19141
ZCTA5 19142,38376,19142
ZCTA5 19143,43244,19143
ZCTA5 19144,53161,19144
ZCTA5 19145,71965,19145
ZCTA5 19146,103059,19146
ZCTA5 19147,105755,19147
ZCTA5 19148,82605,19148
ZCTA5 19149,58496,19149
ZCTA5 19150,66936,19150
ZCTA5 19151,54634,19151
ZCTA5 19152,59408,19152
ZCTA5 19153,55213,19153
ZCTA5 19154,95027,19154
ZCTA5 19301,167348,19301
ZCTA5 19310,82371,19310
ZCTA5 19311,155771,19311
ZCTA5 19312,204384,19312
ZCTA5 19316,-666666666,19316
ZCTA5 19317,174408,19317
ZCTA5 19319,-666666666,19319
ZCTA5 19320,90601,19320
ZCTA5 19330,109779,19330
ZCTA5 19333,173107,19333
ZCTA5 19335,143249,19335
ZCTA5 19341,121680,19341
ZCTA5 19342,132688,19342
ZCTA5 19343,160256,19343
ZCTA5 19344,86890,19344
ZCTA5 19345,-666666666,19345
ZCTA5 19348,123526,19348
ZCTA5 19350,144375,19350
ZCTA5 19352,165365,19352
ZCTA5 19355,169417,19355
ZCTA5 19358,71875,19358
ZCTA5 19362,89302,19362
ZCTA5 19363,107067,19363
ZCTA5 19365,104728,19365
ZCTA5 19367,-666666666,19367
ZCTA5 19369,132730,19369
ZCTA5 19372,115438,19372
ZCTA5 19373,192708,19373
ZCTA5 19374,-666666666,19374
ZCTA5 19375,250001,19375
ZCTA5 19380,122899,19380
ZCTA5 19382,132091,19382
ZCTA5 19383,23514,19383
ZCTA5 19390,128858,19390
ZCTA5 19401,69908,19401
ZCTA5 19403,104071,19403
ZCTA5 19405,83859,19405
ZCTA5 19406,116847,19406
ZCTA5 19422,158288,19422
ZCTA5 19425,211739,19425
ZCTA5 19426,151748,19426
ZCTA5 19428,122835,19428
ZCTA5 19435,111667,19435
ZCTA5 19436,77159,19436
ZCTA5 19437,215817,19437
ZCTA5 19438,138134,19438
ZCTA5 19440,99408,19440
ZCTA5 19442,-666666666,19442
ZCTA5 19444,147418,19444
ZCTA5 19446,106310,19446
ZCTA5 19453,80583,19453
ZCTA5 19454,118177,19454
ZCTA5 19456,205500,19456
ZCTA5 19457,-666666666,19457
ZCTA5 19460,124050,19460
ZCTA5 19462,137535,19462
ZCTA5 19464,79787,19464
ZCTA5 19465,107825,19465
ZCTA5 19468,108534,19468
ZCTA5 19472,113056,19472
ZCTA5 19473,138819,19473
ZCTA5 19474,-666666666,19474
ZCTA5 19475,97146,19475
ZCTA5 19477,-666666666,19477
ZCTA5 19490,-666666666,19490
ZCTA5 19492,58233,19492
ZCTA5 19501,110179,19501
ZCTA5 19503,77411,19503
ZCTA5 19504,98859,19504
ZCTA5 19505,95500,19505
ZCTA5 19506,106422,19506
ZCTA5 19507,93177,19507
ZCTA5 19508,84826,19508
ZCTA5 19510,117719,19510
ZCTA5 19511,50357,19511
ZCTA5 19512,79885,19512
ZCTA5 19516,83000,19516
ZCTA5 19518,114181,19518
ZCTA5 19520,100088,19520
ZCTA5 19522,97507,19522
ZCTA5 19523,-666666666,19523
ZCTA5 19525,140403,19525
ZCTA5 19526,69483,19526
ZCTA5 19529,94286,19529
ZCTA5 19530,71554,19530
ZCTA5 19533,105179,19533
ZCTA5 19534,80357,19534
ZCTA5 19535,-666666666,19535
ZCTA5 19536,55347,19536
ZCTA5 19538,48884,19538
ZCTA5 19539,107656,19539
ZCTA5 19540,100000,19540
ZCTA5 19541,107625,19541
ZCTA5 19543,112750,19543
ZCTA5 19544,106563,19544
ZCTA5 19545,90188,19545
ZCTA5 19547,89948,19547
ZCTA5 19549,61563,19549
ZCTA5 19550,58958,19550
ZCTA5 19551,90504,19551
ZCTA5 19554,81850,19554
ZCTA5 19555,89583,19555
ZCTA5 19559,100227,19559
ZCTA5 19560,80769,19560
ZCTA5 19562,80407,19562
ZCTA5 19564,101571,19564
ZCTA5 19565,96325,19565
ZCTA5 19567,91458,19567
ZCTA5 19601,40973,19601
ZCTA5 19602,34582,19602
ZCTA5 19604,52905,19604
ZCTA5 19605,92648,19605
ZCTA5 19606,85557,19606
ZCTA5 19607,81346,19607
ZCTA5 19608,110173,19608
ZCTA5 19609,82576,19609
ZCTA5 19610,87374,19610
ZCTA5 19611,63331,19611
ZCTA5 19701,111198,19701
ZCTA5 19702,92446,19702
ZCTA5 19703,76939,19703
ZCTA5 19706,83681,19706
ZCTA5 19707,172696,19707
ZCTA5 19709,132956,19709
ZCTA5 19710,-666666666,19710
ZCTA5 19711,95403,19711
ZCTA5 19713,76493,19713
ZCTA5 19716,-666666666,19716
ZCTA5 19717,-666666666,19717
ZCTA5 19720,75403,19720
ZCTA5 19730,112083,19730
ZCTA5 19731,71282,19731
ZCTA5 19732,236000,19732
ZCTA5 19733,82604,19733
ZCTA5 19734,127803,19734
ZCTA5 19735,-666666666,19735
ZCTA5 19736,-666666666,19736
ZCTA5 19801,52810,19801
ZCTA5 19802,53812,19802
ZCTA5 19803,135218,19803
ZCTA5 19804,79701,19804
ZCTA5 19805,60221,19805
ZCTA5 19806,88855,19806
ZCTA5 19807,153341,19807
ZCTA5 19808,94234,19808
ZCTA5 19809,81288,19809
ZCTA5 19810,112775,19810
ZCTA5 19901,66388,19901
ZCTA5 19902,-666666666,19902
ZCTA5 19904,66908,19904
ZCTA5 19930,125491,19930
ZCTA5 19931,99375,19931
ZCTA5 19933,60703,19933
ZCTA5 19934,87125,19934
ZCTA5 19936,34135,19936
ZCTA5 19938,99596,19938
ZCTA5 19939,89806,19939
ZCTA5 19940,65024,19940
ZCTA5 19941,75139,19941
ZCTA5 19943,73925,19943
ZCTA5 19944,121250,19944
ZCTA5 19945,87638,19945
ZCTA5 19946,80459,19946
ZCTA5 19947,71229,19947
ZCTA5 19950,75305,19950
ZCTA5 19951,95546,19951
ZCTA5 19952,76791,19952
ZCTA5 19953,81792,19953
ZCTA5 19954,60345,19954
ZCTA5 19955,44634,19955
ZCTA5 19956,65603,19956
ZCTA5 19958,97197,19958
ZCTA5 19960,67200,19960
ZCTA5 19962,104260,19962
ZCTA5 19963,71108,19963
ZCTA5 19964,99402,19964
ZCTA5 19966,78305,19966
ZCTA5 19967,98301,19967
ZCTA5 19968,87163,19968
ZCTA5 19970,94103,19970
ZCTA5 19971,102146,19971
ZCTA5 19973,64387,19973
ZCTA5 19975,88568,19975
ZCTA5 19977,76826,19977
ZCTA5 19979,72361,19979
ZCTA5 19980,85272,19980
ZCTA5 20001,138059,20001
ZCTA5 20002,120337,20002
ZCTA5 20003,159846,20003
ZCTA5 20004,184792,20004
ZCTA5 20005,116724,20005
ZCTA5 20006,35011,20006
ZCTA5 20007,140996,20007
ZCTA5 20008,125212,20008
ZCTA5 20009,146664,20009
ZCTA5 20010,114126,20010
ZCTA5 20011,110309,20011
ZCTA5 20012,121418,20012
ZCTA5 20015,250001,20015
ZCTA5 20016,178920,20016
ZCTA5 20017,106300,20017
ZCTA5 20018,90639,20018
ZCTA5 20019,58296,20019
ZCTA5 20020,54032,20020
ZCTA5 20024,107411,20024
ZCTA5 20032,49139,20032
ZCTA5 20036,99832,20036
ZCTA5 20037,111153,20037
ZCTA5 20045,-666666666,20045
ZCTA5 20052,-666666666,20052
ZCTA5 20057,-666666666,20057
ZCTA5 20059,-666666666,20059
ZCTA5 20064,-666666666,20064
ZCTA5 20105,219123,20105
ZCTA5 20106,108469,20106
ZCTA5 20109,89962,20109
ZCTA5 20110,118486,20110
ZCTA5 20111,113879,20111
ZCTA5 20112,195467,20112
ZCTA5 20115,142981,20115
ZCTA5 20117,146120,20117
ZCTA5 20119,115757,20119
ZCTA5 20120,152563,20120
ZCTA5 20121,129947,20121
ZCTA5 20124,221060,20124
ZCTA5 20129,250001,20129
ZCTA5 20130,92560,20130
ZCTA5 20132,181875,20132
ZCTA5 20135,114219,20135
ZCTA5 20136,183750,20136
ZCTA5 20137,191974,20137
ZCTA5 20141,210563,20141
ZCTA5 20143,176250,20143
ZCTA5 20144,192614,20144
ZCTA5 20147,163904,20147
ZCTA5 20148,233494,20148
ZCTA5 20151,158271,20151
ZCTA5 20152,197156,20152
ZCTA5 20155,164279,20155
ZCTA5 20158,211522,20158
ZCTA5 20164,135660,20164
ZCTA5 20165,183076,20165
ZCTA5 20166,133401,20166
ZCTA5 20169,203051,20169
ZCTA5 20170,159466,20170
ZCTA5 20171,171372,20171
ZCTA5 20175,174854,20175
ZCTA5 20176,168299,20176
ZCTA5 20180,151483,20180
ZCTA5 20181,164167,20181
ZCTA5 20184,50278,20184
ZCTA5 20186,97801,20186
ZCTA5 20187,176435,20187
ZCTA5 20190,134746,20190
ZCTA5 20191,151185,20191
ZCTA5 20194,170988,20194
ZCTA5 20197,190703,20197
ZCTA5 20198,106518,20198
ZCTA5 20204,-666666666,20204
ZCTA5 20220,-666666666,20220
ZCTA5 20230,-666666666,20230
ZCTA5 20240,-666666666,20240
ZCTA5 20245,-666666666,20245
ZCTA5 20250,-666666666,20250
ZCTA5 20260,-666666666,20260
ZCTA5 20317,-666666666,20317
ZCTA5 20319,-666666666,20319
ZCTA5 20373,-666666666,20373
ZCTA5 20388,-666666666,20388
ZCTA5 20390,-666666666,20390
ZCTA5 20408,-666666666,20408
ZCTA5 20415,-666666666,20415
ZCTA5 20418,-666666666,20418
ZCTA5 20422,-666666666,20422
ZCTA5 20427,-666666666,20427
ZCTA5 20431,-666666666,20431
ZCTA5 20510,-666666666,20510
ZCTA5 20515,-666666666,20515
ZCTA5 20520,-666666666,20520
ZCTA5 20530,-666666666,20530
ZCTA5 20535,-666666666,20535
ZCTA5 20540,-666666666,20540
ZCTA5 20542,-666666666,20542
ZCTA5 20551,-666666666,20551
ZCTA5 20560,-666666666,20560
ZCTA5 20565,-666666666,20565
ZCTA5 20566,-666666666,20566
ZCTA5 20591,-666666666,20591
ZCTA5 20601,117480,20601
ZCTA5 20602,107360,20602
ZCTA5 20603,137946,20603
ZCTA5 20606,88262,20606
ZCTA5 20607,151427,20607
ZCTA5 20608,82083,20608
ZCTA5 20609,118102,20609
ZCTA5 20611,151607,20611
ZCTA5 20612,41118,20612
ZCTA5 20613,151422,20613
ZCTA5 20615,-666666666,20615
ZCTA5 20616,128177,20616
ZCTA5 20617,104036,20617
ZCTA5 20618,105508,20618
ZCTA5 20619,119432,20619
ZCTA5 20620,165972,20620
ZCTA5 20621,-666666666,20621
ZCTA5 20622,124063,20622
ZCTA5 20623,146058,20623
ZCTA5 20624,104545,20624
ZCTA5 20625,-666666666,20625
ZCTA5 20626,-666666666,20626
ZCTA5 20628,-666666666,20628
ZCTA5 20629,87389,20629
ZCTA5 20630,233411,20630
ZCTA5 20632,-666666666,20632
ZCTA5 20634,139375,20634
ZCTA5 20636,163690,20636
ZCTA5 20637,160121,20637
ZCTA5 20639,161422,20639
ZCTA5 20640,100593,20640
ZCTA5 20645,191429,20645
ZCTA5 20646,131974,20646
ZCTA5 20650,143116,20650
ZCTA5 20653,103048,20653
ZCTA5 20656,-666666666,20656
ZCTA5 20657,115748,20657
ZCTA5 20658,104375,20658
ZCTA5 20659,121654,20659
ZCTA5 20660,-666666666,20660
ZCTA5 20661,-666666666,20661
ZCTA5 20662,86699,20662
ZCTA5 20664,88438,20664
ZCTA5 20667,-666666666,20667
ZCTA5 20670,70371,20670
ZCTA5 20674,171985,20674
ZCTA5 20675,127269,20675
ZCTA5 20676,156657,20676
ZCTA5 20677,165764,20677
ZCTA5 20678,125732,20678
ZCTA5 20680,-666666666,20680
ZCTA5 20684,180060,20684
ZCTA5 20685,119135,20685
ZCTA5 20686,-666666666,20686
ZCTA5 20687,-666666666,20687
ZCTA5 20688,102950,20688
ZCTA5 20689,161833,20689
ZCTA5 20690,122750,20690
ZCTA5 20692,201250,20692
ZCTA5 20693,126033,20693
ZCTA5 20695,141959,20695
ZCTA5 20701,85594,20701
ZCTA5 20705,110351,20705
ZCTA5 20706,104523,20706
ZCTA5 20707,107706,20707
ZCTA5 20708,83367,20708
ZCTA5 20710,63810,20710
ZCTA5 20711,113576,20711
ZCTA5 20712,68846,20712
ZCTA5 20714,91099,20714
ZCTA5 20715,143732,20715
ZCTA5 20716,125034,20716
ZCTA5 20720,158997,20720
ZCTA5 20721,163105,20721
ZCTA5 20722,91875,20722
ZCTA5 20723,138113,20723
ZCTA5 20724,118115,20724
ZCTA5 20732,140304,20732
ZCTA5 20733,126797,20733
ZCTA5 20735,126196,20735
ZCTA5 20736,159851,20736
ZCTA5 20737,86951,20737
ZCTA5 20740,77317,20740
ZCTA5 20742,-666666666,20742
ZCTA5 20743,76466,20743
ZCTA5 20744,124190,20744
ZCTA5 20745,75236,20745
ZCTA5 20746,79330,20746
ZCTA5 20747,76298,20747
ZCTA5 20748,83162,20748
ZCTA5 20751,123951,20751
ZCTA5 20754,167371,20754
ZCTA5 20755,103261,20755
ZCTA5 20758,240847,20758
ZCTA5 20759,250001,20759
ZCTA5 20762,87407,20762
ZCTA5 20763,76842,20763
ZCTA5 20764,118857,20764
ZCTA5 20765,149545,20765
ZCTA5 20769,139773,20769
ZCTA5 20770,84096,20770
ZCTA5 20771,-666666666,20771
ZCTA5 20772,139403,20772
ZCTA5 20774,128259,20774
ZCTA5 20776,149300,20776
ZCTA5 20777,226146,20777
ZCTA5 20778,205974,20778
ZCTA5 20779,178452,20779
ZCTA5 20781,86018,20781
ZCTA5 20782,90205,20782
ZCTA5 20783,86737,20783
ZCTA5 20784,86509,20784
ZCTA5 20785,85994,20785
ZCTA5 20794,116406,20794
ZCTA5 20812,213750,20812
ZCTA5 20814,150996,20814
ZCTA5 20815,194971,20815
ZCTA5 20816,232656,20816
ZCTA5 20817,249332,20817
ZCTA5 20818,245982,20818
ZCTA5 20832,168524,20832
ZCTA5 20833,204375,20833
ZCTA5 20837,174063,20837
ZCTA5 20838,250001,20838
ZCTA5 20839,160329,20839
ZCTA5 20841,184688,20841
ZCTA5 20842,204013,20842
ZCTA5 20850,125950,20850
ZCTA5 20851,126411,20851
ZCTA5 20852,122472,20852
ZCTA5 20853,159080,20853
ZCTA5 20854,250001,20854
ZCTA5 20855,149110,20855
ZCTA5 20860,-666666666,20860
ZCTA5 20861,163438,20861
ZCTA5 20862,189667,20862
ZCTA5 20866,140308,20866
ZCTA5 20868,143333,20868
ZCTA5 20871,177523,20871
ZCTA5 20872,141050,20872
ZCTA5 20874,115022,20874
ZCTA5 20876,119731,20876
ZCTA5 20877,92800,20877
ZCTA5 20878,144313,20878
ZCTA5 20879,112104,20879
ZCTA5 20880,134583,20880
ZCTA5 20882,184136,20882
ZCTA5 20886,98542,20886
ZCTA5 20889,-666666666,20889
ZCTA5 20892,-666666666,20892
ZCTA5 20894,-666666666,20894
ZCTA5 20895,173625,20895
ZCTA5 20896,250001,20896
ZCTA5 20899,24417,20899
ZCTA5 20901,131386,20901
ZCTA5 20902,114486,20902
ZCTA5 20903,80768,20903
ZCTA5 20904,96025,20904
ZCTA5 20905,159740,20905
ZCTA5 20906,97521,20906
ZCTA5 20910,112134,20910
ZCTA5 20912,83870,20912
ZCTA5 21001,83238,21001
ZCTA5 21005,125208,21005
ZCTA5 21009,121660,21009
ZCTA5 21010,99410,21010
ZCTA5 21012,139432,21012
ZCTA5 21013,171354,21013
ZCTA5 21014,116970,21014
ZCTA5 21015,137281,21015
ZCTA5 21017,106831,21017
ZCTA5 21023,84474,21023
ZCTA5 21028,137586,21028
ZCTA5 21029,243542,21029
ZCTA5 21030,89015,21030
ZCTA5 21031,-666666666,21031
ZCTA5 21032,168653,21032
ZCTA5 21034,78047,21034
ZCTA5 21035,188347,21035
ZCTA5 21036,218036,21036
ZCTA5 21037,145787,21037
ZCTA5 21040,81704,21040
ZCTA5 21042,190061,21042
ZCTA5 21043,148125,21043
ZCTA5 21044,135057,21044
ZCTA5 21045,118563,21045
ZCTA5 21046,127813,21046
ZCTA5 21047,157500,21047
ZCTA5 21048,131921,21048
ZCTA5 21050,125208,21050
ZCTA5 21051,232721,21051
ZCTA5 21052,77300,21052
ZCTA5 21053,89497,21053
ZCTA5 21054,163825,21054
ZCTA5 21056,250001,21056
ZCTA5 21057,145924,21057
ZCTA5 21060,104715,21060
ZCTA5 21061,87751,21061
ZCTA5 21071,213500,21071
ZCTA5 21074,108536,21074
ZCTA5 21075,135303,21075
ZCTA5 21076,146869,21076
ZCTA5 21077,-666666666,21077
ZCTA5 21078,106667,21078
ZCTA5 21082,145571,21082
ZCTA5 21084,121509,21084
ZCTA5 21085,113714,21085
ZCTA5 21087,129188,21087
ZCTA5 21090,138119,21090
ZCTA5 21093,125528,21093
ZCTA5 21102,135069,21102
ZCTA5 21104,191804,21104
ZCTA5 21105,-666666666,21105
ZCTA5 21108,151324,21108
ZCTA5 21111,136304,21111
ZCTA5 21113,125639,21113
ZCTA5 21114,141344,21114
ZCTA5 21117,101831,21117
ZCTA5 21120,162052,21120
ZCTA5 21122,127587,21122
ZCTA5 21128,128069,21128
ZCTA5 21130,17336,21130
ZCTA5 21131,197619,21131
ZCTA5 21132,132288,21132
ZCTA5 21133,80480,21133
ZCTA5 21136,118500,21136
ZCTA5 21140,170156,21140
ZCTA5 21144,136684,21144
ZCTA5 21146,172122,21146
ZCTA5 21152,121350,21152
ZCTA5 21153,220179,21153
ZCTA5 21154,97658,21154
ZCTA5 21155,123158,21155
ZCTA5 21156,-666666666,21156
ZCTA5 21157,104966,21157
ZCTA5 21158,109827,21158
ZCTA5 21160,106181,21160
ZCTA5 21161,108094,21161
ZCTA5 21162,157813,21162
ZCTA5 21163,134672,21163
ZCTA5 21201,45640,21201
ZCTA5 21202,59377,21202
ZCTA5 21204,99606,21204
ZCTA5 21205,43176,21205
ZCTA5 21206,64531,21206
ZCTA5 21207,67060,21207
ZCTA5 21208,90131,21208
ZCTA5 21209,91437,21209
ZCTA5 21210,112428,21210
ZCTA5 21211,82828,21211
ZCTA5 21212,96685,21212
ZCTA5 21213,51344,21213
ZCTA5 21214,86366,21214
ZCTA5 21215,51587,21215
ZCTA5 21216,42031,21216
ZCTA5 21217,38409,21217
ZCTA5 21218,62488,21218
ZCTA5 21219,110438,21219
ZCTA5 21220,81817,21220
ZCTA5 21221,67340,21221
ZCTA5 21222,64141,21222
ZCTA5 21223,45840,21223
ZCTA5 21224,89017,21224
ZCTA5 21225,54020,21225
ZCTA5 21226,82635,21226
ZCTA5 21227,85986,21227
ZCTA5 21228,112656,21228
ZCTA5 21229,60047,21229
ZCTA5 21230,91842,21230
ZCTA5 21231,85254,21231
ZCTA5 21233,-666666666,21233
ZCTA5 21234,83517,21234
ZCTA5 21236,95149,21236
ZCTA5 21237,91693,21237
ZCTA5 21239,62650,21239
ZCTA5 21240,-666666666,21240
ZCTA5 21244,85114,21244
ZCTA5 21250,-666666666,21250
ZCTA5 21251,-666666666,21251
ZCTA5 21252,-666666666,21252
ZCTA5 21285,-666666666,21285
ZCTA5 21286,93808,21286
ZCTA5 21287,-666666666,21287
ZCTA5 21401,123381,21401
ZCTA5 21402,80893,21402
ZCTA5 21403,123329,21403
ZCTA5 21405,160703,21405
ZCTA5 21409,147151,21409
ZCTA5 21502,60725,21502
ZCTA5 21520,59852,21520
ZCTA5 21521,64194,21521
ZCTA5 21523,59063,21523
ZCTA5 21524,76417,21524
ZCTA5 21529,37240,21529
ZCTA5 21530,63542,21530
ZCTA5 21531,63750,21531
ZCTA5 21532,63690,21532
ZCTA5 21536,64205,21536
ZCTA5 21538,61250,21538
ZCTA5 21539,57708,21539
ZCTA5 21540,81250,21540
ZCTA5 21541,82955,21541
ZCTA5 21542,-666666666,21542
ZCTA5 21543,-666666666,21543
ZCTA5 21545,60264,21545
ZCTA5 21550,64921,21550
ZCTA5 21555,53266,21555
ZCTA5 21557,34936,21557
ZCTA5 21560,-666666666,21560
ZCTA5 21561,73858,21561
ZCTA5 21562,47500,21562
ZCTA5 21601,83680,21601
ZCTA5 21607,91250,21607
ZCTA5 21610,86250,21610
ZCTA5 21612,117794,21612
ZCTA5 21613,53890,21613
ZCTA5 21617,116898,21617
ZCTA5 21619,107639,21619
ZCTA5 21620,80530,21620
ZCTA5 21622,68750,21622
ZCTA5 21623,78345,21623
ZCTA5 21624,89375,21624
ZCTA5 21625,83250,21625
ZCTA5 21626,-666666666,21626
ZCTA5 21627,96250,21627
ZCTA5 21628,115417,21628
ZCTA5 21629,73956,21629
ZCTA5 21631,73864,21631
ZCTA5 21632,61316,21632
ZCTA5 21634,83250,21634
ZCTA5 21635,101618,21635
ZCTA5 21636,73426,21636
ZCTA5 21638,140086,21638
ZCTA5 21639,62772,21639
ZCTA5 21640,53558,21640
ZCTA5 21641,66875,21641
ZCTA5 21643,67219,21643
ZCTA5 21644,-666666666,21644
ZCTA5 21645,86118,21645
ZCTA5 21647,113472,21647
ZCTA5 21648,-666666666,21648
ZCTA5 21649,68542,21649
ZCTA5 21650,-666666666,21650
ZCTA5 21651,74063,21651
ZCTA5 21652,127930,21652
ZCTA5 21653,-666666666,21653
ZCTA5 21654,82772,21654
ZCTA5 21655,90385,21655
ZCTA5 21657,104940,21657
ZCTA5 21658,128274,21658
ZCTA5 21659,73750,21659
ZCTA5 21660,80469,21660
ZCTA5 21661,90492,21661
ZCTA5 21662,137404,21662
ZCTA5 21663,89775,21663
ZCTA5 21664,82721,21664
ZCTA5 21665,-666666666,21665
ZCTA5 21666,123645,21666
ZCTA5 21667,64122,21667
ZCTA5 21668,78672,21668
ZCTA5 21669,116500,21669
ZCTA5 21671,45125,21671
ZCTA5 21672,83269,21672
ZCTA5 21673,68194,21673
ZCTA5 21675,-666666666,21675
ZCTA5 21676,-666666666,21676
ZCTA5 21677,-666666666,21677
ZCTA5 21678,71023,21678
ZCTA5 21679,119821,21679
ZCTA5 21701,106577,21701
ZCTA5 21702,106983,21702
ZCTA5 21703,106334,21703
ZCTA5 21704,161063,21704
ZCTA5 21705,-666666666,21705
ZCTA5 21710,163864,21710
ZCTA5 21711,91250,21711
ZCTA5 21713,96199,21713
ZCTA5 21714,161806,21714
ZCTA5 21715,-666666666,21715
ZCTA5 21716,109382,21716
ZCTA5 21717,158413,21717
ZCTA5 21718,93500,21718
ZCTA5 21719,65809,21719
ZCTA5 21722,88232,21722
ZCTA5 21723,241250,21723
ZCTA5 21727,95236,21727
ZCTA5 21733,109896,21733
ZCTA5 21734,61392,21734
ZCTA5 21737,250001,21737
ZCTA5 21738,250001,21738
ZCTA5 21740,62873,21740
ZCTA5 21742,86288,21742
ZCTA5 21746,-666666666,21746
ZCTA5 21750,60625,21750
ZCTA5 21754,182188,21754
ZCTA5 21755,137417,21755
ZCTA5 21756,101786,21756
ZCTA5 21757,100500,21757
ZCTA5 21758,111528,21758
ZCTA5 21762,-666666666,21762
ZCTA5 21766,62054,21766
ZCTA5 21767,57940,21767
ZCTA5 21769,151563,21769
ZCTA5 21770,183571,21770
ZCTA5 21771,157302,21771
ZCTA5 21773,161908,21773
ZCTA5 21774,171103,21774
ZCTA5 21776,133409,21776
ZCTA5 21777,159708,21777
ZCTA5 21778,76458,21778
ZCTA5 21779,-666666666,21779
ZCTA5 21780,83785,21780
ZCTA5 21781,-666666666,21781
ZCTA5 21782,94130,21782
ZCTA5 21783,100750,21783
ZCTA5 21784,139395,21784
ZCTA5 21787,91682,21787
ZCTA5 21788,98856,21788
ZCTA5 21790,77656,21790
ZCTA5 21791,93015,21791
ZCTA5 21793,121971,21793
ZCTA5 21794,231466,21794
ZCTA5 21795,87864,21795
ZCTA5 21797,189241,21797
ZCTA5 21798,116607,21798
ZCTA5 21801,71313,21801
ZCTA5 21804,73156,21804
ZCTA5 21810,-666666666,21810
ZCTA5 21811,90082,21811
ZCTA5 21813,121472,21813
ZCTA5 21814,-666666666,21814
ZCTA5 21817,55720,21817
ZCTA5 21821,60341,21821
ZCTA5 21822,84479,21822
ZCTA5 21824,90288,21824
ZCTA5 21826,64946,21826
ZCTA5 21829,71359,21829
ZCTA5 21830,112991,21830
ZCTA5 21835,47083,21835
ZCTA5 21837,62880,21837
ZCTA5 21838,88438,21838
ZCTA5 21840,-666666666,21840
ZCTA5 21841,-666666666,21841
ZCTA5 21842,79876,21842
ZCTA5 21849,71211,21849
ZCTA5 21850,79665,21850
ZCTA5 21851,53162,21851
ZCTA5 21853,69697,21853
ZCTA5 21856,88045,21856
ZCTA5 21861,86027,21861
ZCTA5 21862,-666666666,21862
ZCTA5 21863,61975,21863
ZCTA5 21864,82917,21864
ZCTA5 21865,83155,21865
ZCTA5 21866,95250,21866
ZCTA5 21867,-666666666,21867
ZCTA5 21869,62045,21869
ZCTA5 21871,50524,21871
ZCTA5 21872,117888,21872
ZCTA5 21874,78393,21874
ZCTA5 21875,83665,21875
ZCTA5 21890,-666666666,21890
ZCTA5 21901,113719,21901
ZCTA5 21902,-666666666,21902
ZCTA5 21903,78962,21903
ZCTA5 21904,88136,21904
ZCTA5 21911,104673,21911
ZCTA5 21912,69868,21912
ZCTA5 21913,87813,21913
ZCTA5 21914,66806,21914
ZCTA5 21915,95875,21915
ZCTA5 21917,96750,21917
ZCTA5 21918,84587,21918
ZCTA5 21919,106500,21919
ZCTA5 21920,124146,21920
ZCTA5 21921,85775,21921
ZCTA5 21930,-666666666,21930
ZCTA5 22003,138794,22003
ZCTA5 22015,172563,22015
ZCTA5 22025,150306,22025
ZCTA5 22026,124318,22026
ZCTA5 22027,250001,22027
ZCTA5 22030,139831,22030
ZCTA5 22031,134577,22031
ZCTA5 22032,178394,22032
ZCTA5 22033,143454,22033
ZCTA5 22035,-666666666,22035
ZCTA5 22039,250001,22039
ZCTA5 22041,92636,22041
ZCTA5 22042,138255,22042
ZCTA5 22043,145881,22043
ZCTA5 22044,101034,22044
ZCTA5 22046,168882,22046
ZCTA5 22060,105605,22060
ZCTA5 22066,250001,22066
ZCTA5 22079,148134,22079
ZCTA5 22101,250001,22101
ZCTA5 22102,153949,22102
ZCTA5 22124,218380,22124
ZCTA5 22125,161364,22125
ZCTA5 22134,70268,22134
ZCTA5 22150,123114,22150
ZCTA5 22151,156015,22151
ZCTA5 22152,165906,22152
ZCTA5 22153,174228,22153
ZCTA5 22172,109956,22172
ZCTA5 22180,177111,22180
ZCTA5 22181,211911,22181
ZCTA5 22182,205108,22182
ZCTA5 22191,109316,22191
ZCTA5 22192,127177,22192
ZCTA5 22193,117337,22193
ZCTA5 22201,145000,22201
ZCTA5 22202,133762,22202
ZCTA5 22203,140135,22203
ZCTA5 22204,107941,22204
ZCTA5 22205,201094,22205
ZCTA5 22206,140877,22206
ZCTA5 22207,245745,22207
ZCTA5 22209,120515,22209
ZCTA5 22211,238750,22211
ZCTA5 22213,199306,22213
ZCTA5 22214,-666666666,22214
ZCTA5 22301,194819,22301
ZCTA5 22302,123539,22302
ZCTA5 22303,103656,22303
ZCTA5 22304,101600,22304
ZCTA5 22305,113537,22305
ZCTA5 22306,97132,22306
ZCTA5 22307,141667,22307
ZCTA5 22308,212545,22308
ZCTA5 22309,107376,22309
ZCTA5 22310,166061,22310
ZCTA5 22311,87626,22311
ZCTA5 22312,109272,22312
ZCTA5 22314,148451,22314
ZCTA5 22315,159805,22315
ZCTA5 22401,86230,22401
ZCTA5 22405,128259,22405
ZCTA5 22406,129167,22406
ZCTA5 22407,111129,22407
ZCTA5 22408,110112,22408
ZCTA5 22427,81488,22427
ZCTA5 22432,56250,22432
ZCTA5 22433,79563,22433
ZCTA5 22435,50809,22435
ZCTA5 22436,-666666666,22436
ZCTA5 22437,130139,22437
ZCTA5 22438,87188,22438
ZCTA5 22443,64810,22443
ZCTA5 22448,96000,22448
ZCTA5 22454,49480,22454
ZCTA5 22460,65685,22460
ZCTA5 22469,58500,22469
ZCTA5 22472,-666666666,22472
ZCTA5 22473,68021,22473
ZCTA5 22476,53100,22476
ZCTA5 22480,88438,22480
ZCTA5 22482,47308,22482
ZCTA5 22485,117560,22485
ZCTA5 22488,45313,22488
ZCTA5 22503,74051,22503
ZCTA5 22504,93421,22504
ZCTA5 22508,111357,22508
ZCTA5 22509,19449,22509
ZCTA5 22511,48988,22511
ZCTA5 22514,78792,22514
ZCTA5 22520,71487,22520
ZCTA5 22529,-666666666,22529
ZCTA5 22534,105469,22534
ZCTA5 22535,160259,22535
ZCTA5 22538,-666666666,22538
ZCTA5 22539,89200,22539
ZCTA5 22542,108031,22542
ZCTA5 22546,89247,22546
ZCTA5 22548,-666666666,22548
ZCTA5 22551,110370,22551
ZCTA5 22553,135856,22553
ZCTA5 22554,151480,22554
ZCTA5 22556,137287,22556
ZCTA5 22560,61082,22560
ZCTA5 22567,112813,22567
ZCTA5 22572,67542,22572
ZCTA5 22576,104948,22576
ZCTA5 22578,80783,22578
ZCTA5 22580,93603,22580
ZCTA5 22601,64258,22601
ZCTA5 22602,101398,22602
ZCTA5 22603,75104,22603
ZCTA5 22610,81500,22610
ZCTA5 22611,120381,22611
ZCTA5 22620,99896,22620
ZCTA5 22623,67813,22623
ZCTA5 22624,104375,22624
ZCTA5 22625,95515,22625
ZCTA5 22627,97054,22627
ZCTA5 22630,84631,22630
ZCTA5 22637,81132,22637
ZCTA5 22639,87344,22639
ZCTA5 22640,115673,22640
ZCTA5 22641,136167,22641
ZCTA5 22642,114282,22642
ZCTA5 22643,-666666666,22643
ZCTA5 22644,75606,22644
ZCTA5 22645,90875,22645
ZCTA5 22646,-666666666,22646
ZCTA5 22650,72226,22650
ZCTA5 22652,81722,22652
ZCTA5 22654,74721,22654
ZCTA5 22655,109169,22655
ZCTA5 22656,107135,22656
ZCTA5 22657,63975,22657
ZCTA5 22660,67917,22660
ZCTA5 22663,135046,22663
ZCTA5 22664,73530,22664
ZCTA5 22701,97892,22701
ZCTA5 22709,81912,22709
ZCTA5 22711,69625,22711
ZCTA5 22712,103618,22712
ZCTA5 22713,90795,22713
ZCTA5 22714,122105,22714
ZCTA5 22715,87353,22715
ZCTA5 22716,141458,22716
ZCTA5 22718,83438,22718
ZCTA5 22719,81603,22719
ZCTA5 22720,139500,22720
ZCTA5 22722,205250,22722
ZCTA5 22723,-666666666,22723
ZCTA5 22724,143182,22724
ZCTA5 22725,-666666666,22725
ZCTA5 22726,80703,22726
ZCTA5 22727,84857,22727
ZCTA5 22728,120789,22728
ZCTA5 22729,-666666666,22729
ZCTA5 22730,-666666666,22730
ZCTA5 22731,80208,22731
ZCTA5 22732,-666666666,22732
ZCTA5 22733,74180,22733
ZCTA5 22734,80389,22734
ZCTA5 22735,67536,22735
ZCTA5 22736,100156,22736
ZCTA5 22737,99177,22737
ZCTA5 22738,85139,22738
ZCTA5 22740,65938,22740
ZCTA5 22741,142823,22741
ZCTA5 22742,103447,22742
ZCTA5 22743,46500,22743
ZCTA5 22746,-666666666,22746
ZCTA5 22747,90625,22747
ZCTA5 22749,-666666666,22749
ZCTA5 22801,72067,22801
ZCTA5 22802,66423,22802
ZCTA5 22807,-666666666,22807
ZCTA5 22810,72679,22810
ZCTA5 22811,51477,22811
ZCTA5 22812,85941,22812
ZCTA5 22815,74899,22815
ZCTA5 22820,-666666666,22820
ZCTA5 22821,84603,22821
ZCTA5 22824,63594,22824
ZCTA5 22827,70519,22827
ZCTA5 22830,61038,22830
ZCTA5 22831,44559,22831
ZCTA5 22832,64766,22832
ZCTA5 22834,99926,22834
ZCTA5 22835,52939,22835
ZCTA5 22840,95667,22840
ZCTA5 22841,92862,22841
ZCTA5 22842,60134,22842
ZCTA5 22843,89141,22843
ZCTA5 22844,65974,22844
ZCTA5 22845,-666666666,22845
ZCTA5 22846,115491,22846
ZCTA5 22847,88906,22847
ZCTA5 22849,67261,22849
ZCTA5 22850,91583,22850
ZCTA5 22851,53329,22851
ZCTA5 22853,67083,22853
ZCTA5 22901,92145,22901
ZCTA5 22902,93463,22902
ZCTA5 22903,69340,22903
ZCTA5 22904,250001,22904
ZCTA5 22908,-666666666,22908
ZCTA5 22911,128235,22911
ZCTA5 22920,88028,22920
ZCTA5 22922,60125,22922
ZCTA5 22923,118125,22923
ZCTA5 22931,108438,22931
ZCTA5 22932,115545,22932
ZCTA5 22935,118073,22935
ZCTA5 22936,142338,22936
ZCTA5 22937,86979,22937
ZCTA5 22938,108571,22938
ZCTA5 22939,84209,22939
ZCTA5 22940,204706,22940
ZCTA5 22942,87826,22942
ZCTA5 22943,80875,22943
ZCTA5 22946,115655,22946
ZCTA5 22947,136250,22947
ZCTA5 22948,53007,22948
ZCTA5 22949,52679,22949
ZCTA5 22952,75333,22952
ZCTA5 22957,-666666666,22957
ZCTA5 22958,98284,22958
ZCTA5 22959,95461,22959
ZCTA5 22960,85391,22960
ZCTA5 22963,104259,22963
ZCTA5 22964,-666666666,22964
ZCTA5 22967,87337,22967
ZCTA5 22968,88929,22968
ZCTA5 22969,94659,22969
ZCTA5 22971,79135,22971
ZCTA5 22972,-666666666,22972
ZCTA5 22973,76964,22973
ZCTA5 22974,112344,22974
ZCTA5 22976,42622,22976
ZCTA5 22980,63943,22980
ZCTA5 22989,-666666666,22989
ZCTA5 23002,71813,23002
ZCTA5 23004,66131,23004
ZCTA5 23005,89335,23005
ZCTA5 23009,98581,23009
ZCTA5 23011,128606,23011
ZCTA5 23015,113771,23015
ZCTA5 23021,-666666666,23021
ZCTA5 23022,-666666666,23022
ZCTA5 23023,-666666666,23023
ZCTA5 23024,100962,23024
ZCTA5 23025,71563,23025
ZCTA5 23027,95407,23027
ZCTA5 23030,81250,23030
ZCTA5 23032,108646,23032
ZCTA5 23035,68438,23035
ZCTA5 23038,87083,23038
ZCTA5 23039,156250,23039
ZCTA5 23040,52819,23040
ZCTA5 23043,70625,23043
ZCTA5 23045,-666666666,23045
ZCTA5 23047,81136,23047
ZCTA5 23050,39439,23050
ZCTA5 23055,54082,23055
ZCTA5 23056,79205,23056
ZCTA5 23059,157897,23059
ZCTA5 23060,104468,23060
ZCTA5 23061,91626,23061
ZCTA5 23062,58750,23062
ZCTA5 23063,81553,23063
ZCTA5 23065,92577,23065
ZCTA5 23066,84375,23066
ZCTA5 23068,115733,23068
ZCTA5 23069,83453,23069
ZCTA5 23070,122813,23070
ZCTA5 23071,86500,23071
ZCTA5 23072,74559,23072
ZCTA5 23075,55567,23075
ZCTA5 23076,106367,23076
ZCTA5 23079,63750,23079
ZCTA5 23081,-666666666,23081
ZCTA5 23083,82096,23083
ZCTA5 23084,40833,23084
ZCTA5 23085,98802,23085
ZCTA5 23086,89583,23086
ZCTA5 23089,108802,23089
ZCTA5 23091,80481,23091
ZCTA5 23092,98625,23092
ZCTA5 23093,72798,23093
ZCTA5 23102,126635,23102
ZCTA5 23103,145234,23103
ZCTA5 23106,59028,23106
ZCTA5 23108,-666666666,23108
ZCTA5 23109,79196,23109
ZCTA5 23110,69911,23110
ZCTA5 23111,98969,23111
ZCTA5 23112,116465,23112
ZCTA5 23113,142344,23113
ZCTA5 23114,112738,23114
ZCTA5 23116,141711,23116
ZCTA5 23117,89241,23117
ZCTA5 23119,67083,23119
ZCTA5 23120,158667,23120
ZCTA5 23123,50203,23123
ZCTA5 23124,132060,23124
ZCTA5 23126,61875,23126
ZCTA5 23128,-666666666,23128
ZCTA5 23129,142708,23129
ZCTA5 23130,-666666666,23130
ZCTA5 23138,78475,23138
ZCTA5 23139,110349,23139
ZCTA5 23140,97500,23140
ZCTA5 23141,119535,23141
ZCTA5 23146,119583,23146
ZCTA5 23147,-666666666,23147
ZCTA5 23148,67266,23148
ZCTA5 23149,70743,23149
ZCTA5 23150,79050,23150
ZCTA5 23153,122096,23153
ZCTA5 23156,36179,23156
ZCTA5 23160,-666666666,23160
ZCTA5 23161,-666666666,23161
ZCTA5 23163,51818,23163
ZCTA5 23168,137481,23168
ZCTA5 23169,71964,23169
ZCTA5 23173,-666666666,23173
ZCTA5 23175,66858,23175
ZCTA5 23176,76467,23176
ZCTA5 23177,95255,23177
ZCTA5 23180,73542,23180
ZCTA5 23181,95699,23181
ZCTA5 23185,105431,23185
ZCTA5 23188,103160,23188
ZCTA5 23192,110642,23192
ZCTA5 23219,57507,23219
ZCTA5 23220,61381,23220
ZCTA5 23221,99816,23221
ZCTA5 23222,61345,23222
ZCTA5 23223,55731,23223
ZCTA5 23224,50475,23224
ZCTA5 23225,62949,23225
ZCTA5 23226,126655,23226
ZCTA5 23227,69187,23227
ZCTA5 23228,70260,23228
ZCTA5 23229,107854,23229
ZCTA5 23230,74763,23230
ZCTA5 23231,76505,23231
ZCTA5 23233,125665,23233
ZCTA5 23234,66619,23234
ZCTA5 23235,96083,23235
ZCTA5 23236,110499,23236
ZCTA5 23237,79606,23237
ZCTA5 23238,101523,23238
ZCTA5 23250,-666666666,23250
ZCTA5 23284,28500,23284
ZCTA5 23294,64164,23294
ZCTA5 23298,-666666666,23298
ZCTA5 23301,46680,23301
ZCTA5 23302,-666666666,23302
ZCTA5 23303,107143,23303
ZCTA5 23304,118393,23304
ZCTA5 23306,108438,23306
ZCTA5 23307,-666666666,23307
ZCTA5 23308,73750,23308
ZCTA5 23310,62500,23310
ZCTA5 23314,104029,23314
ZCTA5 23315,71523,23315
ZCTA5 23316,74167,23316
ZCTA5 23320,84305,23320
ZCTA5 23321,101568,23321
ZCTA5 23322,134880,23322
ZCTA5 23323,108730,23323
ZCTA5 23324,57045,23324
ZCTA5 23325,69909,23325
ZCTA5 23336,63464,23336
ZCTA5 23337,64762,23337
ZCTA5 23347,146648,23347
ZCTA5 23350,48712,23350
ZCTA5 23354,206375,23354
ZCTA5 23356,101855,23356
ZCTA5 23357,-666666666,23357
ZCTA5 23358,66250,23358
ZCTA5 23359,71329,23359
ZCTA5 23389,-666666666,23389
ZCTA5 23395,-666666666,23395
ZCTA5 23398,-666666666,23398
ZCTA5 23401,36705,23401
ZCTA5 23405,59663,23405
ZCTA5 23407,70975,23407
ZCTA5 23408,-666666666,23408
ZCTA5 23409,66500,23409
ZCTA5 23410,54050,23410
ZCTA5 23413,56250,23413
ZCTA5 23414,-666666666,23414
ZCTA5 23415,46836,23415
ZCTA5 23416,16688,23416
ZCTA5 23417,66450,23417
ZCTA5 23418,54375,23418
ZCTA5 23420,52831,23420
ZCTA5 23421,52759,23421
ZCTA5 23422,-666666666,23422
ZCTA5 23423,55662,23423
ZCTA5 23426,-666666666,23426
ZCTA5 23427,-666666666,23427
ZCTA5 23430,104065,23430
ZCTA5 23432,94306,23432
ZCTA5 23433,140114,23433
ZCTA5 23434,79877,23434
ZCTA5 23435,111700,23435
ZCTA5 23436,202708,23436
ZCTA5 23437,80833,23437
ZCTA5 23438,93750,23438
ZCTA5 23440,35991,23440
ZCTA5 23441,-666666666,23441
ZCTA5 23442,29583,23442
ZCTA5 23451,100697,23451
ZCTA5 23452,79085,23452
ZCTA5 23453,93838,23453
ZCTA5 23454,102796,23454
ZCTA5 23455,94069,23455
ZCTA5 23456,130533,23456
ZCTA5 23457,116250,23457
ZCTA5 23459,-666666666,23459
ZCTA5 23460,-666666666,23460
ZCTA5 23461,-666666666,23461
ZCTA5 23462,69040,23462
ZCTA5 23464,92468,23464
ZCTA5 23480,57868,23480
ZCTA5 23486,92543,23486
ZCTA5 23487,74243,23487
ZCTA5 23488,76731,23488
ZCTA5 23502,63208,23502
ZCTA5 23503,67649,23503
ZCTA5 23504,44659,23504
ZCTA5 23505,58579,23505
ZCTA5 23507,104295,23507
ZCTA5 23508,74885,23508
ZCTA5 23509,72816,23509
ZCTA5 23510,73524,23510
ZCTA5 23511,62946,23511
ZCTA5 23513,68380,23513
ZCTA5 23517,67375,23517
ZCTA5 23518,77594,23518
ZCTA5 23523,35533,23523
ZCTA5 23551,-666666666,23551
ZCTA5 23601,71279,23601
ZCTA5 23602,79475,23602
ZCTA5 23603,88246,23603
ZCTA5 23604,80047,23604
ZCTA5 23605,53815,23605
ZCTA5 23606,72874,23606
ZCTA5 23607,42334,23607
ZCTA5 23608,71126,23608
ZCTA5 23651,97500,23651
ZCTA5 23661,65446,23661
ZCTA5 23662,120972,23662
ZCTA5 23663,54336,23663
ZCTA5 23664,87412,23664
ZCTA5 23665,80000,23665
ZCTA5 23666,72568,23666
ZCTA5 23667,-666666666,23667
ZCTA5 23668,-666666666,23668
ZCTA5 23669,71222,23669
ZCTA5 23681,-666666666,23681
ZCTA5 23690,80644,23690
ZCTA5 23691,-666666666,23691
ZCTA5 23692,109066,23692
ZCTA5 23693,124433,23693
ZCTA5 23696,142788,23696
ZCTA5 23701,62349,23701
ZCTA5 23702,48835,23702
ZCTA5 23703,78707,23703
ZCTA5 23704,49583,23704
ZCTA5 23707,48926,23707
ZCTA5 23708,-666666666,23708
ZCTA5 23709,-666666666,23709
ZCTA5 23801,82563,23801
ZCTA5 23803,57813,23803
ZCTA5 23805,60807,23805
ZCTA5 23821,46336,23821
ZCTA5 23824,55599,23824
ZCTA5 23827,62727,23827
ZCTA5 23828,63684,23828
ZCTA5 23829,88800,23829
ZCTA5 23830,118030,23830
ZCTA5 23831,95750,23831
ZCTA5 23832,111684,23832
ZCTA5 23833,99495,23833
ZCTA5 23834,84338,23834
ZCTA5 23836,100921,23836
ZCTA5 23837,66645,23837
ZCTA5 23838,134651,23838
ZCTA5 23839,59405,23839
ZCTA5 23840,82153,23840
ZCTA5 23841,70670,23841
ZCTA5 23842,103364,23842
ZCTA5 23843,70481,23843
ZCTA5 23844,-666666666,23844
ZCTA5 23845,73393,23845
ZCTA5 23846,94441,23846
ZCTA5 23847,51168,23847
ZCTA5 23850,87986,23850
ZCTA5 23851,70122,23851
ZCTA5 23856,46932,23856
ZCTA5 23857,79583,23857
ZCTA5 23860,62141,23860
ZCTA5 23866,62000,23866
ZCTA5 23867,61155,23867
ZCTA5 23868,45458,23868
ZCTA5 23870,-666666666,23870
ZCTA5 23872,75913,23872
ZCTA5 23874,58628,23874
ZCTA5 23875,74543,23875
ZCTA5 23876,55469,23876
ZCTA5 23878,87077,23878
ZCTA5 23879,51250,23879
ZCTA5 23881,109531,23881
ZCTA5 23882,63030,23882
ZCTA5 23883,76719,23883
ZCTA5 23884,-666666666,23884
ZCTA5 23885,103849,23885
ZCTA5 23887,77614,23887
ZCTA5 23888,66558,23888
ZCTA5 23889,49730,23889
ZCTA5 23890,64063,23890
ZCTA5 23891,-666666666,23891
ZCTA5 23893,56444,23893
ZCTA5 23894,41071,23894
ZCTA5 23897,83942,23897
ZCTA5 23898,80282,23898
ZCTA5 23899,59792,23899
ZCTA5 23901,55886,23901
ZCTA5 23909,-666666666,23909
ZCTA5 23915,50815,23915
ZCTA5 23917,73965,23917
ZCTA5 23919,66750,23919
ZCTA5 23920,64135,23920
ZCTA5 23921,67955,23921
ZCTA5 23922,62425,23922
ZCTA5 23923,65536,23923
ZCTA5 23924,44291,23924
ZCTA5 23927,70938,23927
ZCTA5 23930,68255,23930
ZCTA5 23934,99922,23934
ZCTA5 23936,57880,23936
ZCTA5 23937,42818,23937
ZCTA5 23938,48167,23938
ZCTA5 23942,51505,23942
ZCTA5 23943,-666666666,23943
ZCTA5 23944,59321,23944
ZCTA5 23947,51800,23947
ZCTA5 23950,41010,23950
ZCTA5 23952,-666666666,23952
ZCTA5 23954,77756,23954
ZCTA5 23955,-666666666,23955
ZCTA5 23958,53650,23958
ZCTA5 23959,78750,23959
ZCTA5 23960,63533,23960
ZCTA5 23962,76806,23962
ZCTA5 23963,68250,23963
ZCTA5 23964,45833,23964
ZCTA5 23966,57177,23966
ZCTA5 23967,73264,23967
ZCTA5 23968,43571,23968
ZCTA5 23970,65170,23970
ZCTA5 23974,51409,23974
ZCTA5 23976,-666666666,23976
ZCTA5 24011,54986,24011
ZCTA5 24012,52973,24012
ZCTA5 24013,51290,24013
ZCTA5 24014,70381,24014
ZCTA5 24015,69831,24015
ZCTA5 24016,46512,24016
ZCTA5 24017,47360,24017
ZCTA5 24018,90885,24018
ZCTA5 24019,77870,24019
ZCTA5 24020,-666666666,24020
ZCTA5 24022,-666666666,24022
ZCTA5 24053,63646,24053
ZCTA5 24054,53910,24054
ZCTA5 24055,45227,24055
ZCTA5 24058,60625,24058
ZCTA5 24059,73237,24059
ZCTA5 24060,67675,24060
ZCTA5 24061,-666666666,24061
ZCTA5 24064,73583,24064
ZCTA5 24065,63240,24065
ZCTA5 24066,63333,24066
ZCTA5 24067,49353,24067
ZCTA5 24069,51575,24069
ZCTA5 24070,66188,24070
ZCTA5 24072,109500,24072
ZCTA5 24073,76800,24073
ZCTA5 24076,43776,24076
ZCTA5 24077,88194,24077
ZCTA5 24078,53665,24078
ZCTA5 24079,72292,24079
ZCTA5 24082,56319,24082
ZCTA5 24083,109207,24083
ZCTA5 24084,63146,24084
ZCTA5 24085,53633,24085
ZCTA5 24086,126354,24086
ZCTA5 24087,41204,24087
ZCTA5 24088,41769,24088
ZCTA5 24089,51458,24089
ZCTA5 24090,90521,24090
ZCTA5 24091,51319,24091
ZCTA5 24092,64388,24092
ZCTA5 24093,-666666666,24093
ZCTA5 24095,80246,24095
ZCTA5 24101,87112,24101
ZCTA5 24102,76250,24102
ZCTA5 24104,65738,24104
ZCTA5 24105,90114,24105
ZCTA5 24112,48770,24112
ZCTA5 24120,46901,24120
ZCTA5 24121,81006,24121
ZCTA5 24122,66563,24122
ZCTA5 24124,62854,24124
ZCTA5 24127,67620,24127
ZCTA5 24128,78512,24128
ZCTA5 24129,-666666666,24129
ZCTA5 24131,-666666666,24131
ZCTA5 24132,-666666666,24132
ZCTA5 24133,61964,24133
ZCTA5 24134,65401,24134
ZCTA5 24136,70854,24136
ZCTA5 24137,65361,24137
ZCTA5 24138,62400,24138
ZCTA5 24139,35077,24139
ZCTA5 24141,62969,24141
ZCTA5 24142,-666666666,24142
ZCTA5 24147,61667,24147
ZCTA5 24148,59428,24148
ZCTA5 24149,69753,24149
ZCTA5 24150,62031,24150
ZCTA5 24151,65223,24151
ZCTA5 24153,74260,24153
ZCTA5 24161,46579,24161
ZCTA5 24162,73348,24162
ZCTA5 24165,49250,24165
ZCTA5 24167,-666666666,24167
ZCTA5 24168,78229,24168
ZCTA5 24171,57778,24171
ZCTA5 24174,54052,24174
ZCTA5 24175,82314,24175
ZCTA5 24176,98250,24176
ZCTA5 24179,67565,24179
ZCTA5 24184,68909,24184
ZCTA5 24185,50156,24185
ZCTA5 24201,48764,24201
ZCTA5 24202,60905,24202
ZCTA5 24210,62734,24210
ZCTA5 24211,85747,24211
ZCTA5 24216,37795,24216
ZCTA5 24217,44663,24217
ZCTA5 24219,55252,24219
ZCTA5 24220,50560,24220
ZCTA5 24221,47788,24221
ZCTA5 24224,49894,24224
ZCTA5 24225,27826,24225
ZCTA5 24226,54191,24226
ZCTA5 24228,49116,24228
ZCTA5 24230,48573,24230
ZCTA5 24236,28983,24236
ZCTA5 24237,33095,24237
ZCTA5 24239,-666666666,24239
ZCTA5 24243,52308,24243
ZCTA5 24244,40423,24244
ZCTA5 24245,36008,24245
ZCTA5 24246,-666666666,24246
ZCTA5 24248,78281,24248
ZCTA5 24250,43465,24250
ZCTA5 24251,44505,24251
ZCTA5 24256,48788,24256
ZCTA5 24258,44659,24258
ZCTA5 24260,46250,24260
ZCTA5 24263,39364,24263
ZCTA5 24265,42727,24265
ZCTA5 24266,59875,24266
ZCTA5 24269,-666666666,24269
ZCTA5 24270,45417,24270
ZCTA5 24271,58625,24271
ZCTA5 24272,31313,24272
ZCTA5 24273,41978,24273
ZCTA5 24277,31737,24277
ZCTA5 24279,43602,24279
ZCTA5 24280,72647,24280
ZCTA5 24281,46806,24281
ZCTA5 24282,31369,24282
ZCTA5 24283,40402,24283
ZCTA5 24290,60923,24290
ZCTA5 24292,36134,24292
ZCTA5 24293,63413,24293
ZCTA5 24301,57718,24301
ZCTA5 24311,48516,24311
ZCTA5 24312,48235,24312
ZCTA5 24313,43672,24313
ZCTA5 24314,85417,24314
ZCTA5 24315,62708,24315
ZCTA5 24316,-666666666,24316
ZCTA5 24317,38412,24317
ZCTA5 24318,60815,24318
ZCTA5 24319,52721,24319
ZCTA5 24322,48482,24322
ZCTA5 24323,52167,24323
ZCTA5 24324,80066,24324
ZCTA5 24325,70938,24325
ZCTA5 24326,42400,24326
ZCTA5 24327,-666666666,24327
ZCTA5 24328,56659,24328
ZCTA5 24330,47478,24330
ZCTA5 24333,47730,24333
ZCTA5 24340,70950,24340
ZCTA5 24343,58252,24343
ZCTA5 24347,55156,24347
ZCTA5 24348,44829,24348
ZCTA5 24350,54219,24350
ZCTA5 24351,-666666666,24351
ZCTA5 24352,50321,24352
ZCTA5 24354,44502,24354
ZCTA5 24360,54792,24360
ZCTA5 24361,70556,24361
ZCTA5 24363,47708,24363
ZCTA5 24366,33148,24366
ZCTA5 24368,73614,24368
ZCTA5 24370,48787,24370
ZCTA5 24374,-666666666,24374
ZCTA5 24375,53571,24375
ZCTA5 24377,57115,24377
ZCTA5 24378,49157,24378
ZCTA5 24380,57778,24380
ZCTA5 24381,65109,24381
ZCTA5 24382,57509,24382
ZCTA5 24401,66300,24401
ZCTA5 24411,-666666666,24411
ZCTA5 24412,250001,24412
ZCTA5 24413,65893,24413
ZCTA5 24415,-666666666,24415
ZCTA5 24416,54882,24416
ZCTA5 24421,98125,24421
ZCTA5 24422,48750,24422
ZCTA5 24426,55138,24426
ZCTA5 24430,45000,24430
ZCTA5 24431,78856,24431
ZCTA5 24432,89259,24432
ZCTA5 24433,79444,24433
ZCTA5 24435,70114,24435
ZCTA5 24437,87200,24437
ZCTA5 24439,47219,24439
ZCTA5 24440,46178,24440
ZCTA5 24441,82083,24441
ZCTA5 24442,69750,24442
ZCTA5 24445,51500,24445
ZCTA5 24448,70833,24448
ZCTA5 24450,76587,24450
ZCTA5 24457,47634,24457
ZCTA5 24458,54145,24458
ZCTA5 24459,94500,24459
ZCTA5 24460,46711,24460
ZCTA5 24464,33879,24464
ZCTA5 24465,61379,24465
ZCTA5 24467,93851,24467
ZCTA5 24469,-666666666,24469
ZCTA5 24471,97396,24471
ZCTA5 24472,51429,24472
ZCTA5 24473,67813,24473
ZCTA5 24474,-666666666,24474
ZCTA5 24476,-666666666,24476
ZCTA5 24477,84260,24477
ZCTA5 24479,80583,24479
ZCTA5 24482,75866,24482
ZCTA5 24483,77500,24483
ZCTA5 24484,55000,24484
ZCTA5 24485,60250,24485
ZCTA5 24486,80990,24486
ZCTA5 24487,54803,24487
ZCTA5 24501,42222,24501
ZCTA5 24502,68872,24502
ZCTA5 24503,89137,24503
ZCTA5 24504,52571,24504
ZCTA5 24515,-666666666,24515
ZCTA5 24517,53201,24517
ZCTA5 24520,42841,24520
ZCTA5 24521,73571,24521
ZCTA5 24522,60503,24522
ZCTA5 24523,73957,24523
ZCTA5 24526,85729,24526
ZCTA5 24527,73715,24527
ZCTA5 24528,58343,24528
ZCTA5 24529,27243,24529
ZCTA5 24530,36165,24530
ZCTA5 24531,43333,24531
ZCTA5 24534,41038,24534
ZCTA5 24536,-666666666,24536
ZCTA5 24538,71224,24538
ZCTA5 24539,57686,24539
ZCTA5 24540,47924,24540
ZCTA5 24541,51427,24541
ZCTA5 24549,55186,24549
ZCTA5 24550,69025,24550
ZCTA5 24551,91067,24551
ZCTA5 24553,50385,24553
ZCTA5 24554,56667,24554
ZCTA5 24555,56080,24555
ZCTA5 24556,87250,24556
ZCTA5 24557,44755,24557
ZCTA5 24558,61019,24558
ZCTA5 24562,58884,24562
ZCTA5 24563,47247,24563
ZCTA5 24565,41683,24565
ZCTA5 24566,65508,24566
ZCTA5 24569,50179,24569
ZCTA5 24570,-666666666,24570
ZCTA5 24571,32218,24571
ZCTA5 24572,62030,24572
ZCTA5 24574,69133,24574
ZCTA5 24577,50362,24577
ZCTA5 24578,68355,24578
ZCTA5 24579,45944,24579
ZCTA5 24580,54853,24580
ZCTA5 24581,-666666666,24581
ZCTA5 24586,53962,24586
ZCTA5 24588,73231,24588
ZCTA5 24589,77593,24589
ZCTA5 24590,105911,24590
ZCTA5 24592,51547,24592
ZCTA5 24593,79018,24593
ZCTA5 24594,43819,24594
ZCTA5 24595,92850,24595
ZCTA5 24597,62917,24597
ZCTA5 24598,61985,24598
ZCTA5 24599,62648,24599
ZCTA5 24601,-666666666,24601
ZCTA5 24602,45150,24602
ZCTA5 24603,56204,24603
ZCTA5 24604,26733,24604
ZCTA5 24605,52653,24605
ZCTA5 24606,-666666666,24606
ZCTA5 24607,92361,24607
ZCTA5 24609,53958,24609
ZCTA5 24612,19083,24612
ZCTA5 24613,-666666666,24613
ZCTA5 24614,41328,24614
ZCTA5 24620,30129,24620
ZCTA5 24622,32049,24622
ZCTA5 24630,57254,24630
ZCTA5 24631,43980,24631
ZCTA5 24634,31453,24634
ZCTA5 24635,49231,24635
ZCTA5 24637,57112,24637
ZCTA5 24639,55591,24639
ZCTA5 24641,35531,24641
ZCTA5 24646,47330,24646
ZCTA5 24649,39345,24649
ZCTA5 24651,44072,24651
ZCTA5 24656,43646,24656
ZCTA5 24657,-666666666,24657
ZCTA5 24701,50455,24701
ZCTA5 24712,80625,24712
ZCTA5 24714,-666666666,24714
ZCTA5 24715,76875,24715
ZCTA5 24716,25461,24716
ZCTA5 24719,-666666666,24719
ZCTA5 24724,-666666666,24724
ZCTA5 24726,-666666666,24726
ZCTA5 24729,2499,24729
ZCTA5 24731,-666666666,24731
ZCTA5 24733,-666666666,24733
ZCTA5 24736,-666666666,24736
ZCTA5 24737,31330,24737
ZCTA5 24738,-666666666,24738
ZCTA5 24739,61436,24739
ZCTA5 24740,44793,24740
ZCTA5 24747,48203,24747
ZCTA5 24801,29330,24801
ZCTA5 24808,-666666666,24808
ZCTA5 24811,-666666666,24811
ZCTA5 24813,-666666666,24813
ZCTA5 24815,-666666666,24815
ZCTA5 24816,-666666666,24816
ZCTA5 24817,25363,24817
ZCTA5 24818,47718,24818
ZCTA5 24822,-666666666,24822
ZCTA5 24823,130020,24823
ZCTA5 24826,-666666666,24826
ZCTA5 24827,55059,24827
ZCTA5 24828,17424,24828
ZCTA5 24830,42037,24830
ZCTA5 24831,57652,24831
ZCTA5 24834,59397,24834
ZCTA5 24836,36250,24836
ZCTA5 24839,39355,24839
ZCTA5 24843,-666666666,24843
ZCTA5 24844,25756,24844
ZCTA5 24845,-666666666,24845
ZCTA5 24846,2499,24846
ZCTA5 24847,61875,24847
ZCTA5 24848,27065,24848
ZCTA5 24849,-666666666,24849
ZCTA5 24850,-666666666,24850
ZCTA5 24851,44234,24851
ZCTA5 24853,13092,24853
ZCTA5 24854,28385,24854
ZCTA5 24855,-666666666,24855
ZCTA5 24857,41011,24857
ZCTA5 24860,-666666666,24860
ZCTA5 24861,-666666666,24861
ZCTA5 24862,30389,24862
ZCTA5 24866,38852,24866
ZCTA5 24867,-666666666,24867
ZCTA5 24868,30259,24868
ZCTA5 24869,42188,24869
ZCTA5 24870,45011,24870
ZCTA5 24871,64167,24871
ZCTA5 24872,40293,24872
ZCTA5 24873,-666666666,24873
ZCTA5 24874,54596,24874
ZCTA5 24878,33113,24878
ZCTA5 24879,-666666666,24879
ZCTA5 24880,67921,24880
ZCTA5 24881,-666666666,24881
ZCTA5 24882,86733,24882
ZCTA5 24884,-666666666,24884
ZCTA5 24887,-666666666,24887
ZCTA5 24888,36813,24888
ZCTA5 24892,36707,24892
ZCTA5 24894,24423,24894
ZCTA5 24895,-666666666,24895
ZCTA5 24898,-666666666,24898
ZCTA5 24901,53403,24901
ZCTA5 24910,38502,24910
ZCTA5 24915,44000,24915
ZCTA5 24916,76404,24916
ZCTA5 24918,63594,24918
ZCTA5 24920,-666666666,24920
ZCTA5 24924,53056,24924
ZCTA5 24925,67550,24925
ZCTA5 24927,-666666666,24927
ZCTA5 24931,43333,24931
ZCTA5 24934,40301,24934
ZCTA5 24935,37135,24935
ZCTA5 24938,77946,24938
ZCTA5 24941,62600,24941
ZCTA5 24943,91250,24943
ZCTA5 24944,61989,24944
ZCTA5 24945,51848,24945
ZCTA5 24946,60625,24946
ZCTA5 24951,70559,24951
ZCTA5 24954,37899,24954
ZCTA5 24957,-666666666,24957
ZCTA5 24962,-666666666,24962
ZCTA5 24963,55179,24963
ZCTA5 24966,52396,24966
ZCTA5 24970,44118,24970
ZCTA5 24974,21446,24974
ZCTA5 24976,46383,24976
ZCTA5 24977,73750,24977
ZCTA5 24981,-666666666,24981
ZCTA5 24983,51667,24983
ZCTA5 24984,38889,24984
ZCTA5 24985,75104,24985
ZCTA5 24986,50610,24986
ZCTA5 24991,55088,24991
ZCTA5 24993,-666666666,24993
ZCTA5 25002,-666666666,25002
ZCTA5 25003,64631,25003
ZCTA5 25005,43750,25005
ZCTA5 25007,38177,25007
ZCTA5 25008,-666666666,25008
ZCTA5 25009,66042,25009
ZCTA5 25011,94375,25011
ZCTA5 25015,56681,25015
ZCTA5 25019,32102,25019
ZCTA5 25021,-666666666,25021
ZCTA5 25022,-666666666,25022
ZCTA5 25024,-666666666,25024
ZCTA5 25025,-666666666,25025
ZCTA5 25028,52944,25028
ZCTA5 25030,72614,25030
ZCTA5 25031,40048,25031
ZCTA5 25033,81761,25033
ZCTA5 25035,33995,25035
ZCTA5 25036,59167,25036
ZCTA5 25039,45417,25039
ZCTA5 25040,-666666666,25040
ZCTA5 25043,-666666666,25043
ZCTA5 25044,57750,25044
ZCTA5 25045,52025,25045
ZCTA5 25047,39250,25047
ZCTA5 25048,41179,25048
ZCTA5 25049,62450,25049
ZCTA5 25051,48672,25051
ZCTA5 25053,58667,25053
ZCTA5 25054,95952,25054
ZCTA5 25057,-666666666,25057
ZCTA5 25059,105920,25059
ZCTA5 25060,-666666666,25060
ZCTA5 25061,55962,25061
ZCTA5 25062,-666666666,25062
ZCTA5 25063,61731,25063
ZCTA5 25064,57263,25064
ZCTA5 25067,72875,25067
ZCTA5 25070,78578,25070
ZCTA5 25071,59710,25071
ZCTA5 25075,68083,25075
ZCTA5 25076,-666666666,25076
ZCTA5 25081,108125,25081
ZCTA5 25082,53582,25082
ZCTA5 25083,32792,25083
ZCTA5 25085,30945,25085
ZCTA5 25086,54032,25086
ZCTA5 25088,41042,25088
ZCTA5 25090,37569,25090
ZCTA5 25093,-666666666,25093
ZCTA5 25102,105150,25102
ZCTA5 25103,23264,25103
ZCTA5 25106,-666666666,25106
ZCTA5 25107,-666666666,25107
ZCTA5 25108,85388,25108
ZCTA5 25109,28876,25109
ZCTA5 25110,56037,25110
ZCTA5 25111,56591,25111
ZCTA5 25112,-666666666,25112
ZCTA5 25113,-666666666,25113
ZCTA5 25114,-666666666,25114
ZCTA5 25115,-666666666,25115
ZCTA5 25118,-666666666,25118
ZCTA5 25119,-666666666,25119
ZCTA5 25121,58422,25121
ZCTA5 25123,55000,25123
ZCTA5 25124,50597,25124
ZCTA5 25125,59875,25125
ZCTA5 25126,-666666666,25126
ZCTA5 25130,53294,25130
ZCTA5 25132,47250,25132
ZCTA5 25133,35114,25133
ZCTA5 25134,150366,25134
ZCTA5 25136,28173,25136
ZCTA5 25139,-666666666,25139
ZCTA5 25140,-666666666,25140
ZCTA5 25141,57321,25141
ZCTA5 25142,86146,25142
ZCTA5 25143,53205,25143
ZCTA5 25148,69115,25148
ZCTA5 25149,-666666666,25149
ZCTA5 25152,-666666666,25152
ZCTA5 25154,67243,25154
ZCTA5 25156,-666666666,25156
ZCTA5 25159,56517,25159
ZCTA5 25160,44066,25160
ZCTA5 25161,51397,25161
ZCTA5 25162,63558,25162
ZCTA5 25164,58375,25164
ZCTA5 25165,48102,25165
ZCTA5 25168,101660,25168
ZCTA5 25169,40417,25169
ZCTA5 25173,-666666666,25173
ZCTA5 25174,-666666666,25174
ZCTA5 25177,55046,25177
ZCTA5 25180,-666666666,25180
ZCTA5 25181,46705,25181
ZCTA5 25183,-666666666,25183
ZCTA5 25185,-666666666,25185
ZCTA5 25186,47563,25186
ZCTA5 25187,41944,25187
ZCTA5 25193,74286,25193
ZCTA5 25201,-666666666,25201
ZCTA5 25202,96328,25202
ZCTA5 25203,-666666666,25203
ZCTA5 25204,13684,25204
ZCTA5 25205,78516,25205
ZCTA5 25206,54250,25206
ZCTA5 25208,41406,25208
ZCTA5 25209,48674,25209
ZCTA5 25211,19659,25211
ZCTA5 25213,100711,25213
ZCTA5 25214,70956,25214
ZCTA5 25231,-666666666,25231
ZCTA5 25234,42813,25234
ZCTA5 25235,52070,25235
ZCTA5 25239,80446,25239
ZCTA5 25241,57336,25241
ZCTA5 25243,48977,25243
ZCTA5 25244,65667,25244
ZCTA5 25245,82232,25245
ZCTA5 25247,52969,25247
ZCTA5 25248,67652,25248
ZCTA5 25251,54741,25251
ZCTA5 25252,44763,25252
ZCTA5 25253,62756,25253
ZCTA5 25259,35417,25259
ZCTA5 25260,49167,25260
ZCTA5 25261,-666666666,25261
ZCTA5 25262,73914,25262
ZCTA5 25264,66150,25264
ZCTA5 25265,51827,25265
ZCTA5 25266,71250,25266
ZCTA5 25267,-666666666,25267
ZCTA5 25268,50993,25268
ZCTA5 25270,44129,25270
ZCTA5 25271,52150,25271
ZCTA5 25275,64632,25275
ZCTA5 25276,44805,25276
ZCTA5 25285,53125,25285
ZCTA5 25286,45250,25286
ZCTA5 25287,99458,25287
ZCTA5 25301,25417,25301
ZCTA5 25302,55210,25302
ZCTA5 25303,75872,25303
ZCTA5 25304,80931,25304
ZCTA5 25305,-666666666,25305
ZCTA5 25306,71654,25306
ZCTA5 25309,57937,25309
ZCTA5 25311,62800,25311
ZCTA5 25312,57246,25312
ZCTA5 25313,64385,25313
ZCTA5 25314,94556,25314
ZCTA5 25315,55083,25315
ZCTA5 25320,58629,25320
ZCTA5 25387,43063,25387
ZCTA5 25401,51909,25401
ZCTA5 25403,87512,25403
ZCTA5 25404,70633,25404
ZCTA5 25405,92536,25405
ZCTA5 25411,71349,25411
ZCTA5 25413,100556,25413
ZCTA5 25414,105500,25414
ZCTA5 25419,89284,25419
ZCTA5 25420,98785,25420
ZCTA5 25421,-666666666,25421
ZCTA5 25422,52047,25422
ZCTA5 25425,94048,25425
ZCTA5 25427,87184,25427
ZCTA5 25428,82885,25428
ZCTA5 25430,86806,25430
ZCTA5 25431,68917,25431
ZCTA5 25432,46397,25432
ZCTA5 25434,64487,25434
ZCTA5 25437,-666666666,25437
ZCTA5 25438,81875,25438
ZCTA5 25442,111419,25442
ZCTA5 25443,111593,25443
ZCTA5 25444,132614,25444
ZCTA5 25446,119853,25446
ZCTA5 25501,42188,25501
ZCTA5 25502,78079,25502
ZCTA5 25503,-666666666,25503
ZCTA5 25504,62530,25504
ZCTA5 25505,-666666666,25505
ZCTA5 25506,44013,25506
ZCTA5 25507,49245,25507
ZCTA5 25508,48144,25508
ZCTA5 25510,72894,25510
ZCTA5 25511,43846,25511
ZCTA5 25512,36964,25512
ZCTA5 25514,53929,25514
ZCTA5 25515,46904,25515
ZCTA5 25517,44696,25517
ZCTA5 25520,51875,25520
ZCTA5 25521,61375,25521
ZCTA5 25523,66563,25523
ZCTA5 25524,40194,25524
ZCTA5 25526,85176,25526
ZCTA5 25529,55769,25529
ZCTA5 25530,70508,25530
ZCTA5 25534,-666666666,25534
ZCTA5 25535,72446,25535
ZCTA5 25537,68385,25537
ZCTA5 25540,2499,25540
ZCTA5 25541,62782,25541
ZCTA5 25544,-666666666,25544
ZCTA5 25545,92813,25545
ZCTA5 25547,-666666666,25547
ZCTA5 25550,49497,25550
ZCTA5 25555,66853,25555
ZCTA5 25557,30804,25557
ZCTA5 25559,34727,25559
ZCTA5 25560,103160,25560
ZCTA5 25564,-666666666,25564
ZCTA5 25565,34966,25565
ZCTA5 25567,51797,25567
ZCTA5 25570,48947,25570
ZCTA5 25571,49201,25571
ZCTA5 25573,-666666666,25573
ZCTA5 25601,47333,25601
ZCTA5 25606,63056,25606
ZCTA5 25607,26857,25607
ZCTA5 25608,82961,25608
ZCTA5 25611,-666666666,25611
ZCTA5 25612,-666666666,25612
ZCTA5 25617,-666666666,25617
ZCTA5 25621,51563,25621
ZCTA5 25624,14339,25624
ZCTA5 25625,90417,25625
ZCTA5 25628,-666666666,25628
ZCTA5 25630,-666666666,25630
ZCTA5 25632,-666666666,25632
ZCTA5 25634,102303,25634
ZCTA5 25635,52583,25635
ZCTA5 25637,51926,25637
ZCTA5 25638,90333,25638
ZCTA5 25639,24902,25639
ZCTA5 25644,88493,25644
ZCTA5 25646,37500,25646
ZCTA5 25647,-666666666,25647
ZCTA5 25649,53262,25649
ZCTA5 25650,-666666666,25650
ZCTA5 25651,-666666666,25651
ZCTA5 25652,48026,25652
ZCTA5 25653,-666666666,25653
ZCTA5 25654,-666666666,25654
ZCTA5 25661,25014,25661
ZCTA5 25666,14519,25666
ZCTA5 25667,-666666666,25667
ZCTA5 25669,43333,25669
ZCTA5 25670,32961,25670
ZCTA5 25671,42679,25671
ZCTA5 25672,-666666666,25672
ZCTA5 25674,38495,25674
ZCTA5 25676,47639,25676
ZCTA5 25678,36486,25678
ZCTA5 25685,63947,25685
ZCTA5 25688,-666666666,25688
ZCTA5 25690,63533,25690
ZCTA5 25692,23234,25692
ZCTA5 25696,48077,25696
ZCTA5 25699,-666666666,25699
ZCTA5 25701,56292,25701
ZCTA5 25702,40708,25702
ZCTA5 25703,24139,25703
ZCTA5 25704,53189,25704
ZCTA5 25705,61329,25705
ZCTA5 25755,-666666666,25755
ZCTA5 25801,56836,25801
ZCTA5 25810,-666666666,25810
ZCTA5 25811,-666666666,25811
ZCTA5 25812,43646,25812
ZCTA5 25813,54364,25813
ZCTA5 25817,-666666666,25817
ZCTA5 25818,85938,25818
ZCTA5 25820,135568,25820
ZCTA5 25823,-666666666,25823
ZCTA5 25825,57795,25825
ZCTA5 25826,-666666666,25826
ZCTA5 25827,41198,25827
ZCTA5 25831,46800,25831
ZCTA5 25832,74184,25832
ZCTA5 25836,-666666666,25836
ZCTA5 25837,79286,25837
ZCTA5 25839,-666666666,25839
ZCTA5 25840,67628,25840
ZCTA5 25841,-666666666,25841
ZCTA5 25843,86767,25843
ZCTA5 25844,30526,25844
ZCTA5 25845,-666666666,25845
ZCTA5 25846,-666666666,25846
ZCTA5 25848,-666666666,25848
ZCTA5 25849,-666666666,25849
ZCTA5 25851,-666666666,25851
ZCTA5 25853,-666666666,25853
ZCTA5 25854,52143,25854
ZCTA5 25855,30335,25855
ZCTA5 25857,-666666666,25857
ZCTA5 25862,107763,25862
ZCTA5 25864,76250,25864
ZCTA5 25865,38173,25865
ZCTA5 25866,69050,25866
ZCTA5 25868,-666666666,25868
ZCTA5 25870,-666666666,25870
ZCTA5 25871,31250,25871
ZCTA5 25873,26788,25873
ZCTA5 25875,83849,25875
ZCTA5 25876,73894,25876
ZCTA5 25878,25878,25878
ZCTA5 25879,60800,25879
ZCTA5 25880,36264,25880
ZCTA5 25882,57500,25882
ZCTA5 25901,51735,25901
ZCTA5 25902,-666666666,25902
ZCTA5 25904,39455,25904
ZCTA5 25907,70714,25907
ZCTA5 25908,-666666666,25908
ZCTA5 25909,86484,25909
ZCTA5 25911,41706,25911
ZCTA5 25913,-666666666,25913
ZCTA5 25915,39292,25915
ZCTA5 25916,-666666666,25916
ZCTA5 25917,60407,25917
ZCTA5 25918,79323,25918
ZCTA5 25920,-666666666,25920
ZCTA5 25921,35451,25921
ZCTA5 25922,2499,25922
ZCTA5 25928,-666666666,25928
ZCTA5 25932,-666666666,25932
ZCTA5 25936,-666666666,25936
ZCTA5 25938,59833,25938
ZCTA5 25942,-666666666,25942
ZCTA5 25943,-666666666,25943
ZCTA5 25951,35918,25951
ZCTA5 25958,26667,25958
ZCTA5 25962,44004,25962
ZCTA5 25966,60550,25966
ZCTA5 25969,60250,25969
ZCTA5 25971,74439,25971
ZCTA5 25972,-666666666,25972
ZCTA5 25976,41169,25976
ZCTA5 25977,-666666666,25977
ZCTA5 25978,73913,25978
ZCTA5 25979,50132,25979
ZCTA5 25981,37639,25981
ZCTA5 25984,27183,25984
ZCTA5 25985,55491,25985
ZCTA5 25986,100128,25986
ZCTA5 25989,-666666666,25989
ZCTA5 26003,57703,26003
ZCTA5 26030,33125,26030
ZCTA5 26031,46797,26031
ZCTA5 26032,58750,26032
ZCTA5 26033,55972,26033
ZCTA5 26034,56556,26034
ZCTA5 26035,60000,26035
ZCTA5 26036,-666666666,26036
ZCTA5 26037,59508,26037
ZCTA5 26038,76875,26038
ZCTA5 26039,57800,26039
ZCTA5 26040,39444,26040
ZCTA5 26041,54419,26041
ZCTA5 26047,58641,26047
ZCTA5 26050,50139,26050
ZCTA5 26055,49821,26055
ZCTA5 26056,54286,26056
ZCTA5 26058,-666666666,26058
ZCTA5 26059,67094,26059
ZCTA5 26060,69716,26060
ZCTA5 26062,60702,26062
ZCTA5 26070,52359,26070
ZCTA5 26074,50000,26074
ZCTA5 26075,53750,26075
ZCTA5 26101,48710,26101
ZCTA5 26104,54331,26104
ZCTA5 26105,61674,26105
ZCTA5 26133,74917,26133
ZCTA5 26134,48406,26134
ZCTA5 26136,42788,26136
ZCTA5 26137,26098,26137
ZCTA5 26138,115729,26138
ZCTA5 26141,43500,26141
ZCTA5 26142,62941,26142
ZCTA5 26143,55402,26143
ZCTA5 26146,37147,26146
ZCTA5 26147,43082,26147
ZCTA5 26148,44177,26148
ZCTA5 26149,71786,26149
ZCTA5 26150,61786,26150
ZCTA5 26151,40781,26151
ZCTA5 26152,-666666666,26152
ZCTA5 26155,64485,26155
ZCTA5 26159,66190,26159
ZCTA5 26160,48992,26160
ZCTA5 26161,-666666666,26161
ZCTA5 26162,-666666666,26162
ZCTA5 26164,45104,26164
ZCTA5 26167,57470,26167
ZCTA5 26169,57813,26169
ZCTA5 26170,68125,26170
ZCTA5 26175,56875,26175
ZCTA5 26178,35139,26178
ZCTA5 26180,70625,26180
ZCTA5 26181,73977,26181
ZCTA5 26184,62550,26184
ZCTA5 26187,83226,26187
ZCTA5 26201,53832,26201
ZCTA5 26202,75801,26202
ZCTA5 26203,26343,26203
ZCTA5 26205,37378,26205
ZCTA5 26206,44042,26206
ZCTA5 26208,49922,26208
ZCTA5 26209,36250,26209
ZCTA5 26210,-666666666,26210
ZCTA5 26215,83750,26215
ZCTA5 26217,-666666666,26217
ZCTA5 26218,58646,26218
ZCTA5 26222,48438,26222
ZCTA5 26224,23000,26224
ZCTA5 26228,-666666666,26228
ZCTA5 26230,-666666666,26230
ZCTA5 26234,61250,26234
ZCTA5 26236,-666666666,26236
ZCTA5 26237,81313,26237
ZCTA5 26238,47951,26238
ZCTA5 26241,50538,26241
ZCTA5 26250,47682,26250
ZCTA5 26253,65843,26253
ZCTA5 26254,74444,26254
ZCTA5 26257,79375,26257
ZCTA5 26259,65658,26259
ZCTA5 26260,95690,26260
ZCTA5 26261,33750,26261
ZCTA5 26263,-666666666,26263
ZCTA5 26264,57868,26264
ZCTA5 26266,-666666666,26266
ZCTA5 26267,96406,26267
ZCTA5 26268,-666666666,26268
ZCTA5 26269,66042,26269
ZCTA5 26270,60304,26270
ZCTA5 26271,41111,26271
ZCTA5 26273,39688,26273
ZCTA5 26275,-666666666,26275
ZCTA5 26276,63257,26276
ZCTA5 26278,54604,26278
ZCTA5 26280,46335,26280
ZCTA5 26282,-666666666,26282
ZCTA5 26283,75556,26283
ZCTA5 26285,-666666666,26285
ZCTA5 26287,51855,26287
ZCTA5 26288,34801,26288
ZCTA5 26289,-666666666,26289
ZCTA5 26291,-666666666,26291
ZCTA5 26292,53250,26292
ZCTA5 26293,-666666666,26293
ZCTA5 26294,48542,26294
ZCTA5 26296,-666666666,26296
ZCTA5 26298,-666666666,26298
ZCTA5 26301,49816,26301
ZCTA5 26320,70476,26320
ZCTA5 26321,103967,26321
ZCTA5 26323,-666666666,26323
ZCTA5 26325,-666666666,26325
ZCTA5 26327,-666666666,26327
ZCTA5 26330,88962,26330
ZCTA5 26335,51513,26335
ZCTA5 26337,49306,26337
ZCTA5 26338,87301,26338
ZCTA5 26339,80208,26339
ZCTA5 26342,31192,26342
ZCTA5 26343,45560,26343
ZCTA5 26346,73641,26346
ZCTA5 26347,61250,26347
ZCTA5 26348,-666666666,26348
ZCTA5 26349,53942,26349
ZCTA5 26351,55742,26351
ZCTA5 26354,52742,26354
ZCTA5 26361,82697,26361
ZCTA5 26362,53125,26362
ZCTA5 26366,-666666666,26366
ZCTA5 26369,-666666666,26369
ZCTA5 26372,194286,26372
ZCTA5 26374,57321,26374
ZCTA5 26376,34811,26376
ZCTA5 26377,51198,26377
ZCTA5 26378,71546,26378
ZCTA5 26384,-666666666,26384
ZCTA5 26385,82625,26385
ZCTA5 26386,75720,26386
ZCTA5 26404,16472,26404
ZCTA5 26405,68798,26405
ZCTA5 26408,72819,26408
ZCTA5 26410,50607,26410
ZCTA5 26411,50000,26411
ZCTA5 26412,-666666666,26412
ZCTA5 26415,56848,26415
ZCTA5 26416,54741,26416
ZCTA5 26419,47443,26419
ZCTA5 26421,41250,26421
ZCTA5 26422,-666666666,26422
ZCTA5 26424,-666666666,26424
ZCTA5 26425,47667,26425
ZCTA5 26426,56163,26426
ZCTA5 26430,47903,26430
ZCTA5 26431,61023,26431
ZCTA5 26435,-666666666,26435
ZCTA5 26436,-666666666,26436
ZCTA5 26437,-666666666,26437
ZCTA5 26438,78669,26438
ZCTA5 26440,92824,26440
ZCTA5 26443,61953,26443
ZCTA5 26444,44004,26444
ZCTA5 26447,64688,26447
ZCTA5 26448,32955,26448
ZCTA5 26451,73846,26451
ZCTA5 26452,51695,26452
ZCTA5 26456,58000,26456
ZCTA5 26463,75000,26463
ZCTA5 26501,63529,26501
ZCTA5 26505,45536,26505
ZCTA5 26506,-666666666,26506
ZCTA5 26508,90041,26508
ZCTA5 26519,54328,26519
ZCTA5 26520,-666666666,26520
ZCTA5 26521,80625,26521
ZCTA5 26524,110855,26524
ZCTA5 26525,82114,26525
ZCTA5 26534,31413,26534
ZCTA5 26537,59844,26537
ZCTA5 26541,73444,26541
ZCTA5 26542,54375,26542
ZCTA5 26543,-666666666,26543
ZCTA5 26544,-666666666,26544
ZCTA5 26546,49656,26546
ZCTA5 26547,76084,26547
ZCTA5 26554,69712,26554
ZCTA5 26559,73229,26559
ZCTA5 26560,6875,26560
ZCTA5 26562,55603,26562
ZCTA5 26563,-666666666,26563
ZCTA5 26568,61914,26568
ZCTA5 26570,71048,26570
ZCTA5 26571,84167,26571
ZCTA5 26572,86136,26572
ZCTA5 26574,64688,26574
ZCTA5 26575,39676,26575
ZCTA5 26576,98953,26576
ZCTA5 26581,-666666666,26581
ZCTA5 26582,52083,26582
ZCTA5 26585,62333,26585
ZCTA5 26586,-666666666,26586
ZCTA5 26587,-666666666,26587
ZCTA5 26588,60990,26588
ZCTA5 26590,101513,26590
ZCTA5 26591,61071,26591
ZCTA5 26601,50469,26601
ZCTA5 26610,37165,26610
ZCTA5 26611,-666666666,26611
ZCTA5 26615,16181,26615
ZCTA5 26617,56250,26617
ZCTA5 26619,36366,26619
ZCTA5 26621,43092,26621
ZCTA5 26623,60761,26623
ZCTA5 26624,47083,26624
ZCTA5 26627,63750,26627
ZCTA5 26629,-666666666,26629
ZCTA5 26631,-666666666,26631
ZCTA5 26636,40938,26636
ZCTA5 26638,106875,26638
ZCTA5 26651,62955,26651
ZCTA5 26656,78068,26656
ZCTA5 26660,-666666666,26660
ZCTA5 26662,-666666666,26662
ZCTA5 26667,-666666666,26667
ZCTA5 26671,51050,26671
ZCTA5 26676,21100,26676
ZCTA5 26678,64375,26678
ZCTA5 26679,53459,26679
ZCTA5 26680,-666666666,26680
ZCTA5 26681,50786,26681
ZCTA5 26684,-666666666,26684
ZCTA5 26690,-666666666,26690
ZCTA5 26691,85420,26691
ZCTA5 26704,74314,26704
ZCTA5 26705,40500,26705
ZCTA5 26707,33462,26707
ZCTA5 26710,78516,26710
ZCTA5 26711,71212,26711
ZCTA5 26714,72159,26714
ZCTA5 26716,80375,26716
ZCTA5 26717,74712,26717
ZCTA5 26719,54167,26719
ZCTA5 26720,51771,26720
ZCTA5 26722,75625,26722
ZCTA5 26726,70944,26726
ZCTA5 26731,-666666666,26731
ZCTA5 26739,42000,26739
ZCTA5 26743,61331,26743
ZCTA5 26750,42500,26750
ZCTA5 26753,73694,26753
ZCTA5 26755,-666666666,26755
ZCTA5 26757,57212,26757
ZCTA5 26761,25139,26761
ZCTA5 26763,68384,26763
ZCTA5 26764,61010,26764
ZCTA5 26767,92073,26767
ZCTA5 26801,56429,26801
ZCTA5 26802,43750,26802
ZCTA5 26804,31000,26804
ZCTA5 26807,66750,26807
ZCTA5 26808,70313,26808
ZCTA5 26810,-666666666,26810
ZCTA5 26812,64375,26812
ZCTA5 26814,77050,26814
ZCTA5 26815,60104,26815
ZCTA5 26817,68750,26817
ZCTA5 26818,42173,26818
ZCTA5 26823,-666666666,26823
ZCTA5 26833,72012,26833
ZCTA5 26836,47770,26836
ZCTA5 26838,-666666666,26838
ZCTA5 26845,64583,26845
ZCTA5 26847,52139,26847
ZCTA5 26851,49776,26851
ZCTA5 26852,63221,26852
ZCTA5 26855,67500,26855
ZCTA5 26865,50833,26865
ZCTA5 26866,92378,26866
ZCTA5 26884,71615,26884
ZCTA5 26886,56563,26886
ZCTA5 27006,96580,27006
ZCTA5 27007,77163,27007
ZCTA5 27009,76469,27009
ZCTA5 27011,65698,27011
ZCTA5 27012,96250,27012
ZCTA5 27013,66301,27013
ZCTA5 27014,44625,27014
ZCTA5 27016,57273,27016
ZCTA5 27017,59329,27017
ZCTA5 27018,73438,27018
ZCTA5 27019,59176,27019
ZCTA5 27020,50489,27020
ZCTA5 27021,63552,27021
ZCTA5 27022,43281,27022
ZCTA5 27023,107924,27023
ZCTA5 27024,62813,27024
ZCTA5 27025,56682,27025
ZCTA5 27027,45469,27027
ZCTA5 27028,69137,27028
ZCTA5 27030,46377,27030
ZCTA5 27040,92601,27040
ZCTA5 27041,78700,27041
ZCTA5 27042,46510,27042
ZCTA5 27043,74783,27043
ZCTA5 27045,71086,27045
ZCTA5 27046,64464,27046
ZCTA5 27047,71146,27047
ZCTA5 27048,60015,27048
ZCTA5 27050,88750,27050
ZCTA5 27051,74804,27051
ZCTA5 27052,59024,27052
ZCTA5 27053,67974,27053
ZCTA5 27054,92560,27054
ZCTA5 27055,65970,27055
ZCTA5 27101,44198,27101
ZCTA5 27103,67012,27103
ZCTA5 27104,81529,27104
ZCTA5 27105,44080,27105
ZCTA5 27106,68568,27106
ZCTA5 27107,60729,27107
ZCTA5 27109,-666666666,27109
ZCTA5 27110,-666666666,27110
ZCTA5 27127,61926,27127
ZCTA5 27201,55250,27201
ZCTA5 27202,-666666666,27202
ZCTA5 27203,46336,27203
ZCTA5 27205,65167,27205
ZCTA5 27207,70211,27207
ZCTA5 27208,58947,27208
ZCTA5 27209,45861,27209
ZCTA5 27212,57108,27212
ZCTA5 27213,-666666666,27213
ZCTA5 27214,82655,27214
ZCTA5 27215,68825,27215
ZCTA5 27217,51950,27217
ZCTA5 27229,51436,27229
ZCTA5 27231,64471,27231
ZCTA5 27233,83819,27233
ZCTA5 27235,101173,27235
ZCTA5 27239,63630,27239
ZCTA5 27242,-666666666,27242
ZCTA5 27243,84348,27243
ZCTA5 27244,75323,27244
ZCTA5 27247,-666666666,27247
ZCTA5 27248,72219,27248
ZCTA5 27249,80880,27249
ZCTA5 27252,50435,27252
ZCTA5 27253,62774,27253
ZCTA5 27256,-666666666,27256
ZCTA5 27258,78079,27258
ZCTA5 27259,-666666666,27259
ZCTA5 27260,42308,27260
ZCTA5 27262,65006,27262
ZCTA5 27263,55801,27263
ZCTA5 27265,73981,27265
ZCTA5 27268,-666666666,27268
ZCTA5 27278,105887,27278
ZCTA5 27281,74547,27281
ZCTA5 27282,91512,27282
ZCTA5 27283,90402,27283
ZCTA5 27284,82461,27284
ZCTA5 27288,52594,27288
ZCTA5 27291,89610,27291
ZCTA5 27292,57264,27292
ZCTA5 27295,63961,27295
ZCTA5 27298,69421,27298
ZCTA5 27299,65621,27299
ZCTA5 27301,83824,27301
ZCTA5 27302,79819,27302
ZCTA5 27305,59541,27305
ZCTA5 27306,57934,27306
ZCTA5 27310,165898,27310
ZCTA5 27311,39044,27311
ZCTA5 27312,103104,27312
ZCTA5 27313,80875,27313
ZCTA5 27314,-666666666,27314
ZCTA5 27315,65272,27315
ZCTA5 27316,56727,27316
ZCTA5 27317,65988,27317
ZCTA5 27320,56647,27320
ZCTA5 27325,54898,27325
ZCTA5 27326,79375,27326
ZCTA5 27330,61300,27330
ZCTA5 27332,78447,27332
ZCTA5 27340,-666666666,27340
ZCTA5 27341,58159,27341
ZCTA5 27342,116731,27342
ZCTA5 27343,79931,27343
ZCTA5 27344,57320,27344
ZCTA5 27349,68807,27349
ZCTA5 27350,69306,27350
ZCTA5 27351,-666666666,27351
ZCTA5 27355,65911,27355
ZCTA5 27356,55347,27356
ZCTA5 27357,75287,27357
ZCTA5 27358,138717,27358
ZCTA5 27360,61983,27360
ZCTA5 27370,69039,27370
ZCTA5 27371,63516,27371
ZCTA5 27374,-666666666,27374
ZCTA5 27376,74598,27376
ZCTA5 27377,90181,27377
ZCTA5 27379,38472,27379
ZCTA5 27401,47972,27401
ZCTA5 27403,57917,27403
ZCTA5 27405,47431,27405
ZCTA5 27406,59563,27406
ZCTA5 27407,59427,27407
ZCTA5 27408,83862,27408
ZCTA5 27409,60281,27409
ZCTA5 27410,85291,27410
ZCTA5 27411,-666666666,27411
ZCTA5 27412,-666666666,27412
ZCTA5 27455,94349,27455
ZCTA5 27501,73336,27501
ZCTA5 27502,143922,27502
ZCTA5 27503,114425,27503
ZCTA5 27504,66724,27504
ZCTA5 27505,79462,27505
ZCTA5 27506,-666666666,27506
ZCTA5 27507,120849,27507
ZCTA5 27508,50368,27508
ZCTA5 27509,73136,27509
ZCTA5 27510,61837,27510
ZCTA5 27511,107860,27511
ZCTA5 27513,121989,27513
ZCTA5 27514,92875,27514
ZCTA5 27516,106353,27516
ZCTA5 27517,128683,27517
ZCTA5 27518,123488,27518
ZCTA5 27519,165586,27519
ZCTA5 27520,86322,27520
ZCTA5 27521,61590,27521
ZCTA5 27522,77094,27522
ZCTA5 27523,135625,27523
ZCTA5 27524,75827,27524
ZCTA5 27525,73036,27525
ZCTA5 27526,110017,27526
ZCTA5 27527,115035,27527
ZCTA5 27529,85716,27529
ZCTA5 27530,54504,27530
ZCTA5 27531,-666666666,27531
ZCTA5 27533,-666666666,27533
ZCTA5 27534,62574,27534
ZCTA5 27536,39985,27536
ZCTA5 27537,57834,27537
ZCTA5 27539,145947,27539
ZCTA5 27540,128989,27540
ZCTA5 27541,75305,27541
ZCTA5 27542,66038,27542
ZCTA5 27544,66304,27544
ZCTA5 27545,91527,27545
ZCTA5 27546,66746,27546
ZCTA5 27549,67879,27549
ZCTA5 27551,59375,27551
ZCTA5 27553,43952,27553
ZCTA5 27555,44531,27555
ZCTA5 27556,-666666666,27556
ZCTA5 27557,71541,27557
ZCTA5 27559,74490,27559
ZCTA5 27560,118417,27560
ZCTA5 27562,172955,27562
ZCTA5 27563,36287,27563
ZCTA5 27565,56432,27565
ZCTA5 27568,66071,27568
ZCTA5 27569,78850,27569
ZCTA5 27570,-666666666,27570
ZCTA5 27571,131139,27571
ZCTA5 27572,90724,27572
ZCTA5 27573,45736,27573
ZCTA5 27574,66206,27574
ZCTA5 27576,66831,27576
ZCTA5 27577,62758,27577
ZCTA5 27581,59492,27581
ZCTA5 27582,54375,27582
ZCTA5 27583,71484,27583
ZCTA5 27584,2499,27584
ZCTA5 27587,133743,27587
ZCTA5 27589,46730,27589
ZCTA5 27591,85224,27591
ZCTA5 27592,104252,27592
ZCTA5 27593,-666666666,27593
ZCTA5 27594,-666666666,27594
ZCTA5 27596,95940,27596
ZCTA5 27597,84625,27597
ZCTA5 27599,-666666666,27599
ZCTA5 27601,71350,27601
ZCTA5 27603,90484,27603
ZCTA5 27604,70375,27604
ZCTA5 27605,71096,27605
ZCTA5 27606,78371,27606
ZCTA5 27607,96775,27607
ZCTA5 27608,162188,27608
ZCTA5 27609,83065,27609
ZCTA5 27610,67932,27610
ZCTA5 27612,95988,27612
ZCTA5 27613,123966,27613
ZCTA5 27614,128834,27614
ZCTA5 27615,112754,27615
ZCTA5 27616,83565,27616
ZCTA5 27617,110034,27617
ZCTA5 27695,-666666666,27695
ZCTA5 27697,-666666666,27697
ZCTA5 27701,69740,27701
ZCTA5 27703,89317,27703
ZCTA5 27704,69668,27704
ZCTA5 27705,73066,27705
ZCTA5 27707,74406,27707
ZCTA5 27708,-666666666,27708
ZCTA5 27709,-666666666,27709
ZCTA5 27712,91331,27712
ZCTA5 27713,100676,27713
ZCTA5 27801,44884,27801
ZCTA5 27803,60124,27803
ZCTA5 27804,61359,27804
ZCTA5 27805,52679,27805
ZCTA5 27806,45809,27806
ZCTA5 27807,80382,27807
ZCTA5 27808,90472,27808
ZCTA5 27809,88750,27809
ZCTA5 27810,51277,27810
ZCTA5 27812,53268,27812
ZCTA5 27813,49267,27813
ZCTA5 27814,77368,27814
ZCTA5 27815,-666666666,27815
ZCTA5 27816,33718,27816
ZCTA5 27817,77017,27817
ZCTA5 27818,58478,27818
ZCTA5 27819,38776,27819
ZCTA5 27820,50909,27820
ZCTA5 27821,-666666666,27821
ZCTA5 27822,63703,27822
ZCTA5 27823,34940,27823
ZCTA5 27824,42589,27824
ZCTA5 27825,43750,27825
ZCTA5 27826,-666666666,27826
ZCTA5 27827,96144,27827
ZCTA5 27828,49940,27828
ZCTA5 27829,58277,27829
ZCTA5 27830,54129,27830
ZCTA5 27831,36136,27831
ZCTA5 27832,52194,27832
ZCTA5 27834,48935,27834
ZCTA5 27837,69830,27837
ZCTA5 27839,48094,27839
ZCTA5 27840,37857,27840
ZCTA5 27841,21667,27841
ZCTA5 27842,91202,27842
ZCTA5 27843,69306,27843
ZCTA5 27844,39076,27844
ZCTA5 27845,48707,27845
ZCTA5 27846,55147,27846
ZCTA5 27847,62205,27847
ZCTA5 27849,46594,27849
ZCTA5 27850,65672,27850
ZCTA5 27851,66750,27851
ZCTA5 27852,55921,27852
ZCTA5 27853,-666666666,27853
ZCTA5 27855,42938,27855
ZCTA5 27856,66510,27856
ZCTA5 27857,61389,27857
ZCTA5 27858,59713,27858
ZCTA5 27860,62083,27860
ZCTA5 27861,28681,27861
ZCTA5 27862,53333,27862
ZCTA5 27863,77933,27863
ZCTA5 27864,64201,27864
ZCTA5 27865,72708,27865
ZCTA5 27866,63036,27866
ZCTA5 27869,43301,27869
ZCTA5 27870,49502,27870
ZCTA5 27871,46172,27871
ZCTA5 27872,39167,27872
ZCTA5 27873,25625,27873
ZCTA5 27874,33250,27874
ZCTA5 27875,21991,27875
ZCTA5 27876,51040,27876
ZCTA5 27877,-666666666,27877
ZCTA5 27878,53382,27878
ZCTA5 27879,32500,27879
ZCTA5 27880,79375,27880
ZCTA5 27881,-666666666,27881
ZCTA5 27882,52691,27882
ZCTA5 27883,61185,27883
ZCTA5 27884,64306,27884
ZCTA5 27885,59784,27885
ZCTA5 27886,52850,27886
ZCTA5 27888,55167,27888
ZCTA5 27889,53179,27889
ZCTA5 27890,36875,27890
ZCTA5 27891,67942,27891
ZCTA5 27892,48223,27892
ZCTA5 27893,42810,27893
ZCTA5 27896,75696,27896
ZCTA5 27897,56694,27897
ZCTA5 27909,66732,27909
ZCTA5 27910,43144,27910
ZCTA5 27915,35365,27915
ZCTA5 27916,79329,27916
ZCTA5 27917,-666666666,27917
ZCTA5 27919,102883,27919
ZCTA5 27920,-666666666,27920
ZCTA5 27921,94473,27921
ZCTA5 27922,49250,27922
ZCTA5 27923,69289,27923
ZCTA5 27924,72469,27924
ZCTA5 27925,41522,27925
ZCTA5 27926,57333,27926
ZCTA5 27927,120568,27927
ZCTA5 27928,65625,27928
ZCTA5 27929,132713,27929
ZCTA5 27932,53490,27932
ZCTA5 27935,82115,27935
ZCTA5 27936,43846,27936
ZCTA5 27937,70086,27937
ZCTA5 27938,65217,27938
ZCTA5 27939,62463,27939
ZCTA5 27941,50893,27941
ZCTA5 27942,44271,27942
ZCTA5 27943,57188,27943
ZCTA5 27944,67938,27944
ZCTA5 27946,74421,27946
ZCTA5 27947,78125,27947
ZCTA5 27948,86193,27948
ZCTA5 27949,120662,27949
ZCTA5 27950,88250,27950
ZCTA5 27953,53250,27953
ZCTA5 27954,80587,27954
ZCTA5 27956,-666666666,27956
ZCTA5 27957,36875,27957
ZCTA5 27958,112177,27958
ZCTA5 27959,91264,27959
ZCTA5 27960,77583,27960
ZCTA5 27962,41774,27962
ZCTA5 27964,-666666666,27964
ZCTA5 27965,63542,27965
ZCTA5 27966,78507,27966
ZCTA5 27967,-666666666,27967
ZCTA5 27968,-666666666,27968
ZCTA5 27969,-666666666,27969
ZCTA5 27970,37578,27970
ZCTA5 27972,-666666666,27972
ZCTA5 27973,86375,27973
ZCTA5 27974,80395,27974
ZCTA5 27976,91314,27976
ZCTA5 27978,60192,27978
ZCTA5 27979,63170,27979
ZCTA5 27980,66111,27980
ZCTA5 27981,88750,27981
ZCTA5 27982,-666666666,27982
ZCTA5 27983,44441,27983
ZCTA5 27985,63233,27985
ZCTA5 27986,49784,27986
ZCTA5 28001,54804,28001
ZCTA5 28006,51932,28006
ZCTA5 28007,60648,28007
ZCTA5 28009,53145,28009
ZCTA5 28012,83391,28012
ZCTA5 28016,57147,28016
ZCTA5 28017,-666666666,28017
ZCTA5 28018,50727,28018
ZCTA5 28019,-666666666,28019
ZCTA5 28020,59978,28020
ZCTA5 28021,63429,28021
ZCTA5 28023,62257,28023
ZCTA5 28024,-666666666,28024
ZCTA5 28025,79545,28025
ZCTA5 28027,92219,28027
ZCTA5 28031,113368,28031
ZCTA5 28032,60924,28032
ZCTA5 28033,78458,28033
ZCTA5 28034,62083,28034
ZCTA5 28036,156496,28036
ZCTA5 28037,111703,28037
ZCTA5 28039,-666666666,28039
ZCTA5 28040,58816,28040
ZCTA5 28041,-666666666,28041
ZCTA5 28042,20833,28042
ZCTA5 28043,42276,28043
ZCTA5 28052,49643,28052
ZCTA5 28054,61035,28054
ZCTA5 28056,90427,28056
ZCTA5 28071,93354,28071
ZCTA5 28072,93125,28072
ZCTA5 28073,52557,28073
ZCTA5 28074,-666666666,28074
ZCTA5 28075,144288,28075
ZCTA5 28076,-666666666,28076
ZCTA5 28077,31366,28077
ZCTA5 28078,120831,28078
ZCTA5 28079,100516,28079
ZCTA5 28080,71997,28080
ZCTA5 28081,71665,28081
ZCTA5 28083,66257,28083
ZCTA5 28086,62414,28086
ZCTA5 28088,59872,28088
ZCTA5 28089,75000,28089
ZCTA5 28090,57714,28090
ZCTA5 28091,52917,28091
ZCTA5 28092,60984,28092
ZCTA5 28097,76594,28097
ZCTA5 28098,53000,28098
ZCTA5 28101,111042,28101
ZCTA5 28102,-666666666,28102
ZCTA5 28103,76924,28103
ZCTA5 28104,138017,28104
ZCTA5 28105,108190,28105
ZCTA5 28107,105122,28107
ZCTA5 28108,-666666666,28108
ZCTA5 28109,31208,28109
ZCTA5 28110,83480,28110
ZCTA5 28112,80495,28112
ZCTA5 28114,60500,28114
ZCTA5 28115,87787,28115
ZCTA5 28117,112976,28117
ZCTA5 28119,50194,28119
ZCTA5 28120,78231,28120
ZCTA5 28124,80778,28124
ZCTA5 28125,85739,28125
ZCTA5 28127,69125,28127
ZCTA5 28128,53818,28128
ZCTA5 28129,69906,28129
ZCTA5 28133,46549,28133
ZCTA5 28134,85681,28134
ZCTA5 28135,66920,28135
ZCTA5 28136,83304,28136
ZCTA5 28137,67163,28137
ZCTA5 28138,66896,28138
ZCTA5 28139,56558,28139
ZCTA5 28144,52568,28144
ZCTA5 28146,69279,28146
ZCTA5 28147,65060,28147
ZCTA5 28150,55832,28150
ZCTA5 28152,57806,28152
ZCTA5 28159,63036,28159
ZCTA5 28160,40868,28160
ZCTA5 28163,72386,28163
ZCTA5 28164,79728,28164
ZCTA5 28166,93511,28166
ZCTA5 28167,59732,28167
ZCTA5 28168,61220,28168
ZCTA5 28169,-666666666,28169
ZCTA5 28170,39548,28170
ZCTA5 28173,150597,28173
ZCTA5 28174,71136,28174
ZCTA5 28202,105889,28202
ZCTA5 28203,104696,28203
ZCTA5 28204,92054,28204
ZCTA5 28205,75622,28205
ZCTA5 28206,61818,28206
ZCTA5 28207,217204,28207
ZCTA5 28208,55431,28208
ZCTA5 28209,101873,28209
ZCTA5 28210,100824,28210
ZCTA5 28211,132917,28211
ZCTA5 28212,52723,28212
ZCTA5 28213,58146,28213
ZCTA5 28214,86447,28214
ZCTA5 28215,71162,28215
ZCTA5 28216,65795,28216
ZCTA5 28217,64028,28217
ZCTA5 28223,-666666666,28223
ZCTA5 28226,118606,28226
ZCTA5 28227,77115,28227
ZCTA5 28244,-666666666,28244
ZCTA5 28262,69231,28262
ZCTA5 28269,81517,28269
ZCTA5 28270,131667,28270
ZCTA5 28273,87350,28273
ZCTA5 28274,-666666666,28274
ZCTA5 28277,128627,28277
ZCTA5 28278,125470,28278
ZCTA5 28280,-666666666,28280
ZCTA5 28282,-666666666,28282
ZCTA5 28301,39198,28301
ZCTA5 28303,58223,28303
ZCTA5 28304,58563,28304
ZCTA5 28305,78148,28305
ZCTA5 28306,67544,28306
ZCTA5 28307,51420,28307
ZCTA5 28308,-666666666,28308
ZCTA5 28310,-666666666,28310
ZCTA5 28311,62170,28311
ZCTA5 28312,67754,28312
ZCTA5 28314,62249,28314
ZCTA5 28315,77418,28315
ZCTA5 28318,56439,28318
ZCTA5 28320,57500,28320
ZCTA5 28323,69095,28323
ZCTA5 28325,54375,28325
ZCTA5 28326,75431,28326
ZCTA5 28327,87434,28327
ZCTA5 28328,52942,28328
ZCTA5 28330,-666666666,28330
ZCTA5 28331,-666666666,28331
ZCTA5 28332,77250,28332
ZCTA5 28333,50188,28333
ZCTA5 28334,53036,28334
ZCTA5 28337,36227,28337
ZCTA5 28338,58532,28338
ZCTA5 28339,50313,28339
ZCTA5 28340,39746,28340
ZCTA5 28341,57431,28341
ZCTA5 28342,138125,28342
ZCTA5 28343,29306,28343
ZCTA5 28344,48737,28344
ZCTA5 28345,40957,28345
ZCTA5 28347,39110,28347
ZCTA5 28348,66129,28348
ZCTA5 28349,54139,28349
ZCTA5 28350,-666666666,28350
ZCTA5 28351,50156,28351
ZCTA5 28352,43728,28352
ZCTA5 28355,-666666666,28355
ZCTA5 28356,72150,28356
ZCTA5 28357,49116,28357
ZCTA5 28358,48467,28358
ZCTA5 28359,-666666666,28359
ZCTA5 28360,46598,28360
ZCTA5 28362,36667,28362
ZCTA5 28363,53269,28363
ZCTA5 28364,34178,28364
ZCTA5 28365,52174,28365
ZCTA5 28366,53310,28366
ZCTA5 28367,-666666666,28367
ZCTA5 28368,-666666666,28368
ZCTA5 28369,40000,28369
ZCTA5 28371,67257,28371
ZCTA5 28372,36552,28372
ZCTA5 28373,81538,28373
ZCTA5 28374,111311,28374
ZCTA5 28375,74327,28375
ZCTA5 28376,66471,28376
ZCTA5 28377,37326,28377
ZCTA5 28378,-666666666,28378
ZCTA5 28379,49149,28379
ZCTA5 28382,68854,28382
ZCTA5 28383,39214,28383
ZCTA5 28384,51167,28384
ZCTA5 28385,66860,28385
ZCTA5 28386,31777,28386
ZCTA5 28387,74830,28387
ZCTA5 28390,62972,28390
ZCTA5 28391,72955,28391
ZCTA5 28392,-666666666,28392
ZCTA5 28393,37544,28393
ZCTA5 28394,79643,28394
ZCTA5 28395,84375,28395
ZCTA5 28396,63250,28396
ZCTA5 28398,47458,28398
ZCTA5 28399,33512,28399
ZCTA5 28401,57968,28401
ZCTA5 28403,54547,28403
ZCTA5 28405,70274,28405
ZCTA5 28409,111048,28409
ZCTA5 28411,97387,28411
ZCTA5 28412,71636,28412
ZCTA5 28420,53935,28420
ZCTA5 28421,60025,28421
ZCTA5 28422,69412,28422
ZCTA5 28423,52250,28423
ZCTA5 28424,48875,28424
ZCTA5 28425,66478,28425
ZCTA5 28428,93241,28428
ZCTA5 28429,72337,28429
ZCTA5 28430,68356,28430
ZCTA5 28431,40888,28431
ZCTA5 28432,90815,28432
ZCTA5 28433,36944,28433
ZCTA5 28434,49643,28434
ZCTA5 28435,46429,28435
ZCTA5 28436,64297,28436
ZCTA5 28438,59199,28438
ZCTA5 28439,32361,28439
ZCTA5 28441,51250,28441
ZCTA5 28442,60964,28442
ZCTA5 28443,90477,28443
ZCTA5 28444,44330,28444
ZCTA5 28445,84016,28445
ZCTA5 28447,77134,28447
ZCTA5 28448,53378,28448
ZCTA5 28449,107563,28449
ZCTA5 28450,69554,28450
ZCTA5 28451,81481,28451
ZCTA5 28452,-666666666,28452
ZCTA5 28453,61165,28453
ZCTA5 28454,73015,28454
ZCTA5 28455,37760,28455
ZCTA5 28456,49670,28456
ZCTA5 28457,78178,28457
ZCTA5 28458,40338,28458
ZCTA5 28460,88908,28460
ZCTA5 28461,82692,28461
ZCTA5 28462,60349,28462
ZCTA5 28463,45239,28463
ZCTA5 28464,60130,28464
ZCTA5 28465,86194,28465
ZCTA5 28466,65558,28466
ZCTA5 28467,75341,28467
ZCTA5 28468,83358,28468
ZCTA5 28469,90684,28469
ZCTA5 28470,65030,28470
ZCTA5 28472,42003,28472
ZCTA5 28478,73388,28478
ZCTA5 28479,80391,28479
ZCTA5 28480,172500,28480
ZCTA5 28501,35118,28501
ZCTA5 28504,53583,28504
ZCTA5 28508,34567,28508
ZCTA5 28509,-666666666,28509
ZCTA5 28510,58839,28510
ZCTA5 28511,55978,28511
ZCTA5 28512,91488,28512
ZCTA5 28513,57285,28513
ZCTA5 28515,31715,28515
ZCTA5 28516,66057,28516
ZCTA5 28518,54127,28518
ZCTA5 28519,38988,28519
ZCTA5 28520,80859,28520
ZCTA5 28521,47813,28521
ZCTA5 28523,45452,28523
ZCTA5 28524,74219,28524
ZCTA5 28525,59191,28525
ZCTA5 28526,39110,28526
ZCTA5 28527,74190,28527
ZCTA5 28528,64000,28528
ZCTA5 28529,65060,28529
ZCTA5 28530,37361,28530
ZCTA5 28531,60000,28531
ZCTA5 28532,60605,28532
ZCTA5 28533,-666666666,28533
ZCTA5 28537,-666666666,28537
ZCTA5 28538,56953,28538
ZCTA5 28539,66976,28539
ZCTA5 28540,65625,28540
ZCTA5 28542,125491,28542
ZCTA5 28543,50649,28543
ZCTA5 28544,52354,28544
ZCTA5 28546,63561,28546
ZCTA5 28547,67588,28547
ZCTA5 28551,49092,28551
ZCTA5 28552,63841,28552
ZCTA5 28553,88984,28553
ZCTA5 28554,-666666666,28554
ZCTA5 28555,69236,28555
ZCTA5 28556,-666666666,28556
ZCTA5 28557,68528,28557
ZCTA5 28560,65411,28560
ZCTA5 28562,75012,28562
ZCTA5 28570,70229,28570
ZCTA5 28571,63393,28571
ZCTA5 28572,55660,28572
ZCTA5 28573,63554,28573
ZCTA5 28574,67416,28574
ZCTA5 28575,-666666666,28575
ZCTA5 28577,96563,28577
ZCTA5 28578,69900,28578
ZCTA5 28579,64519,28579
ZCTA5 28580,50028,28580
ZCTA5 28581,-666666666,28581
ZCTA5 28582,89348,28582
ZCTA5 28584,87414,28584
ZCTA5 28585,60855,28585
ZCTA5 28586,57041,28586
ZCTA5 28587,35833,28587
ZCTA5 28589,-666666666,28589
ZCTA5 28590,83880,28590
ZCTA5 28594,89773,28594
ZCTA5 28601,67817,28601
ZCTA5 28602,62048,28602
ZCTA5 28604,76319,28604
ZCTA5 28605,76477,28605
ZCTA5 28606,56600,28606
ZCTA5 28607,46639,28607
ZCTA5 28609,77679,28609
ZCTA5 28610,65722,28610
ZCTA5 28611,-666666666,28611
ZCTA5 28612,54934,28612
ZCTA5 28613,58707,28613
ZCTA5 28615,51653,28615
ZCTA5 28616,-666666666,28616
ZCTA5 28617,62204,28617
ZCTA5 28618,59653,28618
ZCTA5 28619,34881,28619
ZCTA5 28621,53616,28621
ZCTA5 28622,44028,28622
ZCTA5 28623,53384,28623
ZCTA5 28624,51836,28624
ZCTA5 28625,64060,28625
ZCTA5 28626,73675,28626
ZCTA5 28627,46474,28627
ZCTA5 28628,74375,28628
ZCTA5 28629,-666666666,28629
ZCTA5 28630,63835,28630
ZCTA5 28631,-666666666,28631
ZCTA5 28634,60426,28634
ZCTA5 28635,44901,28635
ZCTA5 28636,65435,28636
ZCTA5 28637,67500,28637
ZCTA5 28638,67135,28638
ZCTA5 28640,53155,28640
ZCTA5 28641,-666666666,28641
ZCTA5 28642,44543,28642
ZCTA5 28643,44509,28643
ZCTA5 28644,52798,28644
ZCTA5 28645,51650,28645
ZCTA5 28646,76736,28646
ZCTA5 28649,47016,28649
ZCTA5 28650,74922,28650
ZCTA5 28651,61623,28651
ZCTA5 28652,-666666666,28652
ZCTA5 28653,-666666666,28653
ZCTA5 28654,57438,28654
ZCTA5 28655,57713,28655
ZCTA5 28657,59702,28657
ZCTA5 28658,72042,28658
ZCTA5 28659,50280,28659
ZCTA5 28660,77278,28660
ZCTA5 28662,-666666666,28662
ZCTA5 28663,80457,28663
ZCTA5 28664,-666666666,28664
ZCTA5 28665,45685,28665
ZCTA5 28666,-666666666,28666
ZCTA5 28667,26354,28667
ZCTA5 28668,-666666666,28668
ZCTA5 28669,47358,28669
ZCTA5 28670,49567,28670
ZCTA5 28671,73929,28671
ZCTA5 28672,163210,28672
ZCTA5 28673,99688,28673
ZCTA5 28675,44560,28675
ZCTA5 28676,60833,28676
ZCTA5 28677,62406,28677
ZCTA5 28678,74845,28678
ZCTA5 28679,65246,28679
ZCTA5 28681,60977,28681
ZCTA5 28682,129390,28682
ZCTA5 28683,45423,28683
ZCTA5 28684,69307,28684
ZCTA5 28685,46406,28685
ZCTA5 28689,70565,28689
ZCTA5 28690,67000,28690
ZCTA5 28692,43103,28692
ZCTA5 28693,62596,28693
ZCTA5 28694,58486,28694
ZCTA5 28697,52988,28697
ZCTA5 28698,54402,28698
ZCTA5 28701,108125,28701
ZCTA5 28702,37275,28702
ZCTA5 28704,81096,28704
ZCTA5 28705,54858,28705
ZCTA5 28707,-666666666,28707
ZCTA5 28708,70435,28708
ZCTA5 28709,-666666666,28709
ZCTA5 28710,-666666666,28710
ZCTA5 28711,74761,28711
ZCTA5 28712,63045,28712
ZCTA5 28713,50882,28713
ZCTA5 28714,58998,28714
ZCTA5 28715,71716,28715
ZCTA5 28716,63141,28716
ZCTA5 28717,76085,28717
ZCTA5 28718,74031,28718
ZCTA5 28719,60658,28719
ZCTA5 28720,63438,28720
ZCTA5 28721,62279,28721
ZCTA5 28722,67760,28722
ZCTA5 28723,45568,28723
ZCTA5 28725,57750,28725
ZCTA5 28726,54152,28726
ZCTA5 28729,84413,28729
ZCTA5 28730,102900,28730
ZCTA5 28731,66309,28731
ZCTA5 28732,81852,28732
ZCTA5 28733,150300,28733
ZCTA5 28734,54021,28734
ZCTA5 28735,-666666666,28735
ZCTA5 28736,70855,28736
ZCTA5 28739,73582,28739
ZCTA5 28740,48214,28740
ZCTA5 28741,70392,28741
ZCTA5 28742,99007,28742
ZCTA5 28743,58011,28743
ZCTA5 28745,117824,28745
ZCTA5 28746,70469,28746
ZCTA5 28747,66000,28747
ZCTA5 28748,59013,28748
ZCTA5 28749,-666666666,28749
ZCTA5 28751,69057,28751
ZCTA5 28752,55783,28752
ZCTA5 28753,52304,28753
ZCTA5 28754,68750,28754
ZCTA5 28755,-666666666,28755
ZCTA5 28756,63663,28756
ZCTA5 28757,115568,28757
ZCTA5 28758,-666666666,28758
ZCTA5 28759,107609,28759
ZCTA5 28761,54869,28761
ZCTA5 28762,66410,28762
ZCTA5 28763,72269,28763
ZCTA5 28766,57708,28766
ZCTA5 28768,71383,28768
ZCTA5 28770,-666666666,28770
ZCTA5 28771,49407,28771
ZCTA5 28772,74583,28772
ZCTA5 28773,70703,28773
ZCTA5 28774,154635,28774
ZCTA5 28775,-666666666,28775
ZCTA5 28777,63378,28777
ZCTA5 28778,73408,28778
ZCTA5 28779,57727,28779
ZCTA5 28781,62045,28781
ZCTA5 28782,72946,28782
ZCTA5 28783,51350,28783
ZCTA5 28785,61769,28785
ZCTA5 28786,59371,28786
ZCTA5 28787,78604,28787
ZCTA5 28788,80938,28788
ZCTA5 28789,51713,28789
ZCTA5 28790,97042,28790
ZCTA5 28791,78827,28791
ZCTA5 28792,55522,28792
ZCTA5 28801,58438,28801
ZCTA5 28803,76662,28803
ZCTA5 28804,88312,28804
ZCTA5 28805,75151,28805
ZCTA5 28806,63273,28806
ZCTA5 28901,44792,28901
ZCTA5 28902,88456,28902
ZCTA5 28904,56480,28904
ZCTA5 28905,57708,28905
ZCTA5 28906,55759,28906
ZCTA5 28909,80875,28909
ZCTA5 29001,65250,29001
ZCTA5 29003,52624,29003
ZCTA5 29006,50379,29006
ZCTA5 29009,57857,29009
ZCTA5 29010,43500,29010
ZCTA5 29014,62422,29014
ZCTA5 29015,43977,29015
ZCTA5 29016,95082,29016
ZCTA5 29018,49167,29018
ZCTA5 29020,64648,29020
ZCTA5 29030,80313,29030
ZCTA5 29031,61143,29031
ZCTA5 29032,58168,29032
ZCTA5 29033,61237,29033
ZCTA5 29036,113986,29036
ZCTA5 29037,72768,29037
ZCTA5 29038,43563,29038
ZCTA5 29039,53382,29039
ZCTA5 29040,65978,29040
ZCTA5 29042,41047,29042
ZCTA5 29044,57297,29044
ZCTA5 29045,87366,29045
ZCTA5 29046,-666666666,29046
ZCTA5 29047,48571,29047
ZCTA5 29048,41774,29048
ZCTA5 29051,71250,29051
ZCTA5 29052,52775,29052
ZCTA5 29053,56703,29053
ZCTA5 29054,91099,29054
ZCTA5 29055,37401,29055
ZCTA5 29056,47031,29056
ZCTA5 29058,52383,29058
ZCTA5 29059,38698,29059
ZCTA5 29061,60307,29061
ZCTA5 29062,-666666666,29062
ZCTA5 29063,91973,29063
ZCTA5 29065,49225,29065
ZCTA5 29067,52077,29067
ZCTA5 29069,48393,29069
ZCTA5 29070,65865,29070
ZCTA5 29072,106382,29072
ZCTA5 29073,77229,29073
ZCTA5 29074,-666666666,29074
ZCTA5 29075,75884,29075
ZCTA5 29078,67727,29078
ZCTA5 29079,-666666666,29079
ZCTA5 29080,36467,29080
ZCTA5 29081,38147,29081
ZCTA5 29082,42833,29082
ZCTA5 29101,56750,29101
ZCTA5 29102,47441,29102
ZCTA5 29104,67096,29104
ZCTA5 29105,94444,29105
ZCTA5 29107,47399,29107
ZCTA5 29108,53558,29108
ZCTA5 29111,76250,29111
ZCTA5 29112,50195,29112
ZCTA5 29113,48857,29113
ZCTA5 29114,56579,29114
ZCTA5 29115,37751,29115
ZCTA5 29117,-666666666,29117
ZCTA5 29118,64167,29118
ZCTA5 29122,138472,29122
ZCTA5 29123,59317,29123
ZCTA5 29125,62778,29125
ZCTA5 29126,73702,29126
ZCTA5 29127,67164,29127
ZCTA5 29128,43571,29128
ZCTA5 29129,61103,29129
ZCTA5 29130,63963,29130
ZCTA5 29133,36987,29133
ZCTA5 29135,49396,29135
ZCTA5 29137,41116,29137
ZCTA5 29138,44579,29138
ZCTA5 29142,54028,29142
ZCTA5 29145,67778,29145
ZCTA5 29146,34318,29146
ZCTA5 29148,56300,29148
ZCTA5 29150,50965,29150
ZCTA5 29152,73592,29152
ZCTA5 29153,60071,29153
ZCTA5 29154,62772,29154
ZCTA5 29160,61964,29160
ZCTA5 29161,50517,29161
ZCTA5 29162,61979,29162
ZCTA5 29163,33971,29163
ZCTA5 29164,49440,29164
ZCTA5 29166,45652,29166
ZCTA5 29168,43911,29168
ZCTA5 29169,57122,29169
ZCTA5 29170,74902,29170
ZCTA5 29172,64430,29172
ZCTA5 29175,73801,29175
ZCTA5 29177,-666666666,29177
ZCTA5 29178,60241,29178
ZCTA5 29180,43330,29180
ZCTA5 29201,32297,29201
ZCTA5 29203,46054,29203
ZCTA5 29204,50189,29204
ZCTA5 29205,64231,29205
ZCTA5 29206,91847,29206
ZCTA5 29207,-666666666,29207
ZCTA5 29208,-666666666,29208
ZCTA5 29209,58772,29209
ZCTA5 29210,50871,29210
ZCTA5 29212,77142,29212
ZCTA5 29223,62408,29223
ZCTA5 29225,-666666666,29225
ZCTA5 29229,74043,29229
ZCTA5 29301,57805,29301
ZCTA5 29302,80819,29302
ZCTA5 29303,48295,29303
ZCTA5 29306,41356,29306
ZCTA5 29307,65850,29307
ZCTA5 29316,74735,29316
ZCTA5 29320,54353,29320
ZCTA5 29321,34464,29321
ZCTA5 29322,69656,29322
ZCTA5 29323,63263,29323
ZCTA5 29324,-666666666,29324
ZCTA5 29325,60259,29325
ZCTA5 29329,35972,29329
ZCTA5 29330,48243,29330
ZCTA5 29331,-666666666,29331
ZCTA5 29332,59091,29332
ZCTA5 29333,-666666666,29333
ZCTA5 29334,81413,29334
ZCTA5 29335,52670,29335
ZCTA5 29338,-666666666,29338
ZCTA5 29340,44123,29340
ZCTA5 29341,58029,29341
ZCTA5 29346,30673,29346
ZCTA5 29349,76168,29349
ZCTA5 29351,49414,29351
ZCTA5 29353,64494,29353
ZCTA5 29355,58500,29355
ZCTA5 29356,64514,29356
ZCTA5 29360,53941,29360
ZCTA5 29364,25089,29364
ZCTA5 29365,76966,29365
ZCTA5 29368,-666666666,29368
ZCTA5 29369,82924,29369
ZCTA5 29370,80104,29370
ZCTA5 29372,46739,29372
ZCTA5 29373,62143,29373
ZCTA5 29374,78397,29374
ZCTA5 29375,158971,29375
ZCTA5 29376,70645,29376
ZCTA5 29377,-666666666,29377
ZCTA5 29378,32356,29378
ZCTA5 29379,40879,29379
ZCTA5 29384,51384,29384
ZCTA5 29385,58249,29385
ZCTA5 29388,79828,29388
ZCTA5 29401,99667,29401
ZCTA5 29403,66944,29403
ZCTA5 29404,54716,29404
ZCTA5 29405,56600,29405
ZCTA5 29406,49815,29406
ZCTA5 29407,85367,29407
ZCTA5 29409,-666666666,29409
ZCTA5 29410,87984,29410
ZCTA5 29412,101509,29412
ZCTA5 29414,99529,29414
ZCTA5 29418,64583,29418
ZCTA5 29420,72661,29420
ZCTA5 29424,-666666666,29424
ZCTA5 29425,-666666666,29425
ZCTA5 29426,64087,29426
ZCTA5 29429,112244,29429
ZCTA5 29431,58571,29431
ZCTA5 29432,54826,29432
ZCTA5 29434,-666666666,29434
ZCTA5 29435,58813,29435
ZCTA5 29436,58434,29436
ZCTA5 29437,61821,29437
ZCTA5 29438,86979,29438
ZCTA5 29439,137396,29439
ZCTA5 29440,56124,29440
ZCTA5 29445,81594,29445
ZCTA5 29446,-666666666,29446
ZCTA5 29448,71967,29448
ZCTA5 29449,56929,29449
ZCTA5 29450,57269,29450
ZCTA5 29451,156979,29451
ZCTA5 29452,113164,29452
ZCTA5 29453,71328,29453
ZCTA5 29455,121372,29455
ZCTA5 29456,78361,29456
ZCTA5 29458,86431,29458
ZCTA5 29461,82666,29461
ZCTA5 29464,111907,29464
ZCTA5 29466,133357,29466
ZCTA5 29468,27032,29468
ZCTA5 29469,-666666666,29469
ZCTA5 29470,86410,29470
ZCTA5 29471,38500,29471
ZCTA5 29472,75325,29472
ZCTA5 29474,40781,29474
ZCTA5 29475,39769,29475
ZCTA5 29477,53894,29477
ZCTA5 29479,51397,29479
ZCTA5 29481,46719,29481
ZCTA5 29482,192813,29482
ZCTA5 29483,85750,29483
ZCTA5 29485,82987,29485
ZCTA5 29486,89578,29486
ZCTA5 29487,105592,29487
ZCTA5 29488,49876,29488
ZCTA5 29492,110509,29492
ZCTA5 29493,-666666666,29493
ZCTA5 29501,71671,29501
ZCTA5 29505,67343,29505
ZCTA5 29506,40311,29506
ZCTA5 29510,55058,29510
ZCTA5 29511,69507,29511
ZCTA5 29512,34734,29512
ZCTA5 29516,57639,29516
ZCTA5 29518,61923,29518
ZCTA5 29519,13777,29519
ZCTA5 29520,42308,29520
ZCTA5 29525,28618,29525
ZCTA5 29526,68825,29526
ZCTA5 29527,52069,29527
ZCTA5 29530,44012,29530
ZCTA5 29532,44482,29532
ZCTA5 29536,46120,29536
ZCTA5 29540,53155,29540
ZCTA5 29541,52067,29541
ZCTA5 29543,55658,29543
ZCTA5 29544,78401,29544
ZCTA5 29545,42083,29545
ZCTA5 29546,32043,29546
ZCTA5 29547,55472,29547
ZCTA5 29550,51491,29550
ZCTA5 29554,55100,29554
ZCTA5 29555,43011,29555
ZCTA5 29556,42365,29556
ZCTA5 29560,46601,29560
ZCTA5 29563,46013,29563
ZCTA5 29564,40000,29564
ZCTA5 29565,44871,29565
ZCTA5 29566,64878,29566
ZCTA5 29567,30893,29567
ZCTA5 29568,62653,29568
ZCTA5 29569,46840,29569
ZCTA5 29570,30768,29570
ZCTA5 29571,37395,29571
ZCTA5 29572,85247,29572
ZCTA5 29574,34112,29574
ZCTA5 29575,71447,29575
ZCTA5 29576,70691,29576
ZCTA5 29577,50955,29577
ZCTA5 29579,79644,29579
ZCTA5 29580,50156,29580
ZCTA5 29581,54701,29581
ZCTA5 29582,71723,29582
ZCTA5 29583,34931,29583
ZCTA5 29584,45625,29584
ZCTA5 29585,81946,29585
ZCTA5 29588,70739,29588
ZCTA5 29589,-666666666,29589
ZCTA5 29590,31115,29590
ZCTA5 29591,65000,29591
ZCTA5 29592,42649,29592
ZCTA5 29593,40568,29593
ZCTA5 29594,53125,29594
ZCTA5 29596,34682,29596
ZCTA5 29601,76136,29601
ZCTA5 29605,65648,29605
ZCTA5 29607,74503,29607
ZCTA5 29609,65342,29609
ZCTA5 29611,51565,29611
ZCTA5 29613,-666666666,29613
ZCTA5 29614,-666666666,29614
ZCTA5 29615,76117,29615
ZCTA5 29617,55403,29617
ZCTA5 29620,53288,29620
ZCTA5 29621,74256,29621
ZCTA5 29624,30549,29624
ZCTA5 29625,61960,29625
ZCTA5 29626,56196,29626
ZCTA5 29627,59167,29627
ZCTA5 29628,39444,29628
ZCTA5 29630,55264,29630
ZCTA5 29631,48800,29631
ZCTA5 29634,-666666666,29634
ZCTA5 29635,71844,29635
ZCTA5 29638,65000,29638
ZCTA5 29639,53050,29639
ZCTA5 29640,62207,29640
ZCTA5 29642,78221,29642
ZCTA5 29643,80517,29643
ZCTA5 29644,70301,29644
ZCTA5 29645,59842,29645
ZCTA5 29646,44441,29646
ZCTA5 29649,54585,29649
ZCTA5 29650,94522,29650
ZCTA5 29651,82705,29651
ZCTA5 29653,64722,29653
ZCTA5 29654,58079,29654
ZCTA5 29655,51395,29655
ZCTA5 29657,64833,29657
ZCTA5 29658,67750,29658
ZCTA5 29659,-666666666,29659
ZCTA5 29661,55099,29661
ZCTA5 29662,81749,29662
ZCTA5 29664,51705,29664
ZCTA5 29665,45407,29665
ZCTA5 29666,73571,29666
ZCTA5 29667,83077,29667
ZCTA5 29669,65903,29669
ZCTA5 29670,72445,29670
ZCTA5 29671,61749,29671
ZCTA5 29672,90650,29672
ZCTA5 29673,71444,29673
ZCTA5 29676,92798,29676
ZCTA5 29678,52550,29678
ZCTA5 29680,86716,29680
ZCTA5 29681,114986,29681
ZCTA5 29682,83808,29682
ZCTA5 29683,44299,29683
ZCTA5 29684,58889,29684
ZCTA5 29685,116742,29685
ZCTA5 29686,58313,29686
ZCTA5 29687,80051,29687
ZCTA5 29689,72951,29689
ZCTA5 29690,69956,29690
ZCTA5 29691,49639,29691
ZCTA5 29692,47068,29692
ZCTA5 29693,54503,29693
ZCTA5 29696,78468,29696
ZCTA5 29697,68764,29697
ZCTA5 29702,49705,29702
ZCTA5 29704,74303,29704
ZCTA5 29706,51230,29706
ZCTA5 29707,118295,29707
ZCTA5 29708,132018,29708
ZCTA5 29709,54784,29709
ZCTA5 29710,96563,29710
ZCTA5 29712,62656,29712
ZCTA5 29714,70475,29714
ZCTA5 29715,109689,29715
ZCTA5 29717,68235,29717
ZCTA5 29718,59464,29718
ZCTA5 29720,62969,29720
ZCTA5 29724,-666666666,29724
ZCTA5 29726,88750,29726
ZCTA5 29727,47904,29727
ZCTA5 29728,45250,29728
ZCTA5 29729,53618,29729
ZCTA5 29730,68543,29730
ZCTA5 29732,84937,29732
ZCTA5 29733,-666666666,29733
ZCTA5 29741,45000,29741
ZCTA5 29742,52775,29742
ZCTA5 29743,86064,29743
ZCTA5 29745,79117,29745
ZCTA5 29801,59573,29801
ZCTA5 29803,86023,29803
ZCTA5 29805,56185,29805
ZCTA5 29809,55234,29809
ZCTA5 29810,26835,29810
ZCTA5 29812,51870,29812
ZCTA5 29816,47459,29816
ZCTA5 29817,41579,29817
ZCTA5 29819,55417,29819
ZCTA5 29821,81000,29821
ZCTA5 29824,56396,29824
ZCTA5 29826,-666666666,29826
ZCTA5 29827,40844,29827
ZCTA5 29828,-666666666,29828
ZCTA5 29829,84228,29829
ZCTA5 29831,53790,29831
ZCTA5 29832,42500,29832
ZCTA5 29834,26339,29834
ZCTA5 29835,57574,29835
ZCTA5 29836,-666666666,29836
ZCTA5 29838,97500,29838
ZCTA5 29840,43504,29840
ZCTA5 29841,71606,29841
ZCTA5 29842,57949,29842
ZCTA5 29843,35986,29843
ZCTA5 29844,-666666666,29844
ZCTA5 29845,50673,29845
ZCTA5 29847,56713,29847
ZCTA5 29848,61042,29848
ZCTA5 29849,89583,29849
ZCTA5 29851,70953,29851
ZCTA5 29853,44983,29853
ZCTA5 29856,50395,29856
ZCTA5 29860,97268,29860
ZCTA5 29899,-666666666,29899
ZCTA5 29902,69752,29902
ZCTA5 29904,-666666666,29904
ZCTA5 29905,-666666666,29905
ZCTA5 29906,68174,29906
ZCTA5 29907,97446,29907
ZCTA5 29909,91294,29909
ZCTA5 29910,98912,29910
ZCTA5 29911,57143,29911
ZCTA5 29912,-666666666,29912
ZCTA5 29915,156090,29915
ZCTA5 29916,70982,29916
ZCTA5 29918,42665,29918
ZCTA5 29920,77744,29920
ZCTA5 29921,72375,29921
ZCTA5 29922,28750,29922
ZCTA5 29923,31389,29923
ZCTA5 29924,43542,29924
ZCTA5 29926,97948,29926
ZCTA5 29927,72821,29927
ZCTA5 29928,97576,29928
ZCTA5 29929,58267,29929
ZCTA5 29932,-666666666,29932
ZCTA5 29934,88397,29934
ZCTA5 29935,76544,29935
ZCTA5 29936,48986,29936
ZCTA5 29939,-666666666,29939
ZCTA5 29940,54177,29940
ZCTA5 29941,119886,29941
ZCTA5 29943,68875,29943
ZCTA5 29944,59620,29944
ZCTA5 29945,55449,29945
ZCTA5 30002,89750,30002
ZCTA5 30004,156100,30004
ZCTA5 30005,176957,30005
ZCTA5 30008,74877,30008
ZCTA5 30009,126510,30009
ZCTA5 30011,86402,30011
ZCTA5 30012,66153,30012
ZCTA5 30013,74691,30013
ZCTA5 30014,72254,30014
ZCTA5 30016,79527,30016
ZCTA5 30017,99917,30017
ZCTA5 30018,-666666666,30018
ZCTA5 30019,116583,30019
ZCTA5 30021,52278,30021
ZCTA5 30022,153294,30022
ZCTA5 30024,143879,30024
ZCTA5 30025,95757,30025
ZCTA5 30028,138011,30028
ZCTA5 30030,126830,30030
ZCTA5 30032,62765,30032
ZCTA5 30033,111616,30033
ZCTA5 30034,63517,30034
ZCTA5 30035,66799,30035
ZCTA5 30038,73694,30038
ZCTA5 30039,93701,30039
ZCTA5 30040,137211,30040
ZCTA5 30041,152564,30041
ZCTA5 30043,94096,30043
ZCTA5 30044,77321,30044
ZCTA5 30045,104350,30045
ZCTA5 30046,67268,30046
ZCTA5 30047,88652,30047
ZCTA5 30052,93764,30052
ZCTA5 30054,76427,30054
ZCTA5 30055,84760,30055
ZCTA5 30056,68494,30056
ZCTA5 30058,61684,30058
ZCTA5 30060,67510,30060
ZCTA5 30062,132631,30062
ZCTA5 30064,122195,30064
ZCTA5 30066,116074,30066
ZCTA5 30067,83568,30067
ZCTA5 30068,150101,30068
ZCTA5 30070,59583,30070
ZCTA5 30071,64515,30071
ZCTA5 30072,78750,30072
ZCTA5 30075,157335,30075
ZCTA5 30076,118170,30076
ZCTA5 30078,98257,30078
ZCTA5 30079,82500,30079
ZCTA5 30080,91957,30080
ZCTA5 30082,120372,30082
ZCTA5 30083,55307,30083
ZCTA5 30084,81304,30084
ZCTA5 30087,96491,30087
ZCTA5 30088,70325,30088
ZCTA5 30090,-666666666,30090
ZCTA5 30092,79309,30092
ZCTA5 30093,48404,30093
ZCTA5 30094,88530,30094
ZCTA5 30096,74656,30096
ZCTA5 30097,124890,30097
ZCTA5 30101,110774,30101
ZCTA5 30102,97676,30102
ZCTA5 30103,78071,30103
ZCTA5 30104,70559,30104
ZCTA5 30105,99375,30105
ZCTA5 30106,68881,30106
ZCTA5 30107,110811,30107
ZCTA5 30108,70035,30108
ZCTA5 30110,85036,30110
ZCTA5 30111,-666666666,30111
ZCTA5 30113,72417,30113
ZCTA5 30114,98902,30114
ZCTA5 30115,113089,30115
ZCTA5 30116,77030,30116
ZCTA5 30117,61842,30117
ZCTA5 30118,-666666666,30118
ZCTA5 30120,86581,30120
ZCTA5 30121,78366,30121
ZCTA5 30122,69257,30122
ZCTA5 30124,65078,30124
ZCTA5 30125,58192,30125
ZCTA5 30126,101891,30126
ZCTA5 30127,110904,30127
ZCTA5 30132,109914,30132
ZCTA5 30134,76574,30134
ZCTA5 30135,94526,30135
ZCTA5 30137,78629,30137
ZCTA5 30139,69096,30139
ZCTA5 30141,86824,30141
ZCTA5 30143,82193,30143
ZCTA5 30144,88560,30144
ZCTA5 30145,80352,30145
ZCTA5 30147,61351,30147
ZCTA5 30148,90357,30148
ZCTA5 30149,-666666666,30149
ZCTA5 30152,126578,30152
ZCTA5 30153,57377,30153
ZCTA5 30157,93625,30157
ZCTA5 30161,61667,30161
ZCTA5 30165,68089,30165
ZCTA5 30168,64059,30168
ZCTA5 30170,90962,30170
ZCTA5 30171,73409,30171
ZCTA5 30173,63932,30173
ZCTA5 30175,69737,30175
ZCTA5 30176,64705,30176
ZCTA5 30177,-666666666,30177
ZCTA5 30178,68916,30178
ZCTA5 30179,76571,30179
ZCTA5 30180,88514,30180
ZCTA5 30182,60184,30182
ZCTA5 30183,94567,30183
ZCTA5 30184,110694,30184
ZCTA5 30185,72304,30185
ZCTA5 30187,101702,30187
ZCTA5 30188,106844,30188
ZCTA5 30189,114130,30189
ZCTA5 30204,62805,30204
ZCTA5 30205,105700,30205
ZCTA5 30206,88205,30206
ZCTA5 30213,94125,30213
ZCTA5 30214,89912,30214
ZCTA5 30215,118436,30215
ZCTA5 30216,73295,30216
ZCTA5 30217,55938,30217
ZCTA5 30218,68250,30218
ZCTA5 30220,72091,30220
ZCTA5 30222,64151,30222
ZCTA5 30223,59054,30223
ZCTA5 30224,70216,30224
ZCTA5 30228,82619,30228
ZCTA5 30229,25859,30229
ZCTA5 30230,65732,30230
ZCTA5 30233,74222,30233
ZCTA5 30234,56905,30234
ZCTA5 30236,66973,30236
ZCTA5 30238,62185,30238
ZCTA5 30240,61584,30240
ZCTA5 30241,49053,30241
ZCTA5 30248,83823,30248
ZCTA5 30250,-666666666,30250
ZCTA5 30251,67866,30251
ZCTA5 30252,100770,30252
ZCTA5 30253,81892,30253
ZCTA5 30256,73571,30256
ZCTA5 30257,67941,30257
ZCTA5 30258,58777,30258
ZCTA5 30259,104375,30259
ZCTA5 30260,52666,30260
ZCTA5 30263,78992,30263
ZCTA5 30265,108144,30265
ZCTA5 30268,91349,30268
ZCTA5 30269,113807,30269
ZCTA5 30272,-666666666,30272
ZCTA5 30273,73502,30273
ZCTA5 30274,52209,30274
ZCTA5 30275,-666666666,30275
ZCTA5 30276,107525,30276
ZCTA5 30277,120379,30277
ZCTA5 30281,71213,30281
ZCTA5 30284,-666666666,30284
ZCTA5 30285,84732,30285
ZCTA5 30286,55087,30286
ZCTA5 30288,51511,30288
ZCTA5 30289,250001,30289
ZCTA5 30290,121380,30290
ZCTA5 30291,48184,30291
ZCTA5 30292,87394,30292
ZCTA5 30293,59365,30293
ZCTA5 30294,79762,30294
ZCTA5 30295,81667,30295
ZCTA5 30296,63292,30296
ZCTA5 30297,45124,30297
ZCTA5 30303,-666666666,30303
ZCTA5 30305,106907,30305
ZCTA5 30306,123077,30306
ZCTA5 30307,140677,30307
ZCTA5 30308,85693,30308
ZCTA5 30309,114072,30309
ZCTA5 30310,53037,30310
ZCTA5 30311,50649,30311
ZCTA5 30312,82779,30312
ZCTA5 30313,84960,30313
ZCTA5 30314,42089,30314
ZCTA5 30315,50822,30315
ZCTA5 30316,102891,30316
ZCTA5 30317,107955,30317
ZCTA5 30318,83116,30318
ZCTA5 30319,130648,30319
ZCTA5 30322,-666666666,30322
ZCTA5 30324,92122,30324
ZCTA5 30326,121984,30326
ZCTA5 30327,189250,30327
ZCTA5 30328,112111,30328
ZCTA5 30329,76579,30329
ZCTA5 30331,62623,30331
ZCTA5 30332,-666666666,30332
ZCTA5 30334,-666666666,30334
ZCTA5 30336,53900,30336
ZCTA5 30337,51388,30337
ZCTA5 30338,135148,30338
ZCTA5 30339,103277,30339
ZCTA5 30340,62748,30340
ZCTA5 30341,86313,30341
ZCTA5 30342,124111,30342
ZCTA5 30344,68380,30344
ZCTA5 30345,112054,30345
ZCTA5 30346,95000,30346
ZCTA5 30349,67023,30349
ZCTA5 30350,88118,30350
ZCTA5 30354,63189,30354
ZCTA5 30360,97543,30360
ZCTA5 30363,123667,30363
ZCTA5 30401,53071,30401
ZCTA5 30410,68036,30410
ZCTA5 30411,30238,30411
ZCTA5 30412,72708,30412
ZCTA5 30413,68558,30413
ZCTA5 30414,-666666666,30414
ZCTA5 30415,76895,30415
ZCTA5 30417,53958,30417
ZCTA5 30420,40563,30420
ZCTA5 30421,57338,30421
ZCTA5 30423,-666666666,30423
ZCTA5 30425,73889,30425
ZCTA5 30426,83908,30426
ZCTA5 30427,52958,30427
ZCTA5 30428,49441,30428
ZCTA5 30429,93214,30429
ZCTA5 30434,51323,30434
ZCTA5 30436,55827,30436
ZCTA5 30439,52071,30439
ZCTA5 30441,41220,30441
ZCTA5 30442,43624,30442
ZCTA5 30445,32392,30445
ZCTA5 30446,75521,30446
ZCTA5 30448,29167,30448
ZCTA5 30449,-666666666,30449
ZCTA5 30450,60900,30450
ZCTA5 30451,49063,30451
ZCTA5 30452,61389,30452
ZCTA5 30453,42013,30453
ZCTA5 30454,53229,30454
ZCTA5 30455,39076,30455
ZCTA5 30456,53014,30456
ZCTA5 30457,43664,30457
ZCTA5 30458,52038,30458
ZCTA5 30460,-666666666,30460
ZCTA5 30461,80224,30461
ZCTA5 30464,-666666666,30464
ZCTA5 30467,46909,30467
ZCTA5 30470,76800,30470
ZCTA5 30471,42236,30471
ZCTA5 30473,49565,30473
ZCTA5 30474,55295,30474
ZCTA5 30477,46161,30477
ZCTA5 30501,64175,30501
ZCTA5 30504,75885,30504
ZCTA5 30506,97413,30506
ZCTA5 30507,71703,30507
ZCTA5 30510,52019,30510
ZCTA5 30511,88432,30511
ZCTA5 30512,66642,30512
ZCTA5 30513,56331,30513
ZCTA5 30516,77818,30516
ZCTA5 30517,118034,30517
ZCTA5 30518,96936,30518
ZCTA5 30519,102553,30519
ZCTA5 30520,56532,30520
ZCTA5 30521,54121,30521
ZCTA5 30522,73533,30522
ZCTA5 30523,80185,30523
ZCTA5 30525,65150,30525
ZCTA5 30527,103281,30527
ZCTA5 30528,70873,30528
ZCTA5 30529,62168,30529
ZCTA5 30530,55392,30530
ZCTA5 30531,53762,30531
ZCTA5 30533,74035,30533
ZCTA5 30534,95341,30534
ZCTA5 30535,58510,30535
ZCTA5 30536,80000,30536
ZCTA5 30537,50000,30537
ZCTA5 30538,51055,30538
ZCTA5 30539,26950,30539
ZCTA5 30540,72578,30540
ZCTA5 30541,66579,30541
ZCTA5 30542,99648,30542
ZCTA5 30543,67407,30543
ZCTA5 30545,86591,30545
ZCTA5 30546,59234,30546
ZCTA5 30547,94936,30547
ZCTA5 30548,111257,30548
ZCTA5 30549,96195,30549
ZCTA5 30552,66316,30552
ZCTA5 30553,52833,30553
ZCTA5 30554,91619,30554
ZCTA5 30555,49375,30555
ZCTA5 30557,64722,30557
ZCTA5 30558,62417,30558
ZCTA5 30559,57389,30559
ZCTA5 30560,66016,30560
ZCTA5 30562,48529,30562
ZCTA5 30563,84561,30563
ZCTA5 30564,76188,30564
ZCTA5 30565,75179,30565
ZCTA5 30566,66456,30566
ZCTA5 30567,97181,30567
ZCTA5 30568,75948,30568
ZCTA5 30571,62917,30571
ZCTA5 30572,65281,30572
ZCTA5 30573,-666666666,30573
ZCTA5 30575,84750,30575
ZCTA5 30576,81417,30576
ZCTA5 30577,53818,30577
ZCTA5 30581,-666666666,30581
ZCTA5 30582,59360,30582
ZCTA5 30597,-666666666,30597
ZCTA5 30598,-666666666,30598
ZCTA5 30601,39219,30601
ZCTA5 30602,-666666666,30602
ZCTA5 30605,50062,30605
ZCTA5 30606,63328,30606
ZCTA5 30607,65361,30607
ZCTA5 30609,-666666666,30609
ZCTA5 30619,78250,30619
ZCTA5 30620,84098,30620
ZCTA5 30621,117917,30621
ZCTA5 30622,133563,30622
ZCTA5 30623,61786,30623
ZCTA5 30624,51988,30624
ZCTA5 30625,88534,30625
ZCTA5 30627,75000,30627
ZCTA5 30628,70139,30628
ZCTA5 30629,55259,30629
ZCTA5 30630,57813,30630
ZCTA5 30631,52232,30631
ZCTA5 30633,61901,30633
ZCTA5 30634,53333,30634
ZCTA5 30635,57487,30635
ZCTA5 30639,-666666666,30639
ZCTA5 30641,70491,30641
ZCTA5 30642,95527,30642
ZCTA5 30643,61596,30643
ZCTA5 30646,67308,30646
ZCTA5 30648,73464,30648
ZCTA5 30650,71599,30650
ZCTA5 30655,69148,30655
ZCTA5 30656,93428,30656
ZCTA5 30660,54234,30660
ZCTA5 30662,53487,30662
ZCTA5 30663,69417,30663
ZCTA5 30664,-666666666,30664
ZCTA5 30665,-666666666,30665
ZCTA5 30666,95000,30666
ZCTA5 30667,49063,30667
ZCTA5 30668,49107,30668
ZCTA5 30669,65852,30669
ZCTA5 30673,51748,30673
ZCTA5 30677,110250,30677
ZCTA5 30678,48529,30678
ZCTA5 30680,80956,30680
ZCTA5 30683,88198,30683
ZCTA5 30701,63921,30701
ZCTA5 30705,69036,30705
ZCTA5 30707,74360,30707
ZCTA5 30708,88600,30708
ZCTA5 30710,78819,30710
ZCTA5 30711,70462,30711
ZCTA5 30720,69369,30720
ZCTA5 30721,62094,30721
ZCTA5 30724,-666666666,30724
ZCTA5 30725,49699,30725
ZCTA5 30726,-666666666,30726
ZCTA5 30728,55455,30728
ZCTA5 30730,47760,30730
ZCTA5 30731,51473,30731
ZCTA5 30733,57569,30733
ZCTA5 30734,66917,30734
ZCTA5 30735,64095,30735
ZCTA5 30736,83821,30736
ZCTA5 30738,66080,30738
ZCTA5 30739,76600,30739
ZCTA5 30740,79671,30740
ZCTA5 30741,58834,30741
ZCTA5 30742,49323,30742
ZCTA5 30746,81696,30746
ZCTA5 30747,51356,30747
ZCTA5 30750,107917,30750
ZCTA5 30751,-666666666,30751
ZCTA5 30752,59391,30752
ZCTA5 30753,51204,30753
ZCTA5 30755,74167,30755
ZCTA5 30756,-666666666,30756
ZCTA5 30757,60947,30757
ZCTA5 30802,85625,30802
ZCTA5 30803,58854,30803
ZCTA5 30805,52676,30805
ZCTA5 30807,65405,30807
ZCTA5 30808,39375,30808
ZCTA5 30809,125272,30809
ZCTA5 30810,54429,30810
ZCTA5 30812,-666666666,30812
ZCTA5 30813,86923,30813
ZCTA5 30814,74129,30814
ZCTA5 30815,70202,30815
ZCTA5 30816,44559,30816
ZCTA5 30817,57089,30817
ZCTA5 30818,54784,30818
ZCTA5 30820,51146,30820
ZCTA5 30821,53545,30821
ZCTA5 30822,-666666666,30822
ZCTA5 30823,61607,30823
ZCTA5 30824,60234,30824
ZCTA5 30828,36444,30828
ZCTA5 30830,53385,30830
ZCTA5 30833,44139,30833
ZCTA5 30901,25163,30901
ZCTA5 30904,46696,30904
ZCTA5 30905,74688,30905
ZCTA5 30906,45999,30906
ZCTA5 30907,81912,30907
ZCTA5 30909,71364,30909
ZCTA5 30912,-666666666,30912
ZCTA5 31001,52917,31001
ZCTA5 31002,60149,31002
ZCTA5 31003,-666666666,31003
ZCTA5 31004,-666666666,31004
ZCTA5 31005,110461,31005
ZCTA5 31006,42750,31006
ZCTA5 31007,52132,31007
ZCTA5 31008,83992,31008
ZCTA5 31009,65250,31009
ZCTA5 31011,46875,31011
ZCTA5 31012,70391,31012
ZCTA5 31014,54362,31014
ZCTA5 31015,44452,31015
ZCTA5 31016,-666666666,31016
ZCTA5 31017,59167,31017
ZCTA5 31018,48024,31018
ZCTA5 31019,47944,31019
ZCTA5 31020,69720,31020
ZCTA5 31021,55697,31021
ZCTA5 31022,63875,31022
ZCTA5 31023,52021,31023
ZCTA5 31024,65971,31024
ZCTA5 31025,133839,31025
ZCTA5 31027,53048,31027
ZCTA5 31028,76342,31028
ZCTA5 31029,76334,31029
ZCTA5 31030,59313,31030
ZCTA5 31031,54542,31031
ZCTA5 31032,82934,31032
ZCTA5 31033,68942,31033
ZCTA5 31034,-666666666,31034
ZCTA5 31035,41563,31035
ZCTA5 31036,50482,31036
ZCTA5 31037,55794,31037
ZCTA5 31038,49826,31038
ZCTA5 31039,-666666666,31039
ZCTA5 31041,27436,31041
ZCTA5 31042,36569,31042
ZCTA5 31044,35152,31044
ZCTA5 31045,-666666666,31045
ZCTA5 31046,95644,31046
ZCTA5 31047,117332,31047
ZCTA5 31049,76429,31049
ZCTA5 31050,49340,31050
ZCTA5 31051,30208,31051
ZCTA5 31052,84846,31052
ZCTA5 31054,53929,31054
ZCTA5 31055,45885,31055
ZCTA5 31057,23601,31057
ZCTA5 31058,40655,31058
ZCTA5 31060,49643,31060
ZCTA5 31061,54263,31061
ZCTA5 31062,-666666666,31062
ZCTA5 31063,52381,31063
ZCTA5 31064,60217,31064
ZCTA5 31065,-666666666,31065
ZCTA5 31066,61875,31066
ZCTA5 31067,58942,31067
ZCTA5 31068,30352,31068
ZCTA5 31069,74501,31069
ZCTA5 31070,54743,31070
ZCTA5 31071,44609,31071
ZCTA5 31072,62794,31072
ZCTA5 31075,52350,31075
ZCTA5 31076,44706,31076
ZCTA5 31077,54688,31077
ZCTA5 31078,54688,31078
ZCTA5 31079,69083,31079
ZCTA5 31081,133083,31081
ZCTA5 31082,57308,31082
ZCTA5 31083,-666666666,31083
ZCTA5 31084,-666666666,31084
ZCTA5 31085,46375,31085
ZCTA5 31087,37679,31087
ZCTA5 31088,83082,31088
ZCTA5 31089,36094,31089
ZCTA5 31090,77625,31090
ZCTA5 31091,72386,31091
ZCTA5 31092,61197,31092
ZCTA5 31093,45991,31093
ZCTA5 31094,51688,31094
ZCTA5 31096,46282,31096
ZCTA5 31097,64214,31097
ZCTA5 31098,87720,31098
ZCTA5 31201,29420,31201
ZCTA5 31204,38784,31204
ZCTA5 31206,30042,31206
ZCTA5 31207,-666666666,31207
ZCTA5 31210,78447,31210
ZCTA5 31211,49202,31211
ZCTA5 31213,-666666666,31213
ZCTA5 31216,72452,31216
ZCTA5 31217,44809,31217
ZCTA5 31220,88434,31220
ZCTA5 31301,65417,31301
ZCTA5 31302,68998,31302
ZCTA5 31303,75968,31303
ZCTA5 31305,43138,31305
ZCTA5 31307,105679,31307
ZCTA5 31308,73061,31308
ZCTA5 31309,100450,31309
ZCTA5 31312,101750,31312
ZCTA5 31313,60233,31313
ZCTA5 31314,-666666666,31314
ZCTA5 31315,53500,31315
ZCTA5 31316,74766,31316
ZCTA5 31318,78036,31318
ZCTA5 31320,77195,31320
ZCTA5 31321,68472,31321
ZCTA5 31322,91344,31322
ZCTA5 31323,47782,31323
ZCTA5 31324,122378,31324
ZCTA5 31326,83145,31326
ZCTA5 31327,-666666666,31327
ZCTA5 31328,109631,31328
ZCTA5 31329,78483,31329
ZCTA5 31331,61336,31331
ZCTA5 31333,30962,31333
ZCTA5 31401,52509,31401
ZCTA5 31404,53303,31404
ZCTA5 31405,65710,31405
ZCTA5 31406,67120,31406
ZCTA5 31407,81124,31407
ZCTA5 31408,45839,31408
ZCTA5 31409,-666666666,31409
ZCTA5 31410,97807,31410
ZCTA5 31411,137375,31411
ZCTA5 31415,37109,31415
ZCTA5 31419,69635,31419
ZCTA5 31421,-666666666,31421
ZCTA5 31501,37314,31501
ZCTA5 31503,55895,31503
ZCTA5 31510,45958,31510
ZCTA5 31512,49547,31512
ZCTA5 31513,46203,31513
ZCTA5 31516,63203,31516
ZCTA5 31518,92563,31518
ZCTA5 31519,36834,31519
ZCTA5 31520,40071,31520
ZCTA5 31522,108632,31522
ZCTA5 31523,88988,31523
ZCTA5 31524,-666666666,31524
ZCTA5 31525,69493,31525
ZCTA5 31527,-666666666,31527
ZCTA5 31532,48520,31532
ZCTA5 31533,42802,31533
ZCTA5 31535,65629,31535
ZCTA5 31537,64461,31537
ZCTA5 31539,38737,31539
ZCTA5 31542,50938,31542
ZCTA5 31543,50181,31543
ZCTA5 31544,60682,31544
ZCTA5 31545,48302,31545
ZCTA5 31546,66912,31546
ZCTA5 31547,-666666666,31547
ZCTA5 31548,75804,31548
ZCTA5 31549,51402,31549
ZCTA5 31550,-666666666,31550
ZCTA5 31551,45565,31551
ZCTA5 31552,58032,31552
ZCTA5 31553,52665,31553
ZCTA5 31554,53504,31554
ZCTA5 31555,70516,31555
ZCTA5 31556,-666666666,31556
ZCTA5 31557,47083,31557
ZCTA5 31558,74268,31558
ZCTA5 31560,42540,31560
ZCTA5 31561,250001,31561
ZCTA5 31562,35694,31562
ZCTA5 31563,62917,31563
ZCTA5 31564,-666666666,31564
ZCTA5 31565,61778,31565
ZCTA5 31566,60703,31566
ZCTA5 31567,52558,31567
ZCTA5 31568,84028,31568
ZCTA5 31569,65915,31569
ZCTA5 31599,-666666666,31599
ZCTA5 31601,36111,31601
ZCTA5 31602,56939,31602
ZCTA5 31605,79156,31605
ZCTA5 31606,50303,31606
ZCTA5 31620,51597,31620
ZCTA5 31622,51522,31622
ZCTA5 31623,-666666666,31623
ZCTA5 31624,50903,31624
ZCTA5 31625,84526,31625
ZCTA5 31626,52026,31626
ZCTA5 31627,29500,31627
ZCTA5 31629,63702,31629
ZCTA5 31630,27411,31630
ZCTA5 31631,72990,31631
ZCTA5 31632,83946,31632
ZCTA5 31634,46332,31634
ZCTA5 31635,45414,31635
ZCTA5 31636,63672,31636
ZCTA5 31637,65391,31637
ZCTA5 31638,93516,31638
ZCTA5 31639,54159,31639
ZCTA5 31641,59783,31641
ZCTA5 31642,41574,31642
ZCTA5 31643,37043,31643
ZCTA5 31645,70833,31645
ZCTA5 31647,52396,31647
ZCTA5 31648,43750,31648
ZCTA5 31649,93980,31649
ZCTA5 31650,45106,31650
ZCTA5 31698,-666666666,31698
ZCTA5 31699,-666666666,31699
ZCTA5 31701,35025,31701
ZCTA5 31704,-666666666,31704
ZCTA5 31705,42972,31705
ZCTA5 31707,50862,31707
ZCTA5 31709,41531,31709
ZCTA5 31711,57031,31711
ZCTA5 31712,85162,31712
ZCTA5 31714,33287,31714
ZCTA5 31716,60953,31716
ZCTA5 31719,42905,31719
ZCTA5 31720,29821,31720
ZCTA5 31721,77177,31721
ZCTA5 31722,54167,31722
ZCTA5 31727,-666666666,31727
ZCTA5 31730,58500,31730
ZCTA5 31733,48903,31733
ZCTA5 31735,60000,31735
ZCTA5 31738,69950,31738
ZCTA5 31743,41667,31743
ZCTA5 31744,60000,31744
ZCTA5 31747,56364,31747
ZCTA5 31749,38487,31749
ZCTA5 31750,42249,31750
ZCTA5 31753,-666666666,31753
ZCTA5 31756,77375,31756
ZCTA5 31757,79593,31757
ZCTA5 31763,88312,31763
ZCTA5 31764,86573,31764
ZCTA5 31765,42083,31765
ZCTA5 31768,46858,31768
ZCTA5 31771,62978,31771
ZCTA5 31772,42115,31772
ZCTA5 31773,80125,31773
ZCTA5 31774,50833,31774
ZCTA5 31775,57128,31775
ZCTA5 31778,74593,31778
ZCTA5 31779,47530,31779
ZCTA5 31780,39290,31780
ZCTA5 31781,52991,31781
ZCTA5 31783,53571,31783
ZCTA5 31784,56607,31784
ZCTA5 31787,92554,31787
ZCTA5 31788,47325,31788
ZCTA5 31789,55720,31789
ZCTA5 31790,63365,31790
ZCTA5 31791,61530,31791
ZCTA5 31792,50460,31792
ZCTA5 31793,83693,31793
ZCTA5 31794,46056,31794
ZCTA5 31795,40962,31795
ZCTA5 31796,45833,31796
ZCTA5 31798,58480,31798
ZCTA5 31801,53799,31801
ZCTA5 31803,45189,31803
ZCTA5 31804,103095,31804
ZCTA5 31805,56544,31805
ZCTA5 31806,58875,31806
ZCTA5 31807,109345,31807
ZCTA5 31808,109294,31808
ZCTA5 31810,-666666666,31810
ZCTA5 31811,90385,31811
ZCTA5 31812,47500,31812
ZCTA5 31814,-666666666,31814
ZCTA5 31815,45417,31815
ZCTA5 31816,50663,31816
ZCTA5 31820,114468,31820
ZCTA5 31821,-666666666,31821
ZCTA5 31822,66302,31822
ZCTA5 31823,71420,31823
ZCTA5 31824,31742,31824
ZCTA5 31825,28698,31825
ZCTA5 31826,85376,31826
ZCTA5 31827,34946,31827
ZCTA5 31829,109764,31829
ZCTA5 31830,61250,31830
ZCTA5 31831,98214,31831
ZCTA5 31832,65809,31832
ZCTA5 31833,61348,31833
ZCTA5 31836,46771,31836
ZCTA5 31901,51424,31901
ZCTA5 31903,32401,31903
ZCTA5 31904,66291,31904
ZCTA5 31905,75236,31905
ZCTA5 31906,44965,31906
ZCTA5 31907,54453,31907
ZCTA5 31909,69166,31909
ZCTA5 32003,116611,32003
ZCTA5 32008,59681,32008
ZCTA5 32009,72792,32009
ZCTA5 32011,76677,32011
ZCTA5 32013,-666666666,32013
ZCTA5 32024,60811,32024
ZCTA5 32025,55004,32025
ZCTA5 32026,-666666666,32026
ZCTA5 32033,86185,32033
ZCTA5 32034,98583,32034
ZCTA5 32038,65753,32038
ZCTA5 32040,84095,32040
ZCTA5 32043,84145,32043
ZCTA5 32044,46338,32044
ZCTA5 32046,71563,32046
ZCTA5 32052,52103,32052
ZCTA5 32053,44519,32053
ZCTA5 32054,65870,32054
ZCTA5 32055,61111,32055
ZCTA5 32058,65641,32058
ZCTA5 32059,55909,32059
ZCTA5 32060,57510,32060
ZCTA5 32061,-666666666,32061
ZCTA5 32062,58313,32062
ZCTA5 32063,75683,32063
ZCTA5 32064,50984,32064
ZCTA5 32065,97455,32065
ZCTA5 32066,63086,32066
ZCTA5 32068,84431,32068
ZCTA5 32071,57261,32071
ZCTA5 32072,-666666666,32072
ZCTA5 32073,76455,32073
ZCTA5 32079,41094,32079
ZCTA5 32080,92531,32080
ZCTA5 32081,131624,32081
ZCTA5 32082,124558,32082
ZCTA5 32083,55313,32083
ZCTA5 32084,73837,32084
ZCTA5 32086,76512,32086
ZCTA5 32087,67097,32087
ZCTA5 32091,62852,32091
ZCTA5 32092,131020,32092
ZCTA5 32094,64271,32094
ZCTA5 32095,136038,32095
ZCTA5 32096,49912,32096
ZCTA5 32097,93161,32097
ZCTA5 32102,57588,32102
ZCTA5 32110,57485,32110
ZCTA5 32112,39890,32112
ZCTA5 32113,63066,32113
ZCTA5 32114,41736,32114
ZCTA5 32117,56419,32117
ZCTA5 32118,61266,32118
ZCTA5 32119,56862,32119
ZCTA5 32124,92616,32124
ZCTA5 32127,71676,32127
ZCTA5 32128,95831,32128
ZCTA5 32129,67924,32129
ZCTA5 32130,60563,32130
ZCTA5 32131,69416,32131
ZCTA5 32132,52181,32132
ZCTA5 32133,161198,32133
ZCTA5 32134,45760,32134
ZCTA5 32136,78818,32136
ZCTA5 32137,83923,32137
ZCTA5 32139,58438,32139
ZCTA5 32140,35474,32140
ZCTA5 32141,63936,32141
ZCTA5 32145,75557,32145
ZCTA5 32147,-666666666,32147
ZCTA5 32148,45420,32148
ZCTA5 32157,22111,32157
ZCTA5 32159,58518,32159
ZCTA5 32162,74119,32162
ZCTA5 32163,96775,32163
ZCTA5 32164,76399,32164
ZCTA5 32168,77083,32168
ZCTA5 32169,110968,32169
ZCTA5 32174,71011,32174
ZCTA5 32176,78410,32176
ZCTA5 32177,47796,32177
ZCTA5 32179,46512,32179
ZCTA5 32180,77394,32180
ZCTA5 32181,47101,32181
ZCTA5 32182,-666666666,32182
ZCTA5 32187,51982,32187
ZCTA5 32189,42920,32189
ZCTA5 32190,92222,32190
ZCTA5 32192,-666666666,32192
ZCTA5 32193,56528,32193
ZCTA5 32195,57000,32195
ZCTA5 32202,34825,32202
ZCTA5 32203,-666666666,32203
ZCTA5 32204,65063,32204
ZCTA5 32205,64789,32205
ZCTA5 32206,39242,32206
ZCTA5 32207,65234,32207
ZCTA5 32208,41324,32208
ZCTA5 32209,30514,32209
ZCTA5 32210,61050,32210
ZCTA5 32211,57021,32211
ZCTA5 32212,51422,32212
ZCTA5 32214,-666666666,32214
ZCTA5 32216,61821,32216
ZCTA5 32217,73832,32217
ZCTA5 32218,69638,32218
ZCTA5 32219,72184,32219
ZCTA5 32220,81792,32220
ZCTA5 32221,82969,32221
ZCTA5 32222,85649,32222
ZCTA5 32223,95347,32223
ZCTA5 32224,88259,32224
ZCTA5 32225,90559,32225
ZCTA5 32226,110179,32226
ZCTA5 32227,85833,32227
ZCTA5 32228,-666666666,32228
ZCTA5 32233,89185,32233
ZCTA5 32234,87331,32234
ZCTA5 32244,62204,32244
ZCTA5 32246,80963,32246
ZCTA5 32250,117724,32250
ZCTA5 32254,34953,32254
ZCTA5 32256,73570,32256
ZCTA5 32257,75780,32257
ZCTA5 32258,102204,32258
ZCTA5 32259,150736,32259
ZCTA5 32266,119294,32266
ZCTA5 32277,61554,32277
ZCTA5 32301,50942,32301
ZCTA5 32303,62275,32303
ZCTA5 32304,32348,32304
ZCTA5 32305,48045,32305
ZCTA5 32306,-666666666,32306
ZCTA5 32307,-666666666,32307
ZCTA5 32308,77967,32308
ZCTA5 32309,113412,32309
ZCTA5 32310,38288,32310
ZCTA5 32311,81243,32311
ZCTA5 32312,123032,32312
ZCTA5 32313,-666666666,32313
ZCTA5 32317,128690,32317
ZCTA5 32320,46713,32320
ZCTA5 32321,56875,32321
ZCTA5 32322,61955,32322
ZCTA5 32323,42534,32323
ZCTA5 32324,40164,32324
ZCTA5 32327,84138,32327
ZCTA5 32328,80877,32328
ZCTA5 32330,47572,32330
ZCTA5 32331,50905,32331
ZCTA5 32332,31917,32332
ZCTA5 32333,60816,32333
ZCTA5 32334,60781,32334
ZCTA5 32336,45481,32336
ZCTA5 32337,-666666666,32337
ZCTA5 32340,40972,32340
ZCTA5 32343,62955,32343
ZCTA5 32344,61199,32344
ZCTA5 32346,61700,32346
ZCTA5 32347,44183,32347
ZCTA5 32348,54182,32348
ZCTA5 32350,35625,32350
ZCTA5 32351,38967,32351
ZCTA5 32352,42500,32352
ZCTA5 32355,62321,32355
ZCTA5 32356,14221,32356
ZCTA5 32358,75179,32358
ZCTA5 32359,51125,32359
ZCTA5 32360,-666666666,32360
ZCTA5 32361,64063,32361
ZCTA5 32399,-666666666,32399
ZCTA5 32401,52523,32401
ZCTA5 32403,118594,32403
ZCTA5 32404,74708,32404
ZCTA5 32405,73373,32405
ZCTA5 32407,80831,32407
ZCTA5 32408,80822,32408
ZCTA5 32409,64516,32409
ZCTA5 32410,63606,32410
ZCTA5 32413,80039,32413
ZCTA5 32420,48446,32420
ZCTA5 32421,48719,32421
ZCTA5 32423,46591,32423
ZCTA5 32424,51398,32424
ZCTA5 32425,46667,32425
ZCTA5 32426,33802,32426
ZCTA5 32427,62625,32427
ZCTA5 32428,57493,32428
ZCTA5 32430,60197,32430
ZCTA5 32431,55293,32431
ZCTA5 32432,-666666666,32432
ZCTA5 32433,52199,32433
ZCTA5 32435,65313,32435
ZCTA5 32437,46477,32437
ZCTA5 32438,50000,32438
ZCTA5 32439,83227,32439
ZCTA5 32440,59246,32440
ZCTA5 32442,45500,32442
ZCTA5 32443,47663,32443
ZCTA5 32444,83160,32444
ZCTA5 32445,61336,32445
ZCTA5 32446,55125,32446
ZCTA5 32448,43862,32448
ZCTA5 32449,25457,32449
ZCTA5 32455,50952,32455
ZCTA5 32456,64681,32456
ZCTA5 32459,107821,32459
ZCTA5 32460,51497,32460
ZCTA5 32461,145706,32461
ZCTA5 32462,50662,32462
ZCTA5 32463,64643,32463
ZCTA5 32464,57524,32464
ZCTA5 32465,54538,32465
ZCTA5 32466,60337,32466
ZCTA5 32501,44139,32501
ZCTA5 32502,67207,32502
ZCTA5 32503,71411,32503
ZCTA5 32504,72672,32504
ZCTA5 32505,44783,32505
ZCTA5 32506,62486,32506
ZCTA5 32507,73540,32507
ZCTA5 32508,71607,32508
ZCTA5 32509,-666666666,32509
ZCTA5 32511,-666666666,32511
ZCTA5 32512,-666666666,32512
ZCTA5 32514,66644,32514
ZCTA5 32526,75098,32526
ZCTA5 32530,-666666666,32530
ZCTA5 32531,84992,32531
ZCTA5 32533,86087,32533
ZCTA5 32534,58992,32534
ZCTA5 32535,38618,32535
ZCTA5 32536,78119,32536
ZCTA5 32539,74369,32539
ZCTA5 32541,95124,32541
ZCTA5 32542,77900,32542
ZCTA5 32544,47865,32544
ZCTA5 32547,70711,32547
ZCTA5 32548,65342,32548
ZCTA5 32550,101250,32550
ZCTA5 32561,115799,32561
ZCTA5 32563,100396,32563
ZCTA5 32564,59875,32564
ZCTA5 32565,84432,32565
ZCTA5 32566,105551,32566
ZCTA5 32567,76500,32567
ZCTA5 32568,79279,32568
ZCTA5 32569,77718,32569
ZCTA5 32570,77222,32570
ZCTA5 32571,87617,32571
ZCTA5 32577,73998,32577
ZCTA5 32578,108972,32578
ZCTA5 32579,104510,32579
ZCTA5 32580,91645,32580
ZCTA5 32583,85440,32583
ZCTA5 32601,30352,32601
ZCTA5 32603,13408,32603
ZCTA5 32605,86714,32605
ZCTA5 32606,87953,32606
ZCTA5 32607,45987,32607
ZCTA5 32608,61588,32608
ZCTA5 32609,49406,32609
ZCTA5 32610,-666666666,32610
ZCTA5 32612,-666666666,32612
ZCTA5 32615,85701,32615
ZCTA5 32616,-666666666,32616
ZCTA5 32617,66667,32617
ZCTA5 32618,54585,32618
ZCTA5 32619,60795,32619
ZCTA5 32621,56630,32621
ZCTA5 32622,72639,32622
ZCTA5 32625,60298,32625
ZCTA5 32626,60433,32626
ZCTA5 32628,44567,32628
ZCTA5 32631,-666666666,32631
ZCTA5 32634,-666666666,32634
ZCTA5 32639,-666666666,32639
ZCTA5 32640,60208,32640
ZCTA5 32641,35223,32641
ZCTA5 32643,83386,32643
ZCTA5 32648,63482,32648
ZCTA5 32653,93913,32653
ZCTA5 32656,74213,32656
ZCTA5 32658,53568,32658
ZCTA5 32664,69375,32664
ZCTA5 32666,68765,32666
ZCTA5 32667,81659,32667
ZCTA5 32668,58299,32668
ZCTA5 32669,99548,32669
ZCTA5 32680,50306,32680
ZCTA5 32681,53640,32681
ZCTA5 32683,63023,32683
ZCTA5 32686,49821,32686
ZCTA5 32692,-666666666,32692
ZCTA5 32693,67083,32693
ZCTA5 32694,43537,32694
ZCTA5 32696,61020,32696
ZCTA5 32697,28000,32697
ZCTA5 32701,62198,32701
ZCTA5 32702,50935,32702
ZCTA5 32703,72880,32703
ZCTA5 32707,69113,32707
ZCTA5 32708,93628,32708
ZCTA5 32709,73224,32709
ZCTA5 32712,108734,32712
ZCTA5 32713,88500,32713
ZCTA5 32714,70955,32714
ZCTA5 32720,68830,32720
ZCTA5 32723,-666666666,32723
ZCTA5 32724,73592,32724
ZCTA5 32725,73152,32725
ZCTA5 32726,63152,32726
ZCTA5 32730,47500,32730
ZCTA5 32732,119205,32732
ZCTA5 32735,68441,32735
ZCTA5 32736,96542,32736
ZCTA5 32738,80224,32738
ZCTA5 32744,112599,32744
ZCTA5 32746,104775,32746
ZCTA5 32750,86125,32750
ZCTA5 32751,95387,32751
ZCTA5 32754,75364,32754
ZCTA5 32757,77216,32757
ZCTA5 32759,61671,32759
ZCTA5 32763,66716,32763
ZCTA5 32764,86224,32764
ZCTA5 32765,102167,32765
ZCTA5 32766,147552,32766
ZCTA5 32767,71714,32767
ZCTA5 32768,-666666666,32768
ZCTA5 32771,77868,32771
ZCTA5 32773,70442,32773
ZCTA5 32775,-666666666,32775
ZCTA5 32776,100573,32776
ZCTA5 32778,63472,32778
ZCTA5 32779,121826,32779
ZCTA5 32780,67690,32780
ZCTA5 32784,72201,32784
ZCTA5 32789,106671,32789
ZCTA5 32792,69200,32792
ZCTA5 32796,67491,32796
ZCTA5 32798,63178,32798
ZCTA5 32801,80871,32801
ZCTA5 32803,107592,32803
ZCTA5 32804,113231,32804
ZCTA5 32805,40515,32805
ZCTA5 32806,89046,32806
ZCTA5 32807,59971,32807
ZCTA5 32808,49700,32808
ZCTA5 32809,57879,32809
ZCTA5 32810,60799,32810
ZCTA5 32811,54082,32811
ZCTA5 32812,73149,32812
ZCTA5 32814,140274,32814
ZCTA5 32816,-666666666,32816
ZCTA5 32817,80711,32817
ZCTA5 32818,63061,32818
ZCTA5 32819,98109,32819
ZCTA5 32820,106859,32820
ZCTA5 32821,69348,32821
ZCTA5 32822,56540,32822
ZCTA5 32824,84841,32824
ZCTA5 32825,81651,32825
ZCTA5 32826,64755,32826
ZCTA5 32827,117483,32827
ZCTA5 32828,101767,32828
ZCTA5 32829,99213,32829
ZCTA5 32830,250001,32830
ZCTA5 32831,67917,32831
ZCTA5 32832,118856,32832
ZCTA5 32833,98733,32833
ZCTA5 32835,71418,32835
ZCTA5 32836,111987,32836
ZCTA5 32837,88848,32837
ZCTA5 32839,47313,32839
ZCTA5 32899,-666666666,32899
ZCTA5 32901,54651,32901
ZCTA5 32903,104906,32903
ZCTA5 32904,90673,32904
ZCTA5 32905,56411,32905
ZCTA5 32907,75311,32907
ZCTA5 32908,79596,32908
ZCTA5 32909,79977,32909
ZCTA5 32920,66955,32920
ZCTA5 32922,44469,32922
ZCTA5 32925,76250,32925
ZCTA5 32926,70735,32926
ZCTA5 32927,86075,32927
ZCTA5 32931,89457,32931
ZCTA5 32934,104369,32934
ZCTA5 32935,64588,32935
ZCTA5 32937,101184,32937
ZCTA5 32940,110495,32940
ZCTA5 32948,60945,32948
ZCTA5 32949,130651,32949
ZCTA5 32950,115781,32950
ZCTA5 32951,98420,32951
ZCTA5 32952,102726,32952
ZCTA5 32953,87262,32953
ZCTA5 32955,86457,32955
ZCTA5 32958,66840,32958
ZCTA5 32959,-666666666,32959
ZCTA5 32960,54682,32960
ZCTA5 32962,66664,32962
ZCTA5 32963,149923,32963
ZCTA5 32966,66771,32966
ZCTA5 32967,78058,32967
ZCTA5 32968,94113,32968
ZCTA5 32970,43750,32970
ZCTA5 32976,46712,32976
ZCTA5 33001,-666666666,33001
ZCTA5 33004,52574,33004
ZCTA5 33009,52079,33009
ZCTA5 33010,46553,33010
ZCTA5 33012,51450,33012
ZCTA5 33013,60658,33013
ZCTA5 33014,77338,33014
ZCTA5 33015,77339,33015
ZCTA5 33016,58479,33016
ZCTA5 33018,89639,33018
ZCTA5 33019,96497,33019
ZCTA5 33020,56473,33020
ZCTA5 33021,71318,33021
ZCTA5 33022,-666666666,33022
ZCTA5 33023,74709,33023
ZCTA5 33024,80061,33024
ZCTA5 33025,68743,33025
ZCTA5 33026,89306,33026
ZCTA5 33027,76561,33027
ZCTA5 33028,119091,33028
ZCTA5 33029,146237,33029
ZCTA5 33030,46202,33030
ZCTA5 33031,109945,33031
ZCTA5 33032,73429,33032
ZCTA5 33033,69635,33033
ZCTA5 33034,47170,33034
ZCTA5 33035,68354,33035
ZCTA5 33036,86032,33036
ZCTA5 33037,86533,33037
ZCTA5 33039,-666666666,33039
ZCTA5 33040,86586,33040
ZCTA5 33042,103041,33042
ZCTA5 33043,110491,33043
ZCTA5 33050,94898,33050
ZCTA5 33051,94231,33051
ZCTA5 33054,45710,33054
ZCTA5 33055,62286,33055
ZCTA5 33056,68583,33056
ZCTA5 33060,64819,33060
ZCTA5 33062,83582,33062
ZCTA5 33063,62918,33063
ZCTA5 33064,71301,33064
ZCTA5 33065,74226,33065
ZCTA5 33066,57051,33066
ZCTA5 33067,131216,33067
ZCTA5 33068,64051,33068
ZCTA5 33069,59683,33069
ZCTA5 33070,75436,33070
ZCTA5 33071,106149,33071
ZCTA5 33073,97412,33073
ZCTA5 33076,176641,33076
ZCTA5 33101,-666666666,33101
ZCTA5 33109,250001,33109
ZCTA5 33122,99583,33122
ZCTA5 33125,44979,33125
ZCTA5 33126,58210,33126
ZCTA5 33127,41230,33127
ZCTA5 33128,42722,33128
ZCTA5 33129,113367,33129
ZCTA5 33130,61009,33130
ZCTA5 33131,144138,33131
ZCTA5 33132,109109,33132
ZCTA5 33133,103420,33133
ZCTA5 33134,99766,33134
ZCTA5 33135,40567,33135
ZCTA5 33136,44843,33136
ZCTA5 33137,94036,33137
ZCTA5 33138,75051,33138
ZCTA5 33139,69793,33139
ZCTA5 33140,107063,33140
ZCTA5 33141,68738,33141
ZCTA5 33142,39608,33142
ZCTA5 33143,83008,33143
ZCTA5 33144,60907,33144
ZCTA5 33145,73995,33145
ZCTA5 33146,131500,33146
ZCTA5 33147,50704,33147
ZCTA5 33149,181505,33149
ZCTA5 33150,40873,33150
ZCTA5 33154,89563,33154
ZCTA5 33155,81158,33155
ZCTA5 33156,137076,33156
ZCTA5 33157,81589,33157
ZCTA5 33158,201597,33158
ZCTA5 33160,67040,33160
ZCTA5 33161,58325,33161
ZCTA5 33162,60692,33162
ZCTA5 33165,85200,33165
ZCTA5 33166,81581,33166
ZCTA5 33167,62846,33167
ZCTA5 33168,65777,33168
ZCTA5 33169,62562,33169
ZCTA5 33170,73958,33170
ZCTA5 33172,63023,33172
ZCTA5 33173,88271,33173
ZCTA5 33174,59185,33174
ZCTA5 33175,77841,33175
ZCTA5 33176,86354,33176
ZCTA5 33177,82682,33177
ZCTA5 33178,96653,33178
ZCTA5 33179,65211,33179
ZCTA5 33180,91055,33180
ZCTA5 33181,63275,33181
ZCTA5 33182,99385,33182
ZCTA5 33183,70218,33183
ZCTA5 33184,79784,33184
ZCTA5 33185,114206,33185
ZCTA5 33186,93462,33186
ZCTA5 33187,115206,33187
ZCTA5 33189,69420,33189
ZCTA5 33190,82533,33190
ZCTA5 33193,77839,33193
ZCTA5 33194,126250,33194
ZCTA5 33196,94961,33196
ZCTA5 33301,124812,33301
ZCTA5 33304,84920,33304
ZCTA5 33305,92485,33305
ZCTA5 33306,95542,33306
ZCTA5 33308,93879,33308
ZCTA5 33309,77321,33309
ZCTA5 33311,53973,33311
ZCTA5 33312,75952,33312
ZCTA5 33313,46305,33313
ZCTA5 33314,66100,33314
ZCTA5 33315,88309,33315
ZCTA5 33316,96641,33316
ZCTA5 33317,93603,33317
ZCTA5 33319,58388,33319
ZCTA5 33321,62066,33321
ZCTA5 33322,71755,33322
ZCTA5 33323,113481,33323
ZCTA5 33324,85000,33324
ZCTA5 33325,100553,33325
ZCTA5 33326,117373,33326
ZCTA5 33327,159388,33327
ZCTA5 33328,126380,33328
ZCTA5 33330,145212,33330
ZCTA5 33331,142636,33331
ZCTA5 33332,172730,33332
ZCTA5 33334,75361,33334
ZCTA5 33351,77363,33351
ZCTA5 33388,-666666666,33388
ZCTA5 33401,67967,33401
ZCTA5 33403,70646,33403
ZCTA5 33404,65063,33404
ZCTA5 33405,87341,33405
ZCTA5 33406,77075,33406
ZCTA5 33407,59993,33407
ZCTA5 33408,92216,33408
ZCTA5 33409,67073,33409
ZCTA5 33410,94530,33410
ZCTA5 33411,92591,33411
ZCTA5 33412,130225,33412
ZCTA5 33413,91131,33413
ZCTA5 33414,112241,33414
ZCTA5 33415,61274,33415
ZCTA5 33417,51605,33417
ZCTA5 33418,125497,33418
ZCTA5 33426,74223,33426
ZCTA5 33428,88543,33428
ZCTA5 33430,46523,33430
ZCTA5 33431,107896,33431
ZCTA5 33432,107045,33432
ZCTA5 33433,84091,33433
ZCTA5 33434,77269,33434
ZCTA5 33435,67979,33435
ZCTA5 33436,75789,33436
ZCTA5 33437,80710,33437
ZCTA5 33438,-666666666,33438
ZCTA5 33440,56341,33440
ZCTA5 33441,58594,33441
ZCTA5 33442,53254,33442
ZCTA5 33444,72925,33444
ZCTA5 33445,78163,33445
ZCTA5 33446,80187,33446
ZCTA5 33449,153586,33449
ZCTA5 33455,70389,33455
ZCTA5 33458,109729,33458
ZCTA5 33460,62090,33460
ZCTA5 33461,61963,33461
ZCTA5 33462,73997,33462
ZCTA5 33463,73865,33463
ZCTA5 33467,95739,33467
ZCTA5 33469,106265,33469
ZCTA5 33470,122163,33470
ZCTA5 33471,39150,33471
ZCTA5 33472,101959,33472
ZCTA5 33473,145691,33473
ZCTA5 33476,36652,33476
ZCTA5 33477,104992,33477
ZCTA5 33478,139091,33478
ZCTA5 33480,150633,33480
ZCTA5 33483,116115,33483
ZCTA5 33484,62151,33484
ZCTA5 33486,105540,33486
ZCTA5 33487,96066,33487
ZCTA5 33493,53083,33493
ZCTA5 33496,114885,33496
ZCTA5 33498,146765,33498
ZCTA5 33503,138553,33503
ZCTA5 33510,74245,33510
ZCTA5 33511,81301,33511
ZCTA5 33513,67597,33513
ZCTA5 33514,80286,33514
ZCTA5 33521,62188,33521
ZCTA5 33523,64826,33523
ZCTA5 33525,69068,33525
ZCTA5 33527,80464,33527
ZCTA5 33530,-666666666,33530
ZCTA5 33534,80484,33534
ZCTA5 33538,48921,33538
ZCTA5 33540,56387,33540
ZCTA5 33541,56579,33541
ZCTA5 33542,49316,33542
ZCTA5 33543,107349,33543
ZCTA5 33544,104573,33544
ZCTA5 33545,118889,33545
ZCTA5 33547,123258,33547
ZCTA5 33548,129857,33548
ZCTA5 33549,89343,33549
ZCTA5 33550,-666666666,33550
ZCTA5 33556,149722,33556
ZCTA5 33558,116090,33558
ZCTA5 33559,80185,33559
ZCTA5 33563,60131,33563
ZCTA5 33565,73414,33565
ZCTA5 33566,72393,33566
ZCTA5 33567,85643,33567
ZCTA5 33569,105275,33569
ZCTA5 33570,72172,33570
ZCTA5 33572,122130,33572
ZCTA5 33573,72834,33573
ZCTA5 33574,-666666666,33574
ZCTA5 33576,76388,33576
ZCTA5 33578,85921,33578
ZCTA5 33579,116134,33579
ZCTA5 33584,72267,33584
ZCTA5 33585,83125,33585
ZCTA5 33592,68802,33592
ZCTA5 33594,96628,33594
ZCTA5 33596,116465,33596
ZCTA5 33597,62898,33597
ZCTA5 33598,97520,33598
ZCTA5 33602,97320,33602
ZCTA5 33603,74081,33603
ZCTA5 33604,58766,33604
ZCTA5 33605,36975,33605
ZCTA5 33606,120729,33606
ZCTA5 33607,69694,33607
ZCTA5 33609,115844,33609
ZCTA5 33610,54209,33610
ZCTA5 33611,90910,33611
ZCTA5 33612,47199,33612
ZCTA5 33613,44032,33613
ZCTA5 33614,50232,33614
ZCTA5 33615,69274,33615
ZCTA5 33616,93210,33616
ZCTA5 33617,50948,33617
ZCTA5 33618,84788,33618
ZCTA5 33619,66134,33619
ZCTA5 33620,-666666666,33620
ZCTA5 33621,107188,33621
ZCTA5 33624,87760,33624
ZCTA5 33625,93133,33625
ZCTA5 33626,127118,33626
ZCTA5 33629,164355,33629
ZCTA5 33634,74291,33634
ZCTA5 33635,86894,33635
ZCTA5 33637,63323,33637
ZCTA5 33647,109285,33647
ZCTA5 33701,73542,33701
ZCTA5 33702,67463,33702
ZCTA5 33703,95224,33703
ZCTA5 33704,107889,33704
ZCTA5 33705,73027,33705
ZCTA5 33706,104359,33706
ZCTA5 33707,69951,33707
ZCTA5 33708,82500,33708
ZCTA5 33709,53501,33709
ZCTA5 33710,78611,33710
ZCTA5 33711,66540,33711
ZCTA5 33712,60450,33712
ZCTA5 33713,74707,33713
ZCTA5 33714,47487,33714
ZCTA5 33715,102782,33715
ZCTA5 33716,75226,33716
ZCTA5 33744,-666666666,33744
ZCTA5 33755,62886,33755
ZCTA5 33756,61872,33756
ZCTA5 33759,67492,33759
ZCTA5 33760,69596,33760
ZCTA5 33761,74728,33761
ZCTA5 33762,87461,33762
ZCTA5 33763,54794,33763
ZCTA5 33764,67256,33764
ZCTA5 33765,69199,33765
ZCTA5 33767,117425,33767
ZCTA5 33770,59815,33770
ZCTA5 33771,59993,33771
ZCTA5 33772,73586,33772
ZCTA5 33773,76867,33773
ZCTA5 33774,79139,33774
ZCTA5 33776,105337,33776
ZCTA5 33777,86375,33777
ZCTA5 33778,65355,33778
ZCTA5 33781,57785,33781
ZCTA5 33782,66461,33782
ZCTA5 33785,101356,33785
ZCTA5 33786,163125,33786
ZCTA5 33801,53061,33801
ZCTA5 33803,65807,33803
ZCTA5 33805,62661,33805
ZCTA5 33809,70066,33809
ZCTA5 33810,69986,33810
ZCTA5 33811,90263,33811
ZCTA5 33812,103052,33812
ZCTA5 33813,99497,33813
ZCTA5 33815,37487,33815
ZCTA5 33823,71485,33823
ZCTA5 33825,46949,33825
ZCTA5 33827,54556,33827
ZCTA5 33830,63918,33830
ZCTA5 33834,60817,33834
ZCTA5 33835,-666666666,33835
ZCTA5 33837,81276,33837
ZCTA5 33838,50766,33838
ZCTA5 33839,70000,33839
ZCTA5 33840,-666666666,33840
ZCTA5 33841,39384,33841
ZCTA5 33843,50503,33843
ZCTA5 33844,63650,33844
ZCTA5 33847,67955,33847
ZCTA5 33848,74750,33848
ZCTA5 33849,-666666666,33849
ZCTA5 33850,61622,33850
ZCTA5 33851,62284,33851
ZCTA5 33852,54284,33852
ZCTA5 33853,44474,33853
ZCTA5 33854,29250,33854
ZCTA5 33855,-666666666,33855
ZCTA5 33856,37622,33856
ZCTA5 33857,80313,33857
ZCTA5 33858,27061,33858
ZCTA5 33859,57760,33859
ZCTA5 33860,65710,33860
ZCTA5 33865,67818,33865
ZCTA5 33867,-666666666,33867
ZCTA5 33868,74289,33868
ZCTA5 33870,49942,33870
ZCTA5 33872,69578,33872
ZCTA5 33873,54444,33873
ZCTA5 33875,77482,33875
ZCTA5 33876,55564,33876
ZCTA5 33877,-666666666,33877
ZCTA5 33880,56390,33880
ZCTA5 33881,57024,33881
ZCTA5 33884,70443,33884
ZCTA5 33890,86831,33890
ZCTA5 33896,74668,33896
ZCTA5 33897,70982,33897
ZCTA5 33898,57224,33898
ZCTA5 33901,51816,33901
ZCTA5 33903,56993,33903
ZCTA5 33904,71190,33904
ZCTA5 33905,71987,33905
ZCTA5 33907,52478,33907
ZCTA5 33908,75396,33908
ZCTA5 33909,73053,33909
ZCTA5 33912,103194,33912
ZCTA5 33913,110373,33913
ZCTA5 33914,83503,33914
ZCTA5 33916,52586,33916
ZCTA5 33917,55000,33917
ZCTA5 33919,80451,33919
ZCTA5 33920,98571,33920
ZCTA5 33921,-666666666,33921
ZCTA5 33922,71164,33922
ZCTA5 33924,-666666666,33924
ZCTA5 33928,102624,33928
ZCTA5 33930,140335,33930
ZCTA5 33931,79018,33931
ZCTA5 33935,57009,33935
ZCTA5 33936,51417,33936
ZCTA5 33944,38692,33944
ZCTA5 33946,85848,33946
ZCTA5 33947,80091,33947
ZCTA5 33948,62744,33948
ZCTA5 33950,76369,33950
ZCTA5 33952,61382,33952
ZCTA5 33953,83070,33953
ZCTA5 33954,78288,33954
ZCTA5 33955,76943,33955
ZCTA5 33956,69534,33956
ZCTA5 33957,108644,33957
ZCTA5 33960,39417,33960
ZCTA5 33965,26354,33965
ZCTA5 33966,84965,33966
ZCTA5 33967,90519,33967
ZCTA5 33971,77723,33971
ZCTA5 33972,73819,33972
ZCTA5 33973,60530,33973
ZCTA5 33974,72192,33974
ZCTA5 33976,72679,33976
ZCTA5 33980,63591,33980
ZCTA5 33981,84098,33981
ZCTA5 33982,72443,33982
ZCTA5 33983,71856,33983
ZCTA5 33990,70665,33990
ZCTA5 33991,84470,33991
ZCTA5 33993,90577,33993
ZCTA5 34101,-666666666,34101
ZCTA5 34102,130929,34102
ZCTA5 34103,116875,34103
ZCTA5 34104,71686,34104
ZCTA5 34105,92214,34105
ZCTA5 34108,119212,34108
ZCTA5 34109,92259,34109
ZCTA5 34110,97564,34110
ZCTA5 34112,69842,34112
ZCTA5 34113,81674,34113
ZCTA5 34114,89334,34114
ZCTA5 34116,73958,34116
ZCTA5 34117,110614,34117
ZCTA5 34119,113391,34119
ZCTA5 34120,93861,34120
ZCTA5 34134,130719,34134
ZCTA5 34135,91380,34135
ZCTA5 34137,-666666666,34137
ZCTA5 34138,98495,34138
ZCTA5 34139,85000,34139
ZCTA5 34140,-666666666,34140
ZCTA5 34141,106591,34141
ZCTA5 34142,62333,34142
ZCTA5 34145,101523,34145
ZCTA5 34201,124863,34201
ZCTA5 34202,121659,34202
ZCTA5 34203,70761,34203
ZCTA5 34205,52525,34205
ZCTA5 34207,45010,34207
ZCTA5 34208,60504,34208
ZCTA5 34209,81728,34209
ZCTA5 34210,64244,34210
ZCTA5 34211,119911,34211
ZCTA5 34212,125486,34212
ZCTA5 34215,77857,34215
ZCTA5 34216,103561,34216
ZCTA5 34217,80972,34217
ZCTA5 34219,113773,34219
ZCTA5 34221,77712,34221
ZCTA5 34222,64355,34222
ZCTA5 34223,76016,34223
ZCTA5 34224,57281,34224
ZCTA5 34228,158030,34228
ZCTA5 34229,103657,34229
ZCTA5 34231,69925,34231
ZCTA5 34232,80795,34232
ZCTA5 34233,75394,34233
ZCTA5 34234,57288,34234
ZCTA5 34235,78958,34235
ZCTA5 34236,95881,34236
ZCTA5 34237,66762,34237
ZCTA5 34238,97926,34238
ZCTA5 34239,80923,34239
ZCTA5 34240,130148,34240
ZCTA5 34241,116412,34241
ZCTA5 34242,115967,34242
ZCTA5 34243,81219,34243
ZCTA5 34250,188319,34250
ZCTA5 34251,92005,34251
ZCTA5 34266,50972,34266
ZCTA5 34267,-666666666,34267
ZCTA5 34268,29512,34268
ZCTA5 34269,58636,34269
ZCTA5 34275,89369,34275
ZCTA5 34285,68301,34285
ZCTA5 34286,80553,34286
ZCTA5 34287,63464,34287
ZCTA5 34288,84211,34288
ZCTA5 34289,83411,34289
ZCTA5 34291,93425,34291
ZCTA5 34292,80101,34292
ZCTA5 34293,90038,34293
ZCTA5 34420,60680,34420
ZCTA5 34428,50779,34428
ZCTA5 34429,55395,34429
ZCTA5 34431,56534,34431
ZCTA5 34432,50446,34432
ZCTA5 34433,58946,34433
ZCTA5 34434,68939,34434
ZCTA5 34436,55802,34436
ZCTA5 34442,57259,34442
ZCTA5 34445,-666666666,34445
ZCTA5 34446,58802,34446
ZCTA5 34448,45916,34448
ZCTA5 34449,43656,34449
ZCTA5 34450,48763,34450
ZCTA5 34452,58608,34452
ZCTA5 34453,57568,34453
ZCTA5 34461,63418,34461
ZCTA5 34465,54869,34465
ZCTA5 34470,52083,34470
ZCTA5 34471,65789,34471
ZCTA5 34472,64208,34472
ZCTA5 34473,72366,34473
ZCTA5 34474,65291,34474
ZCTA5 34475,30174,34475
ZCTA5 34476,65860,34476
ZCTA5 34479,54283,34479
ZCTA5 34480,77557,34480
ZCTA5 34481,57324,34481
ZCTA5 34482,65901,34482
ZCTA5 34484,92582,34484
ZCTA5 34487,-666666666,34487
ZCTA5 34488,43438,34488
ZCTA5 34491,66679,34491
ZCTA5 34498,60865,34498
ZCTA5 34601,60440,34601
ZCTA5 34602,77215,34602
ZCTA5 34604,84833,34604
ZCTA5 34606,57337,34606
ZCTA5 34607,66422,34607
ZCTA5 34608,64345,34608
ZCTA5 34609,79442,34609
ZCTA5 34610,77396,34610
ZCTA5 34613,58596,34613
ZCTA5 34614,83800,34614
ZCTA5 34637,115214,34637
ZCTA5 34638,123899,34638
ZCTA5 34639,101486,34639
ZCTA5 34652,56931,34652
ZCTA5 34653,49563,34653
ZCTA5 34654,73947,34654
ZCTA5 34655,85470,34655
ZCTA5 34661,-666666666,34661
ZCTA5 34667,51280,34667
ZCTA5 34668,47401,34668
ZCTA5 34669,58638,34669
ZCTA5 34677,93474,34677
ZCTA5 34679,-666666666,34679
ZCTA5 34681,-666666666,34681
ZCTA5 34683,92885,34683
ZCTA5 34684,72145,34684
ZCTA5 34685,94688,34685
ZCTA5 34688,112091,34688
ZCTA5 34689,74854,34689
ZCTA5 34690,49401,34690
ZCTA5 34691,50288,34691
ZCTA5 34695,95238,34695
ZCTA5 34698,74078,34698
ZCTA5 34705,74063,34705
ZCTA5 34711,90245,34711
ZCTA5 34714,75392,34714
ZCTA5 34715,105262,34715
ZCTA5 34729,-666666666,34729
ZCTA5 34731,66300,34731
ZCTA5 34734,78309,34734
ZCTA5 34736,90545,34736
ZCTA5 34737,66563,34737
ZCTA5 34739,101319,34739
ZCTA5 34741,52409,34741
ZCTA5 34743,62992,34743
ZCTA5 34744,74537,34744
ZCTA5 34746,70998,34746
ZCTA5 34747,77755,34747
ZCTA5 34748,58192,34748
ZCTA5 34753,83868,34753
ZCTA5 34756,108500,34756
ZCTA5 34758,66339,34758
ZCTA5 34759,69373,34759
ZCTA5 34760,93804,34760
ZCTA5 34761,96415,34761
ZCTA5 34762,-666666666,34762
ZCTA5 34769,67148,34769
ZCTA5 34771,97415,34771
ZCTA5 34772,97868,34772
ZCTA5 34773,80524,34773
ZCTA5 34785,66136,34785
ZCTA5 34786,134214,34786
ZCTA5 34787,120365,34787
ZCTA5 34788,54147,34788
ZCTA5 34797,130227,34797
ZCTA5 34945,87568,34945
ZCTA5 34946,40315,34946
ZCTA5 34947,51811,34947
ZCTA5 34949,94949,34949
ZCTA5 34950,30400,34950
ZCTA5 34951,63122,34951
ZCTA5 34952,61628,34952
ZCTA5 34953,85667,34953
ZCTA5 34956,64526,34956
ZCTA5 34957,70403,34957
ZCTA5 34972,61040,34972
ZCTA5 34974,53013,34974
ZCTA5 34981,71136,34981
ZCTA5 34982,54082,34982
ZCTA5 34983,75489,34983
ZCTA5 34984,80725,34984
ZCTA5 34986,80047,34986
ZCTA5 34987,90201,34987
ZCTA5 34990,129560,34990
ZCTA5 34994,62533,34994
ZCTA5 34996,83929,34996
ZCTA5 34997,78136,34997
ZCTA5 35004,87652,35004
ZCTA5 35005,59125,35005
ZCTA5 35006,68982,35006
ZCTA5 35007,88505,35007
ZCTA5 35010,51338,35010
ZCTA5 35013,122917,35013
ZCTA5 35014,70688,35014
ZCTA5 35016,63685,35016
ZCTA5 35019,62083,35019
ZCTA5 35020,35362,35020
ZCTA5 35022,81846,35022
ZCTA5 35023,69863,35023
ZCTA5 35031,54345,35031
ZCTA5 35032,30156,35032
ZCTA5 35033,51139,35033
ZCTA5 35034,36002,35034
ZCTA5 35035,65695,35035
ZCTA5 35036,-666666666,35036
ZCTA5 35040,84554,35040
ZCTA5 35042,46509,35042
ZCTA5 35043,121356,35043
ZCTA5 35044,56425,35044
ZCTA5 35045,65907,35045
ZCTA5 35046,79286,35046
ZCTA5 35049,65644,35049
ZCTA5 35051,80061,35051
ZCTA5 35052,-666666666,35052
ZCTA5 35053,56167,35053
ZCTA5 35054,77929,35054
ZCTA5 35055,58405,35055
ZCTA5 35057,83781,35057
ZCTA5 35058,62146,35058
ZCTA5 35060,-666666666,35060
ZCTA5 35061,69432,35061
ZCTA5 35062,73393,35062
ZCTA5 35063,61138,35063
ZCTA5 35064,48692,35064
ZCTA5 35068,73750,35068
ZCTA5 35070,66786,35070
ZCTA5 35071,82074,35071
ZCTA5 35072,51028,35072
ZCTA5 35073,54886,35073
ZCTA5 35074,-666666666,35074
ZCTA5 35077,48276,35077
ZCTA5 35078,75056,35078
ZCTA5 35079,82938,35079
ZCTA5 35080,118344,35080
ZCTA5 35082,-666666666,35082
ZCTA5 35083,55335,35083
ZCTA5 35085,70862,35085
ZCTA5 35087,67043,35087
ZCTA5 35089,56213,35089
ZCTA5 35091,100375,35091
ZCTA5 35094,74625,35094
ZCTA5 35096,66913,35096
ZCTA5 35097,58056,35097
ZCTA5 35098,80517,35098
ZCTA5 35111,86463,35111
ZCTA5 35112,76010,35112
ZCTA5 35114,98355,35114
ZCTA5 35115,57372,35115
ZCTA5 35116,88274,35116
ZCTA5 35117,92730,35117
ZCTA5 35118,64375,35118
ZCTA5 35119,-666666666,35119
ZCTA5 35120,74352,35120
ZCTA5 35121,60177,35121
ZCTA5 35124,99726,35124
ZCTA5 35125,59891,35125
ZCTA5 35126,83732,35126
ZCTA5 35127,70317,35127
ZCTA5 35128,83990,35128
ZCTA5 35130,40690,35130
ZCTA5 35131,43738,35131
ZCTA5 35133,50313,35133
ZCTA5 35135,68681,35135
ZCTA5 35136,50114,35136
ZCTA5 35143,72500,35143
ZCTA5 35146,86614,35146
ZCTA5 35147,91739,35147
ZCTA5 35148,56574,35148
ZCTA5 35149,-666666666,35149
ZCTA5 35150,45768,35150
ZCTA5 35151,68239,35151
ZCTA5 35160,52838,35160
ZCTA5 35171,71875,35171
ZCTA5 35172,39844,35172
ZCTA5 35173,117105,35173
ZCTA5 35175,74600,35175
ZCTA5 35176,49348,35176
ZCTA5 35178,55299,35178
ZCTA5 35179,72956,35179
ZCTA5 35180,74832,35180
ZCTA5 35181,-666666666,35181
ZCTA5 35183,69167,35183
ZCTA5 35184,54756,35184
ZCTA5 35185,-666666666,35185
ZCTA5 35186,102615,35186
ZCTA5 35188,73438,35188
ZCTA5 35203,47434,35203
ZCTA5 35204,35420,35204
ZCTA5 35205,51158,35205
ZCTA5 35206,42549,35206
ZCTA5 35207,31486,35207
ZCTA5 35208,38561,35208
ZCTA5 35209,71439,35209
ZCTA5 35210,73061,35210
ZCTA5 35211,34884,35211
ZCTA5 35212,36633,35212
ZCTA5 35213,159824,35213
ZCTA5 35214,56383,35214
ZCTA5 35215,52793,35215
ZCTA5 35216,74525,35216
ZCTA5 35217,40486,35217
ZCTA5 35218,30739,35218
ZCTA5 35221,33472,35221
ZCTA5 35222,84066,35222
ZCTA5 35223,168278,35223
ZCTA5 35224,42639,35224
ZCTA5 35226,124516,35226
ZCTA5 35228,50815,35228
ZCTA5 35229,-666666666,35229
ZCTA5 35233,60336,35233
ZCTA5 35234,26831,35234
ZCTA5 35235,63295,35235
ZCTA5 35242,117047,35242
ZCTA5 35243,99645,35243
ZCTA5 35244,113450,35244
ZCTA5 35249,-666666666,35249
ZCTA5 35254,-666666666,35254
ZCTA5 35401,29152,35401
ZCTA5 35404,48932,35404
ZCTA5 35405,62301,35405
ZCTA5 35406,119250,35406
ZCTA5 35441,49375,35441
ZCTA5 35442,44503,35442
ZCTA5 35443,21389,35443
ZCTA5 35444,69207,35444
ZCTA5 35446,39313,35446
ZCTA5 35447,40000,35447
ZCTA5 35452,70962,35452
ZCTA5 35453,68533,35453
ZCTA5 35456,56574,35456
ZCTA5 35457,-666666666,35457
ZCTA5 35458,64688,35458
ZCTA5 35459,36850,35459
ZCTA5 35460,31250,35460
ZCTA5 35461,47375,35461
ZCTA5 35462,31528,35462
ZCTA5 35463,59464,35463
ZCTA5 35464,15625,35464
ZCTA5 35466,53083,35466
ZCTA5 35469,-666666666,35469
ZCTA5 35470,29475,35470
ZCTA5 35473,69657,35473
ZCTA5 35474,87933,35474
ZCTA5 35475,108559,35475
ZCTA5 35476,61154,35476
ZCTA5 35477,-666666666,35477
ZCTA5 35480,88200,35480
ZCTA5 35481,45207,35481
ZCTA5 35487,-666666666,35487
ZCTA5 35490,87813,35490
ZCTA5 35491,-666666666,35491
ZCTA5 35501,54726,35501
ZCTA5 35503,63508,35503
ZCTA5 35504,66835,35504
ZCTA5 35540,65192,35540
ZCTA5 35541,57143,35541
ZCTA5 35542,44674,35542
ZCTA5 35543,29196,35543
ZCTA5 35544,56131,35544
ZCTA5 35545,63750,35545
ZCTA5 35546,69531,35546
ZCTA5 35548,43958,35548
ZCTA5 35549,47818,35549
ZCTA5 35550,42216,35550
ZCTA5 35552,95759,35552
ZCTA5 35553,63207,35553
ZCTA5 35554,49250,35554
ZCTA5 35555,47020,35555
ZCTA5 35559,26023,35559
ZCTA5 35563,52576,35563
ZCTA5 35564,44096,35564
ZCTA5 35565,45598,35565
ZCTA5 35570,63639,35570
ZCTA5 35571,35750,35571
ZCTA5 35572,70911,35572
ZCTA5 35573,-666666666,35573
ZCTA5 35574,41818,35574
ZCTA5 35575,45938,35575
ZCTA5 35576,72292,35576
ZCTA5 35577,-666666666,35577
ZCTA5 35578,55754,35578
ZCTA5 35579,46968,35579
ZCTA5 35580,52135,35580
ZCTA5 35581,43555,35581
ZCTA5 35582,48235,35582
ZCTA5 35584,26750,35584
ZCTA5 35585,92679,35585
ZCTA5 35586,38286,35586
ZCTA5 35587,54773,35587
ZCTA5 35592,45526,35592
ZCTA5 35593,54559,35593
ZCTA5 35594,44732,35594
ZCTA5 35601,51429,35601
ZCTA5 35603,81490,35603
ZCTA5 35610,98188,35610
ZCTA5 35611,57377,35611
ZCTA5 35613,100845,35613
ZCTA5 35614,56967,35614
ZCTA5 35615,-666666666,35615
ZCTA5 35616,48720,35616
ZCTA5 35618,50750,35618
ZCTA5 35619,65863,35619
ZCTA5 35620,78247,35620
ZCTA5 35621,78633,35621
ZCTA5 35622,66506,35622
ZCTA5 35630,46304,35630
ZCTA5 35632,-666666666,35632
ZCTA5 35633,76637,35633
ZCTA5 35634,71452,35634
ZCTA5 35640,76620,35640
ZCTA5 35643,59076,35643
ZCTA5 35645,87958,35645
ZCTA5 35646,71217,35646
ZCTA5 35647,90139,35647
ZCTA5 35648,79500,35648
ZCTA5 35649,144000,35649
ZCTA5 35650,67416,35650
ZCTA5 35651,79310,35651
ZCTA5 35652,66798,35652
ZCTA5 35653,52600,35653
ZCTA5 35654,60674,35654
ZCTA5 35660,40065,35660
ZCTA5 35661,74310,35661
ZCTA5 35670,51864,35670
ZCTA5 35671,86163,35671
ZCTA5 35672,61925,35672
ZCTA5 35673,80842,35673
ZCTA5 35674,64706,35674
ZCTA5 35677,51964,35677
ZCTA5 35739,70354,35739
ZCTA5 35740,46148,35740
ZCTA5 35741,124650,35741
ZCTA5 35744,54868,35744
ZCTA5 35745,33945,35745
ZCTA5 35746,50357,35746
ZCTA5 35747,76420,35747
ZCTA5 35748,103563,35748
ZCTA5 35749,103901,35749
ZCTA5 35750,68389,35750
ZCTA5 35751,49813,35751
ZCTA5 35752,58977,35752
ZCTA5 35754,96071,35754
ZCTA5 35755,41964,35755
ZCTA5 35756,129852,35756
ZCTA5 35757,106175,35757
ZCTA5 35758,117380,35758
ZCTA5 35759,102880,35759
ZCTA5 35760,71622,35760
ZCTA5 35761,79440,35761
ZCTA5 35763,123497,35763
ZCTA5 35764,43603,35764
ZCTA5 35765,64009,35765
ZCTA5 35766,-666666666,35766
ZCTA5 35768,52959,35768
ZCTA5 35769,55687,35769
ZCTA5 35771,51875,35771
ZCTA5 35772,39313,35772
ZCTA5 35773,74511,35773
ZCTA5 35774,96250,35774
ZCTA5 35775,51409,35775
ZCTA5 35776,54458,35776
ZCTA5 35801,105585,35801
ZCTA5 35802,76324,35802
ZCTA5 35803,100846,35803
ZCTA5 35805,35385,35805
ZCTA5 35806,86768,35806
ZCTA5 35808,142273,35808
ZCTA5 35810,51233,35810
ZCTA5 35811,90812,35811
ZCTA5 35816,40242,35816
ZCTA5 35824,103619,35824
ZCTA5 35896,-666666666,35896
ZCTA5 35901,48876,35901
ZCTA5 35903,53122,35903
ZCTA5 35904,43771,35904
ZCTA5 35905,67042,35905
ZCTA5 35906,56420,35906
ZCTA5 35907,76390,35907
ZCTA5 35950,57329,35950
ZCTA5 35951,54229,35951
ZCTA5 35952,48361,35952
ZCTA5 35953,73750,35953
ZCTA5 35954,59479,35954
ZCTA5 35956,61290,35956
ZCTA5 35957,51406,35957
ZCTA5 35958,50885,35958
ZCTA5 35959,52356,35959
ZCTA5 35960,52619,35960
ZCTA5 35961,46224,35961
ZCTA5 35962,60392,35962
ZCTA5 35963,59926,35963
ZCTA5 35966,43883,35966
ZCTA5 35967,47051,35967
ZCTA5 35968,43539,35968
ZCTA5 35971,58528,35971
ZCTA5 35972,42457,35972
ZCTA5 35973,44608,35973
ZCTA5 35974,52054,35974
ZCTA5 35975,48225,35975
ZCTA5 35976,72643,35976
ZCTA5 35978,55509,35978
ZCTA5 35979,51833,35979
ZCTA5 35980,57277,35980
ZCTA5 35981,45556,35981
ZCTA5 35983,63793,35983
ZCTA5 35984,44135,35984
ZCTA5 35986,68056,35986
ZCTA5 35987,78906,35987
ZCTA5 35988,53684,35988
ZCTA5 35989,43580,35989
ZCTA5 35990,-666666666,35990
ZCTA5 36003,42554,36003
ZCTA5 36005,47250,36005
ZCTA5 36006,-666666666,36006
ZCTA5 36008,-666666666,36008
ZCTA5 36009,38995,36009
ZCTA5 36010,41503,36010
ZCTA5 36013,174659,36013
ZCTA5 36016,41131,36016
ZCTA5 36017,41167,36017
ZCTA5 36020,61161,36020
ZCTA5 36022,89459,36022
ZCTA5 36024,57595,36024
ZCTA5 36025,54414,36025
ZCTA5 36026,87300,36026
ZCTA5 36027,47825,36027
ZCTA5 36028,48750,36028
ZCTA5 36029,49594,36029
ZCTA5 36030,51667,36030
ZCTA5 36031,50476,36031
ZCTA5 36032,35256,36032
ZCTA5 36033,37975,36033
ZCTA5 36034,56094,36034
ZCTA5 36035,53125,36035
ZCTA5 36036,47557,36036
ZCTA5 36037,45677,36037
ZCTA5 36038,53250,36038
ZCTA5 36039,38375,36039
ZCTA5 36040,37872,36040
ZCTA5 36041,60903,36041
ZCTA5 36042,61120,36042
ZCTA5 36043,73571,36043
ZCTA5 36046,41974,36046
ZCTA5 36047,50441,36047
ZCTA5 36048,44158,36048
ZCTA5 36049,51126,36049
ZCTA5 36051,66726,36051
ZCTA5 36052,147656,36052
ZCTA5 36053,49357,36053
ZCTA5 36054,68438,36054
ZCTA5 36057,-666666666,36057
ZCTA5 36064,119853,36064
ZCTA5 36066,86278,36066
ZCTA5 36067,65593,36067
ZCTA5 36069,53750,36069
ZCTA5 36071,86324,36071
ZCTA5 36075,53505,36075
ZCTA5 36078,69289,36078
ZCTA5 36079,59405,36079
ZCTA5 36080,70703,36080
ZCTA5 36081,44375,36081
ZCTA5 36082,-666666666,36082
ZCTA5 36083,46024,36083
ZCTA5 36088,35125,36088
ZCTA5 36089,24109,36089
ZCTA5 36091,61214,36091
ZCTA5 36092,78094,36092
ZCTA5 36093,120693,36093
ZCTA5 36101,-666666666,36101
ZCTA5 36104,33823,36104
ZCTA5 36105,41486,36105
ZCTA5 36106,69087,36106
ZCTA5 36107,32492,36107
ZCTA5 36108,33291,36108
ZCTA5 36109,59193,36109
ZCTA5 36110,47315,36110
ZCTA5 36111,61259,36111
ZCTA5 36112,-666666666,36112
ZCTA5 36113,127558,36113
ZCTA5 36114,-666666666,36114
ZCTA5 36115,63672,36115
ZCTA5 36116,55160,36116
ZCTA5 36117,74720,36117
ZCTA5 36130,-666666666,36130
ZCTA5 36201,37614,36201
ZCTA5 36203,69485,36203
ZCTA5 36205,24734,36205
ZCTA5 36206,51116,36206
ZCTA5 36207,67969,36207
ZCTA5 36250,83406,36250
ZCTA5 36251,50466,36251
ZCTA5 36255,84792,36255
ZCTA5 36256,64167,36256
ZCTA5 36258,58993,36258
ZCTA5 36260,73007,36260
ZCTA5 36262,68611,36262
ZCTA5 36263,36824,36263
ZCTA5 36264,49814,36264
ZCTA5 36265,55294,36265
ZCTA5 36266,48924,36266
ZCTA5 36267,-666666666,36267
ZCTA5 36268,55625,36268
ZCTA5 36269,44618,36269
ZCTA5 36271,68250,36271
ZCTA5 36272,51635,36272
ZCTA5 36273,90278,36273
ZCTA5 36274,50621,36274
ZCTA5 36276,52471,36276
ZCTA5 36277,62610,36277
ZCTA5 36278,58214,36278
ZCTA5 36279,53024,36279
ZCTA5 36280,72813,36280
ZCTA5 36301,50125,36301
ZCTA5 36303,54147,36303
ZCTA5 36305,84302,36305
ZCTA5 36310,34744,36310
ZCTA5 36311,51563,36311
ZCTA5 36312,56994,36312
ZCTA5 36313,-666666666,36313
ZCTA5 36314,62047,36314
ZCTA5 36316,77016,36316
ZCTA5 36317,97688,36317
ZCTA5 36318,49826,36318
ZCTA5 36319,62159,36319
ZCTA5 36320,50000,36320
ZCTA5 36321,64267,36321
ZCTA5 36322,47276,36322
ZCTA5 36323,45819,36323
ZCTA5 36330,75765,36330
ZCTA5 36340,50111,36340
ZCTA5 36343,47188,36343
ZCTA5 36344,60377,36344
ZCTA5 36345,71453,36345
ZCTA5 36346,56458,36346
ZCTA5 36350,55366,36350
ZCTA5 36351,69583,36351
ZCTA5 36352,71997,36352
ZCTA5 36353,66318,36353
ZCTA5 36360,51181,36360
ZCTA5 36362,74541,36362
ZCTA5 36370,51765,36370
ZCTA5 36371,50625,36371
ZCTA5 36373,55800,36373
ZCTA5 36374,-666666666,36374
ZCTA5 36375,57656,36375
ZCTA5 36376,49700,36376
ZCTA5 36401,40792,36401
ZCTA5 36420,49347,36420
ZCTA5 36421,65801,36421
ZCTA5 36425,37750,36425
ZCTA5 36426,51417,36426
ZCTA5 36432,40962,36432
ZCTA5 36435,63355,36435
ZCTA5 36436,-666666666,36436
ZCTA5 36439,-666666666,36439
ZCTA5 36441,50349,36441
ZCTA5 36442,62847,36442
ZCTA5 36444,60144,36444
ZCTA5 36445,39421,36445
ZCTA5 36446,58571,36446
ZCTA5 36451,54417,36451
ZCTA5 36453,54485,36453
ZCTA5 36454,-666666666,36454
ZCTA5 36455,32125,36455
ZCTA5 36456,66150,36456
ZCTA5 36460,41008,36460
ZCTA5 36467,41708,36467
ZCTA5 36470,-666666666,36470
ZCTA5 36471,40921,36471
ZCTA5 36473,81563,36473
ZCTA5 36474,44141,36474
ZCTA5 36475,45039,36475
ZCTA5 36476,-666666666,36476
ZCTA5 36477,50517,36477
ZCTA5 36480,49342,36480
ZCTA5 36481,33125,36481
ZCTA5 36482,69671,36482
ZCTA5 36483,53571,36483
ZCTA5 36502,44360,36502
ZCTA5 36503,-666666666,36503
ZCTA5 36505,97344,36505
ZCTA5 36507,50120,36507
ZCTA5 36509,33488,36509
ZCTA5 36511,87607,36511
ZCTA5 36512,-666666666,36512
ZCTA5 36513,-666666666,36513
ZCTA5 36518,87768,36518
ZCTA5 36521,76688,36521
ZCTA5 36522,52984,36522
ZCTA5 36523,61607,36523
ZCTA5 36524,45962,36524
ZCTA5 36525,66719,36525
ZCTA5 36526,88750,36526
ZCTA5 36527,120189,36527
ZCTA5 36528,67206,36528
ZCTA5 36529,76339,36529
ZCTA5 36530,63393,36530
ZCTA5 36532,89694,36532
ZCTA5 36535,66714,36535
ZCTA5 36538,37181,36538
ZCTA5 36539,55625,36539
ZCTA5 36540,29609,36540
ZCTA5 36541,66236,36541
ZCTA5 36542,79639,36542
ZCTA5 36543,-666666666,36543
ZCTA5 36544,54169,36544
ZCTA5 36545,46553,36545
ZCTA5 36547,-666666666,36547
ZCTA5 36548,78676,36548
ZCTA5 36549,63019,36549
ZCTA5 36550,-666666666,36550
ZCTA5 36551,76354,36551
ZCTA5 36553,51897,36553
ZCTA5 36555,86705,36555
ZCTA5 36556,-666666666,36556
ZCTA5 36558,63967,36558
ZCTA5 36559,-666666666,36559
ZCTA5 36560,43426,36560
ZCTA5 36561,98295,36561
ZCTA5 36562,38094,36562
ZCTA5 36564,-666666666,36564
ZCTA5 36567,66432,36567
ZCTA5 36568,-666666666,36568
ZCTA5 36569,55774,36569
ZCTA5 36571,62047,36571
ZCTA5 36572,99773,36572
ZCTA5 36574,50915,36574
ZCTA5 36575,75884,36575
ZCTA5 36576,81048,36576
ZCTA5 36578,53490,36578
ZCTA5 36579,74375,36579
ZCTA5 36580,62802,36580
ZCTA5 36581,-666666666,36581
ZCTA5 36582,64763,36582
ZCTA5 36583,48438,36583
ZCTA5 36584,30639,36584
ZCTA5 36585,106607,36585
ZCTA5 36587,72657,36587
ZCTA5 36602,41420,36602
ZCTA5 36603,26879,36603
ZCTA5 36604,66357,36604
ZCTA5 36605,43538,36605
ZCTA5 36606,51303,36606
ZCTA5 36607,42772,36607
ZCTA5 36608,61146,36608
ZCTA5 36609,49830,36609
ZCTA5 36610,30529,36610
ZCTA5 36611,46559,36611
ZCTA5 36612,38056,36612
ZCTA5 36613,52080,36613
ZCTA5 36615,-666666666,36615
ZCTA5 36617,40900,36617
ZCTA5 36618,61550,36618
ZCTA5 36619,64755,36619
ZCTA5 36652,-666666666,36652
ZCTA5 36663,-666666666,36663
ZCTA5 36688,-666666666,36688
ZCTA5 36693,68933,36693
ZCTA5 36695,76040,36695
ZCTA5 36701,39815,36701
ZCTA5 36703,32227,36703
ZCTA5 36720,17917,36720
ZCTA5 36722,95313,36722
ZCTA5 36723,51667,36723
ZCTA5 36726,46030,36726
ZCTA5 36727,31548,36727
ZCTA5 36728,17679,36728
ZCTA5 36732,42216,36732
ZCTA5 36736,55759,36736
ZCTA5 36738,34583,36738
ZCTA5 36740,44737,36740
ZCTA5 36741,-666666666,36741
ZCTA5 36742,31231,36742
ZCTA5 36744,30518,36744
ZCTA5 36748,42826,36748
ZCTA5 36749,39167,36749
ZCTA5 36750,49345,36750
ZCTA5 36751,47011,36751
ZCTA5 36752,44153,36752
ZCTA5 36753,-666666666,36753
ZCTA5 36754,39583,36754
ZCTA5 36756,38527,36756
ZCTA5 36758,-666666666,36758
ZCTA5 36759,30441,36759
ZCTA5 36761,26743,36761
ZCTA5 36763,89000,36763
ZCTA5 36764,-666666666,36764
ZCTA5 36765,51875,36765
ZCTA5 36766,-666666666,36766
ZCTA5 36767,41429,36767
ZCTA5 36768,35735,36768
ZCTA5 36769,36884,36769
ZCTA5 36773,40208,36773
ZCTA5 36775,-666666666,36775
ZCTA5 36776,16765,36776
ZCTA5 36782,51429,36782
ZCTA5 36783,47917,36783
ZCTA5 36784,48434,36784
ZCTA5 36785,29619,36785
ZCTA5 36786,33375,36786
ZCTA5 36790,-666666666,36790
ZCTA5 36792,43295,36792
ZCTA5 36793,50208,36793
ZCTA5 36801,62414,36801
ZCTA5 36804,61880,36804
ZCTA5 36830,70188,36830
ZCTA5 36832,42717,36832
ZCTA5 36849,-666666666,36849
ZCTA5 36850,42000,36850
ZCTA5 36851,-666666666,36851
ZCTA5 36852,71071,36852
ZCTA5 36853,73594,36853
ZCTA5 36854,55973,36854
ZCTA5 36855,46765,36855
ZCTA5 36856,75381,36856
ZCTA5 36858,-666666666,36858
ZCTA5 36860,43451,36860
ZCTA5 36861,65577,36861
ZCTA5 36862,37719,36862
ZCTA5 36863,51130,36863
ZCTA5 36865,-666666666,36865
ZCTA5 36866,49028,36866
ZCTA5 36867,48026,36867
ZCTA5 36869,50061,36869
ZCTA5 36870,72500,36870
ZCTA5 36871,51490,36871
ZCTA5 36874,66986,36874
ZCTA5 36875,55896,36875
ZCTA5 36877,78103,36877
ZCTA5 36879,93029,36879
ZCTA5 36901,52585,36901
ZCTA5 36904,44250,36904
ZCTA5 36907,45444,36907
ZCTA5 36908,68125,36908
ZCTA5 36910,-666666666,36910
ZCTA5 36912,39926,36912
ZCTA5 36913,-666666666,36913
ZCTA5 36915,37105,36915
ZCTA5 36916,29483,36916
ZCTA5 36919,59091,36919
ZCTA5 36921,40481,36921
ZCTA5 36922,-666666666,36922
ZCTA5 36925,29342,36925
ZCTA5 37010,118179,37010
ZCTA5 37012,49265,37012
ZCTA5 37013,72755,37013
ZCTA5 37014,105125,37014
ZCTA5 37015,79092,37015
ZCTA5 37016,64821,37016
ZCTA5 37018,63091,37018
ZCTA5 37019,47083,37019
ZCTA5 37020,86034,37020
ZCTA5 37022,79375,37022
ZCTA5 37023,75391,37023
ZCTA5 37025,77846,37025
ZCTA5 37026,43005,37026
ZCTA5 37027,154578,37027
ZCTA5 37028,77656,37028
ZCTA5 37029,97222,37029
ZCTA5 37030,61800,37030
ZCTA5 37031,98114,37031
ZCTA5 37032,88157,37032
ZCTA5 37033,68284,37033
ZCTA5 37034,88275,37034
ZCTA5 37035,94068,37035
ZCTA5 37036,73102,37036
ZCTA5 37037,102645,37037
ZCTA5 37040,67745,37040
ZCTA5 37042,70393,37042
ZCTA5 37043,95219,37043
ZCTA5 37046,178228,37046
ZCTA5 37047,64688,37047
ZCTA5 37048,100446,37048
ZCTA5 37049,90048,37049
ZCTA5 37050,56927,37050
ZCTA5 37051,69545,37051
ZCTA5 37052,69423,37052
ZCTA5 37055,69821,37055
ZCTA5 37057,78940,37057
ZCTA5 37058,58871,37058
ZCTA5 37059,49510,37059
ZCTA5 37060,97386,37060
ZCTA5 37061,59670,37061
ZCTA5 37062,91750,37062
ZCTA5 37064,127771,37064
ZCTA5 37066,81614,37066
ZCTA5 37067,111759,37067
ZCTA5 37069,157939,37069
ZCTA5 37072,78123,37072
ZCTA5 37073,89065,37073
ZCTA5 37074,71914,37074
ZCTA5 37075,101850,37075
ZCTA5 37076,74663,37076
ZCTA5 37078,54219,37078
ZCTA5 37079,86804,37079
ZCTA5 37080,87963,37080
ZCTA5 37082,98361,37082
ZCTA5 37083,61843,37083
ZCTA5 37085,119405,37085
ZCTA5 37086,78857,37086
ZCTA5 37087,82143,37087
ZCTA5 37090,84299,37090
ZCTA5 37091,62184,37091
ZCTA5 37095,64792,37095
ZCTA5 37096,63782,37096
ZCTA5 37097,50658,37097
ZCTA5 37098,63371,37098
ZCTA5 37101,78043,37101
ZCTA5 37110,52932,37110
ZCTA5 37115,54566,37115
ZCTA5 37118,74592,37118
ZCTA5 37122,112967,37122
ZCTA5 37127,91401,37127
ZCTA5 37128,93665,37128
ZCTA5 37129,91259,37129
ZCTA5 37130,62706,37130
ZCTA5 37132,-666666666,37132
ZCTA5 37134,78884,37134
ZCTA5 37135,148819,37135
ZCTA5 37137,55893,37137
ZCTA5 37138,85149,37138
ZCTA5 37140,62232,37140
ZCTA5 37141,76250,37141
ZCTA5 37142,59083,37142
ZCTA5 37143,96929,37143
ZCTA5 37144,64620,37144
ZCTA5 37145,69150,37145
ZCTA5 37146,110938,37146
ZCTA5 37148,81633,37148
ZCTA5 37149,78345,37149
ZCTA5 37150,33047,37150
ZCTA5 37151,102168,37151
ZCTA5 37153,99143,37153
ZCTA5 37160,64800,37160
ZCTA5 37165,36000,37165
ZCTA5 37166,52797,37166
ZCTA5 37167,84351,37167
ZCTA5 37171,118045,37171
ZCTA5 37172,72168,37172
ZCTA5 37174,105181,37174
ZCTA5 37175,53125,37175
ZCTA5 37178,72692,37178
ZCTA5 37179,136188,37179
ZCTA5 37180,96500,37180
ZCTA5 37181,78625,37181
ZCTA5 37183,81126,37183
ZCTA5 37184,83125,37184
ZCTA5 37185,51314,37185
ZCTA5 37186,59545,37186
ZCTA5 37187,76228,37187
ZCTA5 37188,90856,37188
ZCTA5 37189,87047,37189
ZCTA5 37190,64792,37190
ZCTA5 37191,91455,37191
ZCTA5 37201,114229,37201
ZCTA5 37203,71281,37203
ZCTA5 37204,109580,37204
ZCTA5 37205,139152,37205
ZCTA5 37206,96169,37206
ZCTA5 37207,61744,37207
ZCTA5 37208,65556,37208
ZCTA5 37209,81423,37209
ZCTA5 37210,50284,37210
ZCTA5 37211,71399,37211
ZCTA5 37212,95145,37212
ZCTA5 37213,-666666666,37213
ZCTA5 37214,72012,37214
ZCTA5 37215,155863,37215
ZCTA5 37216,86701,37216
ZCTA5 37217,62796,37217
ZCTA5 37218,61919,37218
ZCTA5 37219,105476,37219
ZCTA5 37220,180417,37220
ZCTA5 37221,97751,37221
ZCTA5 37228,60378,37228
ZCTA5 37232,-666666666,37232
ZCTA5 37238,-666666666,37238
ZCTA5 37301,35417,37301
ZCTA5 37302,128885,37302
ZCTA5 37303,62078,37303
ZCTA5 37305,61167,37305
ZCTA5 37306,39375,37306
ZCTA5 37307,73854,37307
ZCTA5 37308,80394,37308
ZCTA5 37309,63699,37309
ZCTA5 37310,81645,37310
ZCTA5 37311,47153,37311
ZCTA5 37312,78261,37312
ZCTA5 37313,43218,37313
ZCTA5 37315,-666666666,37315
ZCTA5 37316,-666666666,37316
ZCTA5 37317,72371,37317
ZCTA5 37318,52125,37318
ZCTA5 37321,54684,37321
ZCTA5 37322,57929,37322
ZCTA5 37323,68768,37323
ZCTA5 37324,50417,37324
ZCTA5 37325,66204,37325
ZCTA5 37326,-666666666,37326
ZCTA5 37327,60584,37327
ZCTA5 37328,64550,37328
ZCTA5 37329,71375,37329
ZCTA5 37330,70952,37330
ZCTA5 37331,55662,37331
ZCTA5 37332,59479,37332
ZCTA5 37333,26786,37333
ZCTA5 37334,62525,37334
ZCTA5 37335,66316,37335
ZCTA5 37336,66739,37336
ZCTA5 37337,48359,37337
ZCTA5 37338,49592,37338
ZCTA5 37339,49063,37339
ZCTA5 37340,12791,37340
ZCTA5 37341,92120,37341
ZCTA5 37342,68487,37342
ZCTA5 37343,82227,37343
ZCTA5 37345,58750,37345
ZCTA5 37347,62831,37347
ZCTA5 37348,39542,37348
ZCTA5 37350,201000,37350
ZCTA5 37351,50250,37351
ZCTA5 37352,68438,37352
ZCTA5 37353,74252,37353
ZCTA5 37354,54550,37354
ZCTA5 37355,63357,37355
ZCTA5 37356,59026,37356
ZCTA5 37357,59268,37357
ZCTA5 37359,77941,37359
ZCTA5 37360,87782,37360
ZCTA5 37361,84545,37361
ZCTA5 37362,52019,37362
ZCTA5 37363,97399,37363
ZCTA5 37365,54907,37365
ZCTA5 37366,58616,37366
ZCTA5 37367,55154,37367
ZCTA5 37369,59408,37369
ZCTA5 37370,61125,37370
ZCTA5 37373,54974,37373
ZCTA5 37374,67826,37374
ZCTA5 37375,71204,37375
ZCTA5 37376,-666666666,37376
ZCTA5 37377,119636,37377
ZCTA5 37379,88875,37379
ZCTA5 37380,59304,37380
ZCTA5 37381,56869,37381
ZCTA5 37383,-666666666,37383
ZCTA5 37385,60472,37385
ZCTA5 37387,46944,37387
ZCTA5 37388,59537,37388
ZCTA5 37391,39464,37391
ZCTA5 37394,48523,37394
ZCTA5 37396,26023,37396
ZCTA5 37397,54750,37397
ZCTA5 37398,63730,37398
ZCTA5 37402,24214,37402
ZCTA5 37403,81136,37403
ZCTA5 37404,56637,37404
ZCTA5 37405,81337,37405
ZCTA5 37406,44850,37406
ZCTA5 37407,35845,37407
ZCTA5 37408,81250,37408
ZCTA5 37409,74754,37409
ZCTA5 37410,28708,37410
ZCTA5 37411,56579,37411
ZCTA5 37412,62508,37412
ZCTA5 37415,70972,37415
ZCTA5 37416,70705,37416
ZCTA5 37419,74787,37419
ZCTA5 37421,82517,37421
ZCTA5 37450,-666666666,37450
ZCTA5 37601,50686,37601
ZCTA5 37604,52345,37604
ZCTA5 37614,-666666666,37614
ZCTA5 37615,77525,37615
ZCTA5 37616,67662,37616
ZCTA5 37617,64764,37617
ZCTA5 37618,63851,37618
ZCTA5 37620,56128,37620
ZCTA5 37640,55402,37640
ZCTA5 37641,66570,37641
ZCTA5 37642,59484,37642
ZCTA5 37643,51831,37643
ZCTA5 37645,68866,37645
ZCTA5 37650,50654,37650
ZCTA5 37656,63617,37656
ZCTA5 37657,73108,37657
ZCTA5 37658,37995,37658
ZCTA5 37659,71110,37659
ZCTA5 37660,49191,37660
ZCTA5 37663,76007,37663
ZCTA5 37664,63653,37664
ZCTA5 37665,50991,37665
ZCTA5 37680,48324,37680
ZCTA5 37681,65857,37681
ZCTA5 37682,-666666666,37682
ZCTA5 37683,55979,37683
ZCTA5 37686,84264,37686
ZCTA5 37687,49914,37687
ZCTA5 37688,53333,37688
ZCTA5 37690,74286,37690
ZCTA5 37691,13976,37691
ZCTA5 37692,53531,37692
ZCTA5 37694,81250,37694
ZCTA5 37701,66132,37701
ZCTA5 37705,79262,37705
ZCTA5 37708,42152,37708
ZCTA5 37709,75799,37709
ZCTA5 37710,28362,37710
ZCTA5 37711,42406,37711
ZCTA5 37713,54000,37713
ZCTA5 37714,56172,37714
ZCTA5 37715,26413,37715
ZCTA5 37716,64915,37716
ZCTA5 37719,-666666666,37719
ZCTA5 37721,64892,37721
ZCTA5 37722,55000,37722
ZCTA5 37723,60526,37723
ZCTA5 37724,31941,37724
ZCTA5 37725,68385,37725
ZCTA5 37726,66875,37726
ZCTA5 37727,47652,37727
ZCTA5 37729,42772,37729
ZCTA5 37730,44688,37730
ZCTA5 37731,53105,37731
ZCTA5 37732,-666666666,37732
ZCTA5 37733,-666666666,37733
ZCTA5 37737,81706,37737
ZCTA5 37738,57330,37738
ZCTA5 37742,88983,37742
ZCTA5 37743,54566,37743
ZCTA5 37745,57159,37745
ZCTA5 37748,64883,37748
ZCTA5 37752,60028,37752
ZCTA5 37753,49375,37753
ZCTA5 37754,75774,37754
ZCTA5 37755,46238,37755
ZCTA5 37756,35025,37756
ZCTA5 37757,63346,37757
ZCTA5 37760,66190,37760
ZCTA5 37762,42392,37762
ZCTA5 37763,81000,37763
ZCTA5 37764,70989,37764
ZCTA5 37765,23289,37765
ZCTA5 37766,50063,37766
ZCTA5 37769,61250,37769
ZCTA5 37770,47835,37770
ZCTA5 37771,66938,37771
ZCTA5 37772,100711,37772
ZCTA5 37774,87718,37774
ZCTA5 37777,75648,37777
ZCTA5 37779,51357,37779
ZCTA5 37801,73508,37801
ZCTA5 37803,83446,37803
ZCTA5 37804,79025,37804
ZCTA5 37806,59605,37806
ZCTA5 37807,62673,37807
ZCTA5 37809,50192,37809
ZCTA5 37810,32917,37810
ZCTA5 37811,52047,37811
ZCTA5 37813,48011,37813
ZCTA5 37814,55650,37814
ZCTA5 37818,49618,37818
ZCTA5 37819,-666666666,37819
ZCTA5 37820,66616,37820
ZCTA5 37821,44161,37821
ZCTA5 37825,49625,37825
ZCTA5 37826,63431,37826
ZCTA5 37828,78750,37828
ZCTA5 37829,90691,37829
ZCTA5 37830,72269,37830
ZCTA5 37840,75881,37840
ZCTA5 37841,50998,37841
ZCTA5 37843,58021,37843
ZCTA5 37845,15486,37845
ZCTA5 37846,71786,37846
ZCTA5 37847,35066,37847
ZCTA5 37848,-666666666,37848
ZCTA5 37849,84275,37849
ZCTA5 37851,-666666666,37851
ZCTA5 37852,36639,37852
ZCTA5 37853,69075,37853
ZCTA5 37854,55856,37854
ZCTA5 37857,54536,37857
ZCTA5 37860,73875,37860
ZCTA5 37861,52265,37861
ZCTA5 37862,59792,37862
ZCTA5 37863,53191,37863
ZCTA5 37865,88231,37865
ZCTA5 37866,77091,37866
ZCTA5 37869,39331,37869
ZCTA5 37870,55516,37870
ZCTA5 37871,70938,37871
ZCTA5 37872,58906,37872
ZCTA5 37873,44390,37873
ZCTA5 37874,53605,37874
ZCTA5 37876,58277,37876
ZCTA5 37877,77624,37877
ZCTA5 37878,54821,37878
ZCTA5 37879,47864,37879
ZCTA5 37880,65208,37880
ZCTA5 37881,37443,37881
ZCTA5 37882,69012,37882
ZCTA5 37885,78793,37885
ZCTA5 37886,82009,37886
ZCTA5 37887,65137,37887
ZCTA5 37888,45669,37888
ZCTA5 37890,59355,37890
ZCTA5 37891,47288,37891
ZCTA5 37892,42734,37892
ZCTA5 37902,50161,37902
ZCTA5 37909,66984,37909
ZCTA5 37912,47416,37912
ZCTA5 37914,59856,37914
ZCTA5 37915,26379,37915
ZCTA5 37916,14925,37916
ZCTA5 37917,54423,37917
ZCTA5 37918,69752,37918
ZCTA5 37919,72645,37919
ZCTA5 37920,66362,37920
ZCTA5 37921,60013,37921
ZCTA5 37922,132807,37922
ZCTA5 37923,73699,37923
ZCTA5 37924,80112,37924
ZCTA5 37929,-666666666,37929
ZCTA5 37931,92150,37931
ZCTA5 37932,119703,37932
ZCTA5 37934,132264,37934
ZCTA5 37938,84135,37938
ZCTA5 38001,53438,38001
ZCTA5 38002,116895,38002
ZCTA5 38004,92928,38004
ZCTA5 38006,70047,38006
ZCTA5 38007,-666666666,38007
ZCTA5 38008,43789,38008
ZCTA5 38011,70150,38011
ZCTA5 38012,45974,38012
ZCTA5 38015,69141,38015
ZCTA5 38016,76569,38016
ZCTA5 38017,138677,38017
ZCTA5 38018,90004,38018
ZCTA5 38019,61826,38019
ZCTA5 38021,-666666666,38021
ZCTA5 38023,78568,38023
ZCTA5 38024,57061,38024
ZCTA5 38028,151389,38028
ZCTA5 38029,-666666666,38029
ZCTA5 38030,123750,38030
ZCTA5 38034,47241,38034
ZCTA5 38036,-666666666,38036
ZCTA5 38037,51976,38037
ZCTA5 38039,39020,38039
ZCTA5 38040,49833,38040
ZCTA5 38041,41042,38041
ZCTA5 38042,46875,38042
ZCTA5 38044,46471,38044
ZCTA5 38046,-666666666,38046
ZCTA5 38047,58438,38047
ZCTA5 38049,59500,38049
ZCTA5 38050,65403,38050
ZCTA5 38052,50588,38052
ZCTA5 38053,58194,38053
ZCTA5 38054,-666666666,38054
ZCTA5 38057,90340,38057
ZCTA5 38058,83750,38058
ZCTA5 38059,62281,38059
ZCTA5 38060,92338,38060
ZCTA5 38061,38047,38061
ZCTA5 38063,49403,38063
ZCTA5 38066,107660,38066
ZCTA5 38067,57689,38067
ZCTA5 38068,64732,38068
ZCTA5 38069,60989,38069
ZCTA5 38070,61062,38070
ZCTA5 38075,44444,38075
ZCTA5 38076,77917,38076
ZCTA5 38077,-666666666,38077
ZCTA5 38079,27500,38079
ZCTA5 38080,30313,38080
ZCTA5 38103,76278,38103
ZCTA5 38104,58117,38104
ZCTA5 38105,34015,38105
ZCTA5 38106,30232,38106
ZCTA5 38107,35265,38107
ZCTA5 38108,36257,38108
ZCTA5 38109,37496,38109
ZCTA5 38111,52589,38111
ZCTA5 38112,55207,38112
ZCTA5 38113,-666666666,38113
ZCTA5 38114,34206,38114
ZCTA5 38115,45636,38115
ZCTA5 38116,42183,38116
ZCTA5 38117,85633,38117
ZCTA5 38118,43446,38118
ZCTA5 38119,89289,38119
ZCTA5 38120,123538,38120
ZCTA5 38122,48710,38122
ZCTA5 38125,86162,38125
ZCTA5 38126,30071,38126
ZCTA5 38127,36901,38127
ZCTA5 38128,47645,38128
ZCTA5 38131,-666666666,38131
ZCTA5 38132,-666666666,38132
ZCTA5 38133,81659,38133
ZCTA5 38134,60622,38134
ZCTA5 38135,97282,38135
ZCTA5 38138,136297,38138
ZCTA5 38139,178661,38139
ZCTA5 38141,60817,38141
ZCTA5 38152,-666666666,38152
ZCTA5 38201,48466,38201
ZCTA5 38220,46791,38220
ZCTA5 38221,52714,38221
ZCTA5 38222,54471,38222
ZCTA5 38224,58182,38224
ZCTA5 38225,50545,38225
ZCTA5 38226,-666666666,38226
ZCTA5 38229,58715,38229
ZCTA5 38230,55365,38230
ZCTA5 38231,37188,38231
ZCTA5 38232,46272,38232
ZCTA5 38233,60000,38233
ZCTA5 38235,63750,38235
ZCTA5 38236,63598,38236
ZCTA5 38237,51670,38237
ZCTA5 38240,53095,38240
ZCTA5 38241,64125,38241
ZCTA5 38242,47938,38242
ZCTA5 38251,54449,38251
ZCTA5 38253,69954,38253
ZCTA5 38254,-666666666,38254
ZCTA5 38255,45990,38255
ZCTA5 38256,56023,38256
ZCTA5 38257,58849,38257
ZCTA5 38258,50921,38258
ZCTA5 38259,39896,38259
ZCTA5 38260,49139,38260
ZCTA5 38261,55876,38261
ZCTA5 38301,43227,38301
ZCTA5 38305,68977,38305
ZCTA5 38310,50232,38310
ZCTA5 38311,68203,38311
ZCTA5 38313,85625,38313
ZCTA5 38315,50089,38315
ZCTA5 38316,50700,38316
ZCTA5 38317,41545,38317
ZCTA5 38318,107845,38318
ZCTA5 38320,56096,38320
ZCTA5 38321,56474,38321
ZCTA5 38326,49026,38326
ZCTA5 38327,39773,38327
ZCTA5 38328,104758,38328
ZCTA5 38329,53052,38329
ZCTA5 38330,60688,38330
ZCTA5 38332,-666666666,38332
ZCTA5 38333,40417,38333
ZCTA5 38334,66563,38334
ZCTA5 38337,63575,38337
ZCTA5 38338,56250,38338
ZCTA5 38339,68646,38339
ZCTA5 38340,63700,38340
ZCTA5 38341,48944,38341
ZCTA5 38342,38466,38342
ZCTA5 38343,58260,38343
ZCTA5 38344,54395,38344
ZCTA5 38345,48333,38345
ZCTA5 38347,58189,38347
ZCTA5 38348,52604,38348
ZCTA5 38351,54709,38351
ZCTA5 38352,36976,38352
ZCTA5 38355,108982,38355
ZCTA5 38356,60594,38356
ZCTA5 38357,56224,38357
ZCTA5 38358,62639,38358
ZCTA5 38359,-666666666,38359
ZCTA5 38361,60097,38361
ZCTA5 38362,60714,38362
ZCTA5 38363,43704,38363
ZCTA5 38365,-666666666,38365
ZCTA5 38366,58802,38366
ZCTA5 38367,58571,38367
ZCTA5 38368,65441,38368
ZCTA5 38369,50417,38369
ZCTA5 38370,66218,38370
ZCTA5 38371,45714,38371
ZCTA5 38372,51053,38372
ZCTA5 38374,38389,38374
ZCTA5 38375,53597,38375
ZCTA5 38376,46484,38376
ZCTA5 38379,41136,38379
ZCTA5 38380,61319,38380
ZCTA5 38381,51313,38381
ZCTA5 38382,63894,38382
ZCTA5 38387,61477,38387
ZCTA5 38388,59519,38388
ZCTA5 38389,70625,38389
ZCTA5 38390,48021,38390
ZCTA5 38391,77153,38391
ZCTA5 38392,51477,38392
ZCTA5 38401,68475,38401
ZCTA5 38425,51516,38425
ZCTA5 38449,62083,38449
ZCTA5 38450,42887,38450
ZCTA5 38451,90163,38451
ZCTA5 38452,54236,38452
ZCTA5 38453,75208,38453
ZCTA5 38454,61914,38454
ZCTA5 38455,158125,38455
ZCTA5 38456,49643,38456
ZCTA5 38457,53333,38457
ZCTA5 38459,96429,38459
ZCTA5 38460,101914,38460
ZCTA5 38461,66406,38461
ZCTA5 38462,58946,38462
ZCTA5 38463,58059,38463
ZCTA5 38464,50853,38464
ZCTA5 38468,61887,38468
ZCTA5 38469,67566,38469
ZCTA5 38471,65774,38471
ZCTA5 38472,69861,38472
ZCTA5 38473,54526,38473
ZCTA5 38474,59724,38474
ZCTA5 38475,55795,38475
ZCTA5 38476,83654,38476
ZCTA5 38477,60542,38477
ZCTA5 38478,61295,38478
ZCTA5 38481,49567,38481
ZCTA5 38482,90272,38482
ZCTA5 38483,61293,38483
ZCTA5 38485,52933,38485
ZCTA5 38486,48953,38486
ZCTA5 38487,104458,38487
ZCTA5 38488,77875,38488
ZCTA5 38501,52145,38501
ZCTA5 38503,-666666666,38503
ZCTA5 38504,43542,38504
ZCTA5 38505,-666666666,38505
ZCTA5 38506,70279,38506
ZCTA5 38541,41151,38541
ZCTA5 38542,-666666666,38542
ZCTA5 38543,87917,38543
ZCTA5 38544,69823,38544
ZCTA5 38545,59512,38545
ZCTA5 38547,80843,38547
ZCTA5 38548,-666666666,38548
ZCTA5 38549,49617,38549
ZCTA5 38550,-666666666,38550
ZCTA5 38551,39821,38551
ZCTA5 38552,71250,38552
ZCTA5 38553,63500,38553
ZCTA5 38554,31771,38554
ZCTA5 38555,56818,38555
ZCTA5 38556,45443,38556
ZCTA5 38558,72819,38558
ZCTA5 38559,43961,38559
ZCTA5 38560,77986,38560
ZCTA5 38562,39398,38562
ZCTA5 38563,50313,38563
ZCTA5 38564,88947,38564
ZCTA5 38565,51635,38565
ZCTA5 38567,100368,38567
ZCTA5 38568,61556,38568
ZCTA5 38569,-666666666,38569
ZCTA5 38570,41785,38570
ZCTA5 38571,58498,38571
ZCTA5 38572,56609,38572
ZCTA5 38573,49583,38573
ZCTA5 38574,52223,38574
ZCTA5 38575,39323,38575
ZCTA5 38577,52578,38577
ZCTA5 38578,54063,38578
ZCTA5 38579,51940,38579
ZCTA5 38580,70081,38580
ZCTA5 38581,55985,38581
ZCTA5 38582,93333,38582
ZCTA5 38583,54644,38583
ZCTA5 38585,48015,38585
ZCTA5 38587,51500,38587
ZCTA5 38588,44583,38588
ZCTA5 38589,58750,38589
ZCTA5 38601,47941,38601
ZCTA5 38603,43676,38603
ZCTA5 38606,54539,38606
ZCTA5 38610,51675,38610
ZCTA5 38611,58830,38611
ZCTA5 38614,37383,38614
ZCTA5 38617,19861,38617
ZCTA5 38618,66244,38618
ZCTA5 38619,35379,38619
ZCTA5 38620,45539,38620
ZCTA5 38621,36685,38621
ZCTA5 38622,30400,38622
ZCTA5 38623,-666666666,38623
ZCTA5 38625,43906,38625
ZCTA5 38626,65000,38626
ZCTA5 38627,62826,38627
ZCTA5 38629,69135,38629
ZCTA5 38631,29583,38631
ZCTA5 38632,93583,38632
ZCTA5 38633,33029,38633
ZCTA5 38635,55625,38635
ZCTA5 38637,53311,38637
ZCTA5 38639,35313,38639
ZCTA5 38641,96208,38641
ZCTA5 38642,59388,38642
ZCTA5 38643,19976,38643
ZCTA5 38644,-666666666,38644
ZCTA5 38645,46806,38645
ZCTA5 38646,38618,38646
ZCTA5 38647,62820,38647
ZCTA5 38650,65000,38650
ZCTA5 38651,98760,38651
ZCTA5 38652,54980,38652
ZCTA5 38654,103092,38654
ZCTA5 38655,68235,38655
ZCTA5 38658,78125,38658
ZCTA5 38659,39593,38659
ZCTA5 38661,69276,38661
ZCTA5 38663,52141,38663
ZCTA5 38664,40791,38664
ZCTA5 38665,80223,38665
ZCTA5 38666,36892,38666
ZCTA5 38668,71827,38668
ZCTA5 38670,38342,38670
ZCTA5 38671,61843,38671
ZCTA5 38672,116184,38672
ZCTA5 38673,92350,38673
ZCTA5 38674,66049,38674
ZCTA5 38676,33943,38676
ZCTA5 38677,-666666666,38677
ZCTA5 38680,59503,38680
ZCTA5 38683,39107,38683
ZCTA5 38685,41210,38685
ZCTA5 38701,40854,38701
ZCTA5 38703,44291,38703
ZCTA5 38720,62639,38720
ZCTA5 38721,31385,38721
ZCTA5 38722,21818,38722
ZCTA5 38723,-666666666,38723
ZCTA5 38725,47115,38725
ZCTA5 38726,31929,38726
ZCTA5 38730,73938,38730
ZCTA5 38731,-666666666,38731
ZCTA5 38732,44705,38732
ZCTA5 38733,-666666666,38733
ZCTA5 38736,-666666666,38736
ZCTA5 38737,28343,38737
ZCTA5 38738,-666666666,38738
ZCTA5 38740,49172,38740
ZCTA5 38744,22547,38744
ZCTA5 38745,-666666666,38745
ZCTA5 38746,-666666666,38746
ZCTA5 38748,44615,38748
ZCTA5 38751,44699,38751
ZCTA5 38753,59000,38753
ZCTA5 38754,38173,38754
ZCTA5 38756,45625,38756
ZCTA5 38759,77083,38759
ZCTA5 38760,37679,38760
ZCTA5 38761,33625,38761
ZCTA5 38762,27000,38762
ZCTA5 38764,26042,38764
ZCTA5 38765,67344,38765
ZCTA5 38767,-666666666,38767
ZCTA5 38768,-666666666,38768
ZCTA5 38769,20104,38769
ZCTA5 38771,33547,38771
ZCTA5 38772,181375,38772
ZCTA5 38773,30661,38773
ZCTA5 38774,19811,38774
ZCTA5 38776,-666666666,38776
ZCTA5 38778,40179,38778
ZCTA5 38781,2499,38781
ZCTA5 38801,62946,38801
ZCTA5 38804,64420,38804
ZCTA5 38821,58834,38821
ZCTA5 38824,48151,38824
ZCTA5 38826,75862,38826
ZCTA5 38827,59226,38827
ZCTA5 38828,65025,38828
ZCTA5 38829,51859,38829
ZCTA5 38833,52917,38833
ZCTA5 38834,50356,38834
ZCTA5 38838,46528,38838
ZCTA5 38839,40536,38839
ZCTA5 38841,54007,38841
ZCTA5 38843,56028,38843
ZCTA5 38844,65734,38844
ZCTA5 38846,60078,38846
ZCTA5 38847,50353,38847
ZCTA5 38848,80962,38848
ZCTA5 38849,76019,38849
ZCTA5 38850,52807,38850
ZCTA5 38851,45365,38851
ZCTA5 38852,52942,38852
ZCTA5 38855,68307,38855
ZCTA5 38856,66686,38856
ZCTA5 38857,93021,38857
ZCTA5 38858,56037,38858
ZCTA5 38859,41389,38859
ZCTA5 38860,41293,38860
ZCTA5 38862,52750,38862
ZCTA5 38863,49528,38863
ZCTA5 38864,54130,38864
ZCTA5 38865,55380,38865
ZCTA5 38866,78791,38866
ZCTA5 38868,41030,38868
ZCTA5 38869,62955,38869
ZCTA5 38870,70667,38870
ZCTA5 38871,63906,38871
ZCTA5 38873,54107,38873
ZCTA5 38876,37462,38876
ZCTA5 38878,42472,38878
ZCTA5 38879,-666666666,38879
ZCTA5 38901,48848,38901
ZCTA5 38913,21387,38913
ZCTA5 38914,46250,38914
ZCTA5 38915,44375,38915
ZCTA5 38916,48094,38916
ZCTA5 38917,60432,38917
ZCTA5 38920,42014,38920
ZCTA5 38921,37326,38921
ZCTA5 38922,36473,38922
ZCTA5 38923,62391,38923
ZCTA5 38924,43750,38924
ZCTA5 38925,41217,38925
ZCTA5 38927,48611,38927
ZCTA5 38928,35438,38928
ZCTA5 38929,68202,38929
ZCTA5 38930,35453,38930
ZCTA5 38940,64048,38940
ZCTA5 38941,38705,38941
ZCTA5 38943,43242,38943
ZCTA5 38944,39934,38944
ZCTA5 38946,-666666666,38946
ZCTA5 38947,-666666666,38947
ZCTA5 38948,29400,38948
ZCTA5 38949,-666666666,38949
ZCTA5 38950,-666666666,38950
ZCTA5 38951,40568,38951
ZCTA5 38952,68958,38952
ZCTA5 38953,36454,38953
ZCTA5 38954,38293,38954
ZCTA5 38957,41181,38957
ZCTA5 38961,46792,38961
ZCTA5 38962,-666666666,38962
ZCTA5 38963,45128,38963
ZCTA5 38964,-666666666,38964
ZCTA5 38965,58258,38965
ZCTA5 38966,32208,38966
ZCTA5 38967,39663,38967
ZCTA5 39038,33538,39038
ZCTA5 39039,60175,39039
ZCTA5 39040,61250,39040
ZCTA5 39041,41137,39041
ZCTA5 39042,88597,39042
ZCTA5 39044,74417,39044
ZCTA5 39045,39021,39045
ZCTA5 39046,49132,39046
ZCTA5 39047,100347,39047
ZCTA5 39051,48547,39051
ZCTA5 39054,-666666666,39054
ZCTA5 39056,75110,39056
ZCTA5 39057,62349,39057
ZCTA5 39058,-666666666,39058
ZCTA5 39059,49946,39059
ZCTA5 39061,-666666666,39061
ZCTA5 39062,32292,39062
ZCTA5 39063,30967,39063
ZCTA5 39066,46458,39066
ZCTA5 39067,67250,39067
ZCTA5 39069,38324,39069
ZCTA5 39071,54700,39071
ZCTA5 39073,66829,39073
ZCTA5 39074,46030,39074
ZCTA5 39078,-666666666,39078
ZCTA5 39079,16914,39079
ZCTA5 39082,58242,39082
ZCTA5 39083,44930,39083
ZCTA5 39086,25833,39086
ZCTA5 39088,-666666666,39088
ZCTA5 39090,48036,39090
ZCTA5 39092,31937,39092
ZCTA5 39094,56422,39094
ZCTA5 39095,43077,39095
ZCTA5 39096,48864,39096
ZCTA5 39097,21622,39097
ZCTA5 39108,51938,39108
ZCTA5 39110,125506,39110
ZCTA5 39111,49140,39111
ZCTA5 39113,15179,39113
ZCTA5 39114,60286,39114
ZCTA5 39115,-666666666,39115
ZCTA5 39116,72109,39116
ZCTA5 39117,58438,39117
ZCTA5 39119,49766,39119
ZCTA5 39120,43632,39120
ZCTA5 39140,43938,39140
ZCTA5 39144,-666666666,39144
ZCTA5 39145,64318,39145
ZCTA5 39146,31436,39146
ZCTA5 39148,-666666666,39148
ZCTA5 39149,67880,39149
ZCTA5 39150,35265,39150
ZCTA5 39152,42096,39152
ZCTA5 39153,60833,39153
ZCTA5 39154,72783,39154
ZCTA5 39156,56933,39156
ZCTA5 39157,66068,39157
ZCTA5 39159,45995,39159
ZCTA5 39160,58933,39160
ZCTA5 39162,119922,39162
ZCTA5 39166,58833,39166
ZCTA5 39167,-666666666,39167
ZCTA5 39168,45298,39168
ZCTA5 39169,36231,39169
ZCTA5 39170,66638,39170
ZCTA5 39173,-666666666,39173
ZCTA5 39174,-666666666,39174
ZCTA5 39175,46488,39175
ZCTA5 39176,47195,39176
ZCTA5 39177,55167,39177
ZCTA5 39179,33500,39179
ZCTA5 39180,56837,39180
ZCTA5 39183,73946,39183
ZCTA5 39189,49083,39189
ZCTA5 39191,56883,39191
ZCTA5 39192,48750,39192
ZCTA5 39193,-666666666,39193
ZCTA5 39194,32260,39194
ZCTA5 39201,59063,39201
ZCTA5 39202,38554,39202
ZCTA5 39203,26569,39203
ZCTA5 39204,30237,39204
ZCTA5 39206,42686,39206
ZCTA5 39208,65480,39208
ZCTA5 39209,36344,39209
ZCTA5 39210,-666666666,39210
ZCTA5 39211,69426,39211
ZCTA5 39212,50722,39212
ZCTA5 39213,29541,39213
ZCTA5 39216,43750,39216
ZCTA5 39217,-666666666,39217
ZCTA5 39218,65327,39218
ZCTA5 39232,82931,39232
ZCTA5 39269,-666666666,39269
ZCTA5 39272,71962,39272
ZCTA5 39301,41766,39301
ZCTA5 39305,67712,39305
ZCTA5 39307,30413,39307
ZCTA5 39309,-666666666,39309
ZCTA5 39320,70852,39320
ZCTA5 39322,37218,39322
ZCTA5 39323,56944,39323
ZCTA5 39324,-666666666,39324
ZCTA5 39325,88112,39325
ZCTA5 39326,58789,39326
ZCTA5 39327,57667,39327
ZCTA5 39328,42930,39328
ZCTA5 39330,58462,39330
ZCTA5 39332,65286,39332
ZCTA5 39335,85804,39335
ZCTA5 39336,38750,39336
ZCTA5 39337,61750,39337
ZCTA5 39338,50085,39338
ZCTA5 39339,48911,39339
ZCTA5 39341,45535,39341
ZCTA5 39342,45298,39342
ZCTA5 39345,40105,39345
ZCTA5 39346,62439,39346
ZCTA5 39347,49265,39347
ZCTA5 39348,22200,39348
ZCTA5 39350,54779,39350
ZCTA5 39352,68801,39352
ZCTA5 39354,66758,39354
ZCTA5 39355,50022,39355
ZCTA5 39356,35000,39356
ZCTA5 39358,51786,39358
ZCTA5 39359,39688,39359
ZCTA5 39360,31714,39360
ZCTA5 39361,30877,39361
ZCTA5 39362,40417,39362
ZCTA5 39363,31875,39363
ZCTA5 39364,65294,39364
ZCTA5 39365,57069,39365
ZCTA5 39366,-666666666,39366
ZCTA5 39367,37409,39367
ZCTA5 39401,41127,39401
ZCTA5 39402,75220,39402
ZCTA5 39406,-666666666,39406
ZCTA5 39421,54844,39421
ZCTA5 39422,51670,39422
ZCTA5 39423,54583,39423
ZCTA5 39425,69525,39425
ZCTA5 39426,73571,39426
ZCTA5 39427,31860,39427
ZCTA5 39428,46466,39428
ZCTA5 39429,46401,39429
ZCTA5 39437,56240,39437
ZCTA5 39439,34250,39439
ZCTA5 39440,46947,39440
ZCTA5 39443,59388,39443
ZCTA5 39451,67576,39451
ZCTA5 39452,59865,39452
ZCTA5 39455,54206,39455
ZCTA5 39456,41818,39456
ZCTA5 39459,53581,39459
ZCTA5 39461,56375,39461
ZCTA5 39462,44513,39462
ZCTA5 39464,71875,39464
ZCTA5 39465,74035,39465
ZCTA5 39466,52765,39466
ZCTA5 39470,52929,39470
ZCTA5 39474,35586,39474
ZCTA5 39475,63887,39475
ZCTA5 39476,58919,39476
ZCTA5 39477,52750,39477
ZCTA5 39478,47686,39478
ZCTA5 39479,47426,39479
ZCTA5 39480,74853,39480
ZCTA5 39481,61458,39481
ZCTA5 39482,64321,39482
ZCTA5 39483,36992,39483
ZCTA5 39501,34758,39501
ZCTA5 39503,62641,39503
ZCTA5 39507,54657,39507
ZCTA5 39520,62176,39520
ZCTA5 39525,87407,39525
ZCTA5 39529,-666666666,39529
ZCTA5 39530,41117,39530
ZCTA5 39531,54218,39531
ZCTA5 39532,68710,39532
ZCTA5 39534,-666666666,39534
ZCTA5 39540,66016,39540
ZCTA5 39553,57460,39553
ZCTA5 39556,60739,39556
ZCTA5 39560,69769,39560
ZCTA5 39561,90469,39561
ZCTA5 39562,61159,39562
ZCTA5 39563,44243,39563
ZCTA5 39564,78596,39564
ZCTA5 39565,87739,39565
ZCTA5 39567,62254,39567
ZCTA5 39571,70430,39571
ZCTA5 39572,44786,39572
ZCTA5 39573,69456,39573
ZCTA5 39574,70094,39574
ZCTA5 39576,70217,39576
ZCTA5 39577,50938,39577
ZCTA5 39581,37927,39581
ZCTA5 39595,-666666666,39595
ZCTA5 39601,43936,39601
ZCTA5 39629,68724,39629
ZCTA5 39630,25484,39630
ZCTA5 39631,36790,39631
ZCTA5 39633,42228,39633
ZCTA5 39635,-666666666,39635
ZCTA5 39638,37185,39638
ZCTA5 39641,65010,39641
ZCTA5 39643,56042,39643
ZCTA5 39645,40231,39645
ZCTA5 39647,67639,39647
ZCTA5 39648,42737,39648
ZCTA5 39652,42966,39652
ZCTA5 39653,53689,39653
ZCTA5 39654,41370,39654
ZCTA5 39656,41786,39656
ZCTA5 39657,-666666666,39657
ZCTA5 39661,63125,39661
ZCTA5 39662,-666666666,39662
ZCTA5 39663,46484,39663
ZCTA5 39664,42500,39664
ZCTA5 39665,32875,39665
ZCTA5 39666,45482,39666
ZCTA5 39667,44934,39667
ZCTA5 39668,39040,39668
ZCTA5 39669,27364,39669
ZCTA5 39701,32599,39701
ZCTA5 39702,54650,39702
ZCTA5 39705,68487,39705
ZCTA5 39730,43336,39730
ZCTA5 39735,51820,39735
ZCTA5 39736,19402,39736
ZCTA5 39737,-666666666,39737
ZCTA5 39739,24831,39739
ZCTA5 39740,83240,39740
ZCTA5 39741,53348,39741
ZCTA5 39743,51654,39743
ZCTA5 39744,44548,39744
ZCTA5 39745,46778,39745
ZCTA5 39746,58125,39746
ZCTA5 39747,57522,39747
ZCTA5 39750,49402,39750
ZCTA5 39751,74226,39751
ZCTA5 39752,78750,39752
ZCTA5 39753,-666666666,39753
ZCTA5 39755,29922,39755
ZCTA5 39756,57782,39756
ZCTA5 39759,46398,39759
ZCTA5 39762,-666666666,39762
ZCTA5 39766,65707,39766
ZCTA5 39767,-666666666,39767
ZCTA5 39769,69079,39769
ZCTA5 39771,59583,39771
ZCTA5 39772,44318,39772
ZCTA5 39773,40019,39773
ZCTA5 39776,50909,39776
ZCTA5 39813,47634,39813
ZCTA5 39815,45800,39815
ZCTA5 39817,53065,39817
ZCTA5 39819,55426,39819
ZCTA5 39823,55441,39823
ZCTA5 39824,49353,39824
ZCTA5 39825,65254,39825
ZCTA5 39826,46875,39826
ZCTA5 39827,61172,39827
ZCTA5 39828,53901,39828
ZCTA5 39832,-666666666,39832
ZCTA5 39834,47708,39834
ZCTA5 39836,-666666666,39836
ZCTA5 39837,52596,39837
ZCTA5 39840,22540,39840
ZCTA5 39841,66500,39841
ZCTA5 39842,43871,39842
ZCTA5 39845,50130,39845
ZCTA5 39846,36661,39846
ZCTA5 39851,48382,39851
ZCTA5 39854,41536,39854
ZCTA5 39859,-666666666,39859
ZCTA5 39861,39965,39861
ZCTA5 39862,46458,39862
ZCTA5 39866,31023,39866
ZCTA5 39867,48077,39867
ZCTA5 39870,50938,39870
ZCTA5 39877,51250,39877
ZCTA5 39885,-666666666,39885
ZCTA5 39886,35395,39886
ZCTA5 39897,54639,39897
ZCTA5 40003,97681,40003
ZCTA5 40004,66578,40004
ZCTA5 40006,59477,40006
ZCTA5 40007,64417,40007
ZCTA5 40008,66486,40008
ZCTA5 40009,63889,40009
ZCTA5 40010,196125,40010
ZCTA5 40011,70881,40011
ZCTA5 40012,105033,40012
ZCTA5 40013,100226,40013
ZCTA5 40014,121189,40014
ZCTA5 40019,60761,40019
ZCTA5 40020,90712,40020
ZCTA5 40022,98333,40022
ZCTA5 40023,144635,40023
ZCTA5 40025,250001,40025
ZCTA5 40026,134254,40026
ZCTA5 40031,98513,40031
ZCTA5 40033,57647,40033
ZCTA5 40036,-666666666,40036
ZCTA5 40037,70000,40037
ZCTA5 40040,-666666666,40040
ZCTA5 40041,153214,40041
ZCTA5 40045,76607,40045
ZCTA5 40046,66000,40046
ZCTA5 40047,99124,40047
ZCTA5 40049,-666666666,40049
ZCTA5 40050,44688,40050
ZCTA5 40051,80337,40051
ZCTA5 40052,45750,40052
ZCTA5 40055,97939,40055
ZCTA5 40056,134115,40056
ZCTA5 40057,77866,40057
ZCTA5 40058,66635,40058
ZCTA5 40059,152727,40059
ZCTA5 40060,45313,40060
ZCTA5 40061,-666666666,40061
ZCTA5 40062,52941,40062
ZCTA5 40063,-666666666,40063
ZCTA5 40065,77869,40065
ZCTA5 40067,97684,40067
ZCTA5 40068,80750,40068
ZCTA5 40069,70788,40069
ZCTA5 40070,-666666666,40070
ZCTA5 40071,98528,40071
ZCTA5 40075,64375,40075
ZCTA5 40076,91786,40076
ZCTA5 40077,73333,40077
ZCTA5 40078,54435,40078
ZCTA5 40104,71111,40104
ZCTA5 40107,60398,40107
ZCTA5 40108,77559,40108
ZCTA5 40109,75495,40109
ZCTA5 40110,46756,40110
ZCTA5 40111,41576,40111
ZCTA5 40115,74722,40115
ZCTA5 40117,58696,40117
ZCTA5 40118,59316,40118
ZCTA5 40119,65500,40119
ZCTA5 40121,82663,40121
ZCTA5 40140,81708,40140
ZCTA5 40142,81037,40142
ZCTA5 40143,59475,40143
ZCTA5 40144,41711,40144
ZCTA5 40145,34237,40145
ZCTA5 40146,54167,40146
ZCTA5 40150,65500,40150
ZCTA5 40152,71406,40152
ZCTA5 40155,60508,40155
ZCTA5 40157,58750,40157
ZCTA5 40160,58506,40160
ZCTA5 40161,74348,40161
ZCTA5 40162,84720,40162
ZCTA5 40165,79540,40165
ZCTA5 40170,-666666666,40170
ZCTA5 40171,45929,40171
ZCTA5 40175,77509,40175
ZCTA5 40176,62422,40176
ZCTA5 40177,50577,40177
ZCTA5 40178,53576,40178
ZCTA5 40202,35584,40202
ZCTA5 40203,30794,40203
ZCTA5 40204,71116,40204
ZCTA5 40205,99966,40205
ZCTA5 40206,75798,40206
ZCTA5 40207,101898,40207
ZCTA5 40208,39560,40208
ZCTA5 40209,-666666666,40209
ZCTA5 40210,35347,40210
ZCTA5 40211,31749,40211
ZCTA5 40212,35753,40212
ZCTA5 40213,55897,40213
ZCTA5 40214,54931,40214
ZCTA5 40215,43725,40215
ZCTA5 40216,56441,40216
ZCTA5 40217,69114,40217
ZCTA5 40218,58811,40218
ZCTA5 40219,55720,40219
ZCTA5 40220,78434,40220
ZCTA5 40221,-666666666,40221
ZCTA5 40222,82511,40222
ZCTA5 40223,96607,40223
ZCTA5 40228,79404,40228
ZCTA5 40229,79936,40229
ZCTA5 40231,-666666666,40231
ZCTA5 40241,94078,40241
ZCTA5 40242,75417,40242
ZCTA5 40243,77587,40243
ZCTA5 40245,122948,40245
ZCTA5 40258,68162,40258
ZCTA5 40272,69940,40272
ZCTA5 40280,-666666666,40280
ZCTA5 40291,81267,40291
ZCTA5 40299,89440,40299
ZCTA5 40310,56477,40310
ZCTA5 40311,61348,40311
ZCTA5 40312,42564,40312
ZCTA5 40313,65409,40313
ZCTA5 40316,21618,40316
ZCTA5 40322,52794,40322
ZCTA5 40324,85110,40324
ZCTA5 40328,44770,40328
ZCTA5 40330,63992,40330
ZCTA5 40334,-666666666,40334
ZCTA5 40336,46367,40336
ZCTA5 40337,54128,40337
ZCTA5 40339,130625,40339
ZCTA5 40342,74408,40342
ZCTA5 40346,31023,40346
ZCTA5 40347,85270,40347
ZCTA5 40348,41979,40348
ZCTA5 40350,-666666666,40350
ZCTA5 40351,51835,40351
ZCTA5 40353,57329,40353
ZCTA5 40355,-666666666,40355
ZCTA5 40356,74495,40356
ZCTA5 40357,11750,40357
ZCTA5 40358,92143,40358
ZCTA5 40359,62542,40359
ZCTA5 40360,55193,40360
ZCTA5 40361,63333,40361
ZCTA5 40363,-666666666,40363
ZCTA5 40370,94234,40370
ZCTA5 40371,62917,40371
ZCTA5 40372,74205,40372
ZCTA5 40374,43607,40374
ZCTA5 40376,-666666666,40376
ZCTA5 40379,62228,40379
ZCTA5 40380,37734,40380
ZCTA5 40383,85213,40383
ZCTA5 40385,63103,40385
ZCTA5 40387,45391,40387
ZCTA5 40390,73767,40390
ZCTA5 40391,64144,40391
ZCTA5 40402,56250,40402
ZCTA5 40403,61771,40403
ZCTA5 40404,-666666666,40404
ZCTA5 40409,52619,40409
ZCTA5 40419,56549,40419
ZCTA5 40422,59615,40422
ZCTA5 40434,-666666666,40434
ZCTA5 40437,53775,40437
ZCTA5 40440,54500,40440
ZCTA5 40442,-666666666,40442
ZCTA5 40444,62463,40444
ZCTA5 40445,39449,40445
ZCTA5 40447,34693,40447
ZCTA5 40448,-666666666,40448
ZCTA5 40456,46907,40456
ZCTA5 40460,35417,40460
ZCTA5 40461,71212,40461
ZCTA5 40464,66932,40464
ZCTA5 40468,64081,40468
ZCTA5 40472,41328,40472
ZCTA5 40475,63050,40475
ZCTA5 40481,50417,40481
ZCTA5 40484,52609,40484
ZCTA5 40486,64917,40486
ZCTA5 40489,56034,40489
ZCTA5 40502,76948,40502
ZCTA5 40503,76482,40503
ZCTA5 40504,46055,40504
ZCTA5 40505,58206,40505
ZCTA5 40507,41329,40507
ZCTA5 40508,29440,40508
ZCTA5 40509,94804,40509
ZCTA5 40510,161938,40510
ZCTA5 40511,79540,40511
ZCTA5 40513,128013,40513
ZCTA5 40514,95914,40514
ZCTA5 40515,86268,40515
ZCTA5 40516,84510,40516
ZCTA5 40517,53670,40517
ZCTA5 40526,-666666666,40526
ZCTA5 40536,-666666666,40536
ZCTA5 40601,65732,40601
ZCTA5 40701,47204,40701
ZCTA5 40729,47077,40729
ZCTA5 40734,42500,40734
ZCTA5 40737,47096,40737
ZCTA5 40740,63701,40740
ZCTA5 40741,64552,40741
ZCTA5 40744,64369,40744
ZCTA5 40759,34909,40759
ZCTA5 40763,-666666666,40763
ZCTA5 40769,43878,40769
ZCTA5 40771,-666666666,40771
ZCTA5 40801,-666666666,40801
ZCTA5 40803,-666666666,40803
ZCTA5 40806,59837,40806
ZCTA5 40807,49118,40807
ZCTA5 40808,-666666666,40808
ZCTA5 40810,40066,40810
ZCTA5 40813,81204,40813
ZCTA5 40815,68155,40815
ZCTA5 40816,-666666666,40816
ZCTA5 40818,-666666666,40818
ZCTA5 40819,31799,40819
ZCTA5 40820,-666666666,40820
ZCTA5 40823,35402,40823
ZCTA5 40824,49667,40824
ZCTA5 40826,42795,40826
ZCTA5 40827,53388,40827
ZCTA5 40828,41354,40828
ZCTA5 40829,56154,40829
ZCTA5 40830,21815,40830
ZCTA5 40831,35404,40831
ZCTA5 40840,-666666666,40840
ZCTA5 40843,-666666666,40843
ZCTA5 40844,-666666666,40844
ZCTA5 40845,23450,40845
ZCTA5 40847,-666666666,40847
ZCTA5 40849,-666666666,40849
ZCTA5 40854,55250,40854
ZCTA5 40855,29891,40855
ZCTA5 40856,47880,40856
ZCTA5 40858,-666666666,40858
ZCTA5 40862,41992,40862
ZCTA5 40863,49578,40863
ZCTA5 40865,56820,40865
ZCTA5 40868,41932,40868
ZCTA5 40870,51452,40870
ZCTA5 40873,33359,40873
ZCTA5 40874,-666666666,40874
ZCTA5 40902,-666666666,40902
ZCTA5 40903,60833,40903
ZCTA5 40906,23375,40906
ZCTA5 40913,51023,40913
ZCTA5 40914,26502,40914
ZCTA5 40915,41822,40915
ZCTA5 40921,-666666666,40921
ZCTA5 40923,47865,40923
ZCTA5 40927,52381,40927
ZCTA5 40935,23157,40935
ZCTA5 40939,-666666666,40939
ZCTA5 40940,-666666666,40940
ZCTA5 40941,-666666666,40941
ZCTA5 40943,67143,40943
ZCTA5 40946,-666666666,40946
ZCTA5 40949,54688,40949
ZCTA5 40953,16375,40953
ZCTA5 40958,48721,40958
ZCTA5 40962,42852,40962
ZCTA5 40964,-666666666,40964
ZCTA5 40965,28685,40965
ZCTA5 40972,41250,40972
ZCTA5 40977,37917,40977
ZCTA5 40979,-666666666,40979
ZCTA5 40981,-666666666,40981
ZCTA5 40982,16442,40982
ZCTA5 40983,16801,40983
ZCTA5 40988,38125,40988
ZCTA5 40995,36188,40995
ZCTA5 40997,-666666666,40997
ZCTA5 41001,102447,41001
ZCTA5 41002,68047,41002
ZCTA5 41003,79625,41003
ZCTA5 41004,66176,41004
ZCTA5 41005,112083,41005
ZCTA5 41006,76921,41006
ZCTA5 41007,100924,41007
ZCTA5 41008,59844,41008
ZCTA5 41010,71204,41010
ZCTA5 41011,69970,41011
ZCTA5 41014,61382,41014
ZCTA5 41015,65683,41015
ZCTA5 41016,71172,41016
ZCTA5 41017,97274,41017
ZCTA5 41018,68605,41018
ZCTA5 41030,83488,41030
ZCTA5 41031,64883,41031
ZCTA5 41033,100260,41033
ZCTA5 41034,71538,41034
ZCTA5 41035,68138,41035
ZCTA5 41039,59250,41039
ZCTA5 41040,49147,41040
ZCTA5 41041,42772,41041
ZCTA5 41042,79712,41042
ZCTA5 41043,87695,41043
ZCTA5 41044,54406,41044
ZCTA5 41045,53824,41045
ZCTA5 41046,63250,41046
ZCTA5 41048,137398,41048
ZCTA5 41049,52969,41049
ZCTA5 41051,104201,41051
ZCTA5 41052,70842,41052
ZCTA5 41055,64967,41055
ZCTA5 41056,47141,41056
ZCTA5 41059,58553,41059
ZCTA5 41063,80469,41063
ZCTA5 41064,51094,41064
ZCTA5 41071,59976,41071
ZCTA5 41073,71166,41073
ZCTA5 41074,66087,41074
ZCTA5 41075,104875,41075
ZCTA5 41076,73283,41076
ZCTA5 41080,120833,41080
ZCTA5 41083,53088,41083
ZCTA5 41085,77757,41085
ZCTA5 41086,61824,41086
ZCTA5 41091,136307,41091
ZCTA5 41092,85625,41092
ZCTA5 41093,60350,41093
ZCTA5 41094,96515,41094
ZCTA5 41095,66905,41095
ZCTA5 41097,77524,41097
ZCTA5 41098,33125,41098
ZCTA5 41101,53889,41101
ZCTA5 41102,67879,41102
ZCTA5 41121,51314,41121
ZCTA5 41124,55139,41124
ZCTA5 41129,60885,41129
ZCTA5 41132,34471,41132
ZCTA5 41135,62344,41135
ZCTA5 41139,59034,41139
ZCTA5 41141,36508,41141
ZCTA5 41142,-666666666,41142
ZCTA5 41143,49257,41143
ZCTA5 41144,60413,41144
ZCTA5 41146,52653,41146
ZCTA5 41149,40313,41149
ZCTA5 41159,45096,41159
ZCTA5 41164,53579,41164
ZCTA5 41166,60543,41166
ZCTA5 41168,84338,41168
ZCTA5 41169,66473,41169
ZCTA5 41171,42609,41171
ZCTA5 41174,56357,41174
ZCTA5 41175,42419,41175
ZCTA5 41179,39217,41179
ZCTA5 41180,41538,41180
ZCTA5 41181,-666666666,41181
ZCTA5 41183,65609,41183
ZCTA5 41189,52712,41189
ZCTA5 41201,107905,41201
ZCTA5 41203,-666666666,41203
ZCTA5 41204,48636,41204
ZCTA5 41214,32039,41214
ZCTA5 41216,47542,41216
ZCTA5 41219,48365,41219
ZCTA5 41222,40859,41222
ZCTA5 41224,38816,41224
ZCTA5 41226,26250,41226
ZCTA5 41230,45239,41230
ZCTA5 41231,60875,41231
ZCTA5 41232,11049,41232
ZCTA5 41234,70288,41234
ZCTA5 41238,47273,41238
ZCTA5 41240,38041,41240
ZCTA5 41250,40286,41250
ZCTA5 41254,-666666666,41254
ZCTA5 41255,57697,41255
ZCTA5 41256,60583,41256
ZCTA5 41257,35469,41257
ZCTA5 41260,-666666666,41260
ZCTA5 41262,44107,41262
ZCTA5 41263,58125,41263
ZCTA5 41264,66250,41264
ZCTA5 41265,35833,41265
ZCTA5 41267,-666666666,41267
ZCTA5 41268,67009,41268
ZCTA5 41271,29712,41271
ZCTA5 41274,-666666666,41274
ZCTA5 41301,33984,41301
ZCTA5 41310,-666666666,41310
ZCTA5 41311,39158,41311
ZCTA5 41314,25911,41314
ZCTA5 41317,18906,41317
ZCTA5 41332,66591,41332
ZCTA5 41339,34764,41339
ZCTA5 41348,34732,41348
ZCTA5 41351,-666666666,41351
ZCTA5 41352,56250,41352
ZCTA5 41360,23438,41360
ZCTA5 41364,13284,41364
ZCTA5 41365,-666666666,41365
ZCTA5 41366,-666666666,41366
ZCTA5 41367,-666666666,41367
ZCTA5 41385,-666666666,41385
ZCTA5 41386,-666666666,41386
ZCTA5 41390,-666666666,41390
ZCTA5 41397,-666666666,41397
ZCTA5 41408,-666666666,41408
ZCTA5 41421,26500,41421
ZCTA5 41425,43917,41425
ZCTA5 41464,-666666666,41464
ZCTA5 41465,33772,41465
ZCTA5 41472,47412,41472
ZCTA5 41501,47349,41501
ZCTA5 41503,56484,41503
ZCTA5 41512,37708,41512
ZCTA5 41513,53992,41513
ZCTA5 41514,39545,41514
ZCTA5 41517,-666666666,41517
ZCTA5 41519,51957,41519
ZCTA5 41522,37331,41522
ZCTA5 41524,-666666666,41524
ZCTA5 41526,-666666666,41526
ZCTA5 41527,90260,41527
ZCTA5 41528,73419,41528
ZCTA5 41531,63333,41531
ZCTA5 41534,-666666666,41534
ZCTA5 41535,31284,41535
ZCTA5 41537,35673,41537
ZCTA5 41538,-666666666,41538
ZCTA5 41539,65033,41539
ZCTA5 41540,64250,41540
ZCTA5 41543,18286,41543
ZCTA5 41544,32500,41544
ZCTA5 41547,12410,41547
ZCTA5 41548,22755,41548
ZCTA5 41553,-666666666,41553
ZCTA5 41554,29353,41554
ZCTA5 41555,90551,41555
ZCTA5 41557,57031,41557
ZCTA5 41558,50511,41558
ZCTA5 41559,28279,41559
ZCTA5 41560,80833,41560
ZCTA5 41562,40104,41562
ZCTA5 41563,46250,41563
ZCTA5 41564,56548,41564
ZCTA5 41566,-666666666,41566
ZCTA5 41567,35192,41567
ZCTA5 41568,27933,41568
ZCTA5 41571,45972,41571
ZCTA5 41572,40028,41572
ZCTA5 41601,75227,41601
ZCTA5 41602,116806,41602
ZCTA5 41603,62986,41603
ZCTA5 41604,-666666666,41604
ZCTA5 41605,32050,41605
ZCTA5 41606,28068,41606
ZCTA5 41607,36635,41607
ZCTA5 41612,-666666666,41612
ZCTA5 41615,88633,41615
ZCTA5 41616,-666666666,41616
ZCTA5 41619,-666666666,41619
ZCTA5 41621,-666666666,41621
ZCTA5 41622,30139,41622
ZCTA5 41630,42417,41630
ZCTA5 41631,-666666666,41631
ZCTA5 41632,27143,41632
ZCTA5 41635,41292,41635
ZCTA5 41636,67663,41636
ZCTA5 41640,33398,41640
ZCTA5 41642,95625,41642
ZCTA5 41643,24732,41643
ZCTA5 41645,76827,41645
ZCTA5 41647,36234,41647
ZCTA5 41649,36023,41649
ZCTA5 41650,25921,41650
ZCTA5 41651,9242,41651
ZCTA5 41653,40542,41653
ZCTA5 41655,-666666666,41655
ZCTA5 41659,36143,41659
ZCTA5 41660,74107,41660
ZCTA5 41663,14036,41663
ZCTA5 41666,61302,41666
ZCTA5 41667,40197,41667
ZCTA5 41669,36042,41669
ZCTA5 41701,39439,41701
ZCTA5 41712,-666666666,41712
ZCTA5 41713,-666666666,41713
ZCTA5 41714,-666666666,41714
ZCTA5 41719,-666666666,41719
ZCTA5 41721,-666666666,41721
ZCTA5 41722,29568,41722
ZCTA5 41723,28000,41723
ZCTA5 41725,65439,41725
ZCTA5 41727,59676,41727
ZCTA5 41729,40769,41729
ZCTA5 41731,52353,41731
ZCTA5 41735,45893,41735
ZCTA5 41739,-666666666,41739
ZCTA5 41740,-666666666,41740
ZCTA5 41745,30667,41745
ZCTA5 41746,103065,41746
ZCTA5 41749,34934,41749
ZCTA5 41751,-666666666,41751
ZCTA5 41754,72927,41754
ZCTA5 41759,-666666666,41759
ZCTA5 41760,-666666666,41760
ZCTA5 41762,-666666666,41762
ZCTA5 41763,70167,41763
ZCTA5 41764,34556,41764
ZCTA5 41766,20522,41766
ZCTA5 41772,-666666666,41772
ZCTA5 41773,50089,41773
ZCTA5 41774,47083,41774
ZCTA5 41775,-666666666,41775
ZCTA5 41776,-666666666,41776
ZCTA5 41777,29976,41777
ZCTA5 41778,-666666666,41778
ZCTA5 41804,-666666666,41804
ZCTA5 41810,-666666666,41810
ZCTA5 41812,-666666666,41812
ZCTA5 41815,24706,41815
ZCTA5 41817,52417,41817
ZCTA5 41819,-666666666,41819
ZCTA5 41821,-666666666,41821
ZCTA5 41822,24638,41822
ZCTA5 41824,-666666666,41824
ZCTA5 41825,51750,41825
ZCTA5 41826,60500,41826
ZCTA5 41828,-666666666,41828
ZCTA5 41831,53068,41831
ZCTA5 41832,29063,41832
ZCTA5 41833,-666666666,41833
ZCTA5 41834,53112,41834
ZCTA5 41835,24286,41835
ZCTA5 41836,63625,41836
ZCTA5 41837,41652,41837
ZCTA5 41838,42962,41838
ZCTA5 41839,-666666666,41839
ZCTA5 41840,58428,41840
ZCTA5 41843,94375,41843
ZCTA5 41844,31690,41844
ZCTA5 41845,-666666666,41845
ZCTA5 41847,-666666666,41847
ZCTA5 41848,-666666666,41848
ZCTA5 41849,65221,41849
ZCTA5 41855,59132,41855
ZCTA5 41858,45933,41858
ZCTA5 41859,46406,41859
ZCTA5 41861,28906,41861
ZCTA5 41862,68969,41862
ZCTA5 42001,71365,42001
ZCTA5 42003,55791,42003
ZCTA5 42020,64838,42020
ZCTA5 42021,56477,42021
ZCTA5 42022,92176,42022
ZCTA5 42023,63229,42023
ZCTA5 42024,46925,42024
ZCTA5 42025,70067,42025
ZCTA5 42027,58056,42027
ZCTA5 42028,51250,42028
ZCTA5 42029,64083,42029
ZCTA5 42031,57097,42031
ZCTA5 42032,34706,42032
ZCTA5 42035,55515,42035
ZCTA5 42036,97904,42036
ZCTA5 42037,-666666666,42037
ZCTA5 42038,65056,42038
ZCTA5 42039,70726,42039
ZCTA5 42040,51141,42040
ZCTA5 42041,36045,42041
ZCTA5 42044,57333,42044
ZCTA5 42045,50549,42045
ZCTA5 42047,2499,42047
ZCTA5 42048,55714,42048
ZCTA5 42049,52917,42049
ZCTA5 42050,41800,42050
ZCTA5 42051,76000,42051
ZCTA5 42053,80765,42053
ZCTA5 42054,58911,42054
ZCTA5 42055,63456,42055
ZCTA5 42056,56776,42056
ZCTA5 42058,66852,42058
ZCTA5 42060,-666666666,42060
ZCTA5 42061,-666666666,42061
ZCTA5 42064,47107,42064
ZCTA5 42066,48664,42066
ZCTA5 42069,48929,42069
ZCTA5 42071,50198,42071
ZCTA5 42076,36250,42076
ZCTA5 42078,56397,42078
ZCTA5 42079,59375,42079
ZCTA5 42081,92868,42081
ZCTA5 42082,67000,42082
ZCTA5 42083,53864,42083
ZCTA5 42085,57679,42085
ZCTA5 42086,77591,42086
ZCTA5 42087,58802,42087
ZCTA5 42088,52745,42088
ZCTA5 42101,48217,42101
ZCTA5 42103,87689,42103
ZCTA5 42104,75164,42104
ZCTA5 42120,64958,42120
ZCTA5 42122,113705,42122
ZCTA5 42123,61010,42123
ZCTA5 42124,-666666666,42124
ZCTA5 42127,42893,42127
ZCTA5 42129,53609,42129
ZCTA5 42130,-666666666,42130
ZCTA5 42131,-666666666,42131
ZCTA5 42133,62353,42133
ZCTA5 42134,59113,42134
ZCTA5 42140,46813,42140
ZCTA5 42141,52896,42141
ZCTA5 42151,108056,42151
ZCTA5 42153,-666666666,42153
ZCTA5 42154,58036,42154
ZCTA5 42156,98000,42156
ZCTA5 42157,101250,42157
ZCTA5 42159,66756,42159
ZCTA5 42160,49364,42160
ZCTA5 42163,-666666666,42163
ZCTA5 42164,60106,42164
ZCTA5 42166,49783,42166
ZCTA5 42167,48497,42167
ZCTA5 42170,96111,42170
ZCTA5 42171,70191,42171
ZCTA5 42202,62656,42202
ZCTA5 42204,61452,42204
ZCTA5 42206,66815,42206
ZCTA5 42207,45463,42207
ZCTA5 42210,48333,42210
ZCTA5 42211,59804,42211
ZCTA5 42214,47188,42214
ZCTA5 42215,83098,42215
ZCTA5 42217,65357,42217
ZCTA5 42220,60965,42220
ZCTA5 42223,61598,42223
ZCTA5 42232,90265,42232
ZCTA5 42234,58259,42234
ZCTA5 42236,68819,42236
ZCTA5 42240,51534,42240
ZCTA5 42252,-666666666,42252
ZCTA5 42254,47250,42254
ZCTA5 42256,58794,42256
ZCTA5 42259,33566,42259
ZCTA5 42261,52953,42261
ZCTA5 42262,51975,42262
ZCTA5 42265,-666666666,42265
ZCTA5 42266,71250,42266
ZCTA5 42273,59745,42273
ZCTA5 42274,80704,42274
ZCTA5 42275,45391,42275
ZCTA5 42276,57144,42276
ZCTA5 42280,-666666666,42280
ZCTA5 42285,53500,42285
ZCTA5 42286,65938,42286
ZCTA5 42301,66885,42301
ZCTA5 42303,64773,42303
ZCTA5 42320,54730,42320
ZCTA5 42321,53750,42321
ZCTA5 42322,-666666666,42322
ZCTA5 42323,53438,42323
ZCTA5 42324,77898,42324
ZCTA5 42325,78750,42325
ZCTA5 42326,42167,42326
ZCTA5 42327,66836,42327
ZCTA5 42328,57679,42328
ZCTA5 42330,50226,42330
ZCTA5 42332,-666666666,42332
ZCTA5 42333,33969,42333
ZCTA5 42337,36875,42337
ZCTA5 42338,-666666666,42338
ZCTA5 42339,46667,42339
ZCTA5 42343,52679,42343
ZCTA5 42344,40972,42344
ZCTA5 42345,62222,42345
ZCTA5 42347,60900,42347
ZCTA5 42348,56500,42348
ZCTA5 42349,58601,42349
ZCTA5 42350,103875,42350
ZCTA5 42351,76213,42351
ZCTA5 42352,53750,42352
ZCTA5 42354,65625,42354
ZCTA5 42355,60125,42355
ZCTA5 42356,-666666666,42356
ZCTA5 42361,43750,42361
ZCTA5 42366,87672,42366
ZCTA5 42367,51397,42367
ZCTA5 42368,76208,42368
ZCTA5 42369,62750,42369
ZCTA5 42370,-666666666,42370
ZCTA5 42371,130250,42371
ZCTA5 42372,48090,42372
ZCTA5 42374,41534,42374
ZCTA5 42376,76098,42376
ZCTA5 42378,73419,42378
ZCTA5 42404,61293,42404
ZCTA5 42406,62470,42406
ZCTA5 42408,60900,42408
ZCTA5 42409,60000,42409
ZCTA5 42410,38194,42410
ZCTA5 42411,61063,42411
ZCTA5 42413,95417,42413
ZCTA5 42420,57053,42420
ZCTA5 42431,54905,42431
ZCTA5 42436,70694,42436
ZCTA5 42437,65256,42437
ZCTA5 42440,-666666666,42440
ZCTA5 42441,54219,42441
ZCTA5 42442,58190,42442
ZCTA5 42444,-666666666,42444
ZCTA5 42445,55096,42445
ZCTA5 42450,54710,42450
ZCTA5 42451,57100,42451
ZCTA5 42452,80069,42452
ZCTA5 42453,53939,42453
ZCTA5 42455,68324,42455
ZCTA5 42456,59500,42456
ZCTA5 42458,58839,42458
ZCTA5 42459,51563,42459
ZCTA5 42461,47746,42461
ZCTA5 42462,66373,42462
ZCTA5 42463,36250,42463
ZCTA5 42464,45893,42464
ZCTA5 42501,48965,42501
ZCTA5 42503,54707,42503
ZCTA5 42516,43375,42516
ZCTA5 42518,54103,42518
ZCTA5 42519,41964,42519
ZCTA5 42528,50227,42528
ZCTA5 42533,41000,42533
ZCTA5 42539,40862,42539
ZCTA5 42541,43232,42541
ZCTA5 42544,60895,42544
ZCTA5 42553,52737,42553
ZCTA5 42565,70692,42565
ZCTA5 42566,60156,42566
ZCTA5 42567,46526,42567
ZCTA5 42602,44375,42602
ZCTA5 42603,53229,42603
ZCTA5 42629,36484,42629
ZCTA5 42631,-666666666,42631
ZCTA5 42633,46040,42633
ZCTA5 42634,31250,42634
ZCTA5 42635,24412,42635
ZCTA5 42638,11595,42638
ZCTA5 42642,52633,42642
ZCTA5 42647,31927,42647
ZCTA5 42649,38382,42649
ZCTA5 42653,42656,42653
ZCTA5 42701,69619,42701
ZCTA5 42712,45870,42712
ZCTA5 42713,60000,42713
ZCTA5 42715,-666666666,42715
ZCTA5 42716,72125,42716
ZCTA5 42717,42978,42717
ZCTA5 42718,57243,42718
ZCTA5 42721,49583,42721
ZCTA5 42722,60110,42722
ZCTA5 42724,73465,42724
ZCTA5 42726,60078,42726
ZCTA5 42728,51623,42728
ZCTA5 42729,54706,42729
ZCTA5 42732,73148,42732
ZCTA5 42733,81250,42733
ZCTA5 42740,88066,42740
ZCTA5 42741,78269,42741
ZCTA5 42742,-666666666,42742
ZCTA5 42743,49457,42743
ZCTA5 42746,50000,42746
ZCTA5 42748,65691,42748
ZCTA5 42749,45500,42749
ZCTA5 42753,54565,42753
ZCTA5 42754,48737,42754
ZCTA5 42757,52467,42757
ZCTA5 42758,-666666666,42758
ZCTA5 42759,-666666666,42759
ZCTA5 42762,-666666666,42762
ZCTA5 42764,73929,42764
ZCTA5 42765,59688,42765
ZCTA5 42776,58771,42776
ZCTA5 42782,39193,42782
ZCTA5 42784,68699,42784
ZCTA5 42788,-666666666,42788
ZCTA5 43001,93804,43001
ZCTA5 43002,102153,43002
ZCTA5 43003,69852,43003
ZCTA5 43004,101175,43004
ZCTA5 43005,72910,43005
ZCTA5 43006,63152,43006
ZCTA5 43007,-666666666,43007
ZCTA5 43008,88558,43008
ZCTA5 43009,102841,43009
ZCTA5 43010,68500,43010
ZCTA5 43011,90121,43011
ZCTA5 43013,131528,43013
ZCTA5 43014,66481,43014
ZCTA5 43015,105322,43015
ZCTA5 43016,109972,43016
ZCTA5 43017,135922,43017
ZCTA5 43018,110481,43018
ZCTA5 43019,68104,43019
ZCTA5 43021,167941,43021
ZCTA5 43022,94712,43022
ZCTA5 43023,142852,43023
ZCTA5 43025,87381,43025
ZCTA5 43026,111440,43026
ZCTA5 43027,-666666666,43027
ZCTA5 43028,91186,43028
ZCTA5 43029,107744,43029
ZCTA5 43030,213021,43030
ZCTA5 43031,110930,43031
ZCTA5 43032,-666666666,43032
ZCTA5 43033,75833,43033
ZCTA5 43035,154683,43035
ZCTA5 43036,77813,43036
ZCTA5 43037,69625,43037
ZCTA5 43040,99321,43040
ZCTA5 43044,76397,43044
ZCTA5 43045,99181,43045
ZCTA5 43046,86864,43046
ZCTA5 43047,-666666666,43047
ZCTA5 43050,64108,43050
ZCTA5 43054,148100,43054
ZCTA5 43055,63974,43055
ZCTA5 43056,80014,43056
ZCTA5 43060,62014,43060
ZCTA5 43061,157568,43061
ZCTA5 43062,105968,43062
ZCTA5 43064,139591,43064
ZCTA5 43065,154481,43065
ZCTA5 43066,129012,43066
ZCTA5 43067,95903,43067
ZCTA5 43068,70477,43068
ZCTA5 43070,-666666666,43070
ZCTA5 43071,78824,43071
ZCTA5 43072,76375,43072
ZCTA5 43074,119296,43074
ZCTA5 43076,91085,43076
ZCTA5 43077,104545,43077
ZCTA5 43078,73816,43078
ZCTA5 43080,87301,43080
ZCTA5 43081,92422,43081
ZCTA5 43082,147972,43082
ZCTA5 43084,78008,43084
ZCTA5 43085,112517,43085
ZCTA5 43101,39107,43101
ZCTA5 43102,90781,43102
ZCTA5 43103,83291,43103
ZCTA5 43105,98583,43105
ZCTA5 43106,82813,43106
ZCTA5 43107,78482,43107
ZCTA5 43109,56940,43109
ZCTA5 43110,77442,43110
ZCTA5 43111,46694,43111
ZCTA5 43112,91613,43112
ZCTA5 43113,67231,43113
ZCTA5 43115,94265,43115
ZCTA5 43116,113229,43116
ZCTA5 43117,-666666666,43117
ZCTA5 43119,91224,43119
ZCTA5 43123,91008,43123
ZCTA5 43125,84043,43125
ZCTA5 43126,63333,43126
ZCTA5 43127,67500,43127
ZCTA5 43128,50915,43128
ZCTA5 43130,72153,43130
ZCTA5 43135,72823,43135
ZCTA5 43136,114375,43136
ZCTA5 43137,49145,43137
ZCTA5 43138,68051,43138
ZCTA5 43140,83644,43140
ZCTA5 43142,55833,43142
ZCTA5 43143,100333,43143
ZCTA5 43144,34732,43144
ZCTA5 43145,73500,43145
ZCTA5 43146,81191,43146
ZCTA5 43147,126534,43147
ZCTA5 43148,72072,43148
ZCTA5 43149,57500,43149
ZCTA5 43150,75284,43150
ZCTA5 43151,62292,43151
ZCTA5 43152,-666666666,43152
ZCTA5 43153,90417,43153
ZCTA5 43154,91250,43154
ZCTA5 43155,90337,43155
ZCTA5 43156,93542,43156
ZCTA5 43157,62188,43157
ZCTA5 43158,-666666666,43158
ZCTA5 43160,61740,43160
ZCTA5 43162,76250,43162
ZCTA5 43164,68000,43164
ZCTA5 43201,43731,43201
ZCTA5 43202,69524,43202
ZCTA5 43203,47572,43203
ZCTA5 43204,59266,43204
ZCTA5 43205,60181,43205
ZCTA5 43206,75806,43206
ZCTA5 43207,63310,43207
ZCTA5 43209,89713,43209
ZCTA5 43210,34423,43210
ZCTA5 43211,42579,43211
ZCTA5 43212,77257,43212
ZCTA5 43213,54704,43213
ZCTA5 43214,94183,43214
ZCTA5 43215,74087,43215
ZCTA5 43217,61356,43217
ZCTA5 43218,-666666666,43218
ZCTA5 43219,52094,43219
ZCTA5 43220,74298,43220
ZCTA5 43221,118768,43221
ZCTA5 43222,32321,43222
ZCTA5 43223,46911,43223
ZCTA5 43224,53321,43224
ZCTA5 43227,48159,43227
ZCTA5 43228,61713,43228
ZCTA5 43229,57561,43229
ZCTA5 43230,91424,43230
ZCTA5 43231,73986,43231
ZCTA5 43232,51417,43232
ZCTA5 43235,86666,43235
ZCTA5 43240,82895,43240
ZCTA5 43302,55057,43302
ZCTA5 43310,68388,43310
ZCTA5 43311,67914,43311
ZCTA5 43314,49183,43314
ZCTA5 43315,73770,43315
ZCTA5 43316,78828,43316
ZCTA5 43317,56875,43317
ZCTA5 43318,91520,43318
ZCTA5 43319,136141,43319
ZCTA5 43320,51603,43320
ZCTA5 43321,48125,43321
ZCTA5 43322,56250,43322
ZCTA5 43323,56667,43323
ZCTA5 43324,56466,43324
ZCTA5 43325,-666666666,43325
ZCTA5 43326,63785,43326
ZCTA5 43330,65625,43330
ZCTA5 43331,60980,43331
ZCTA5 43332,81382,43332
ZCTA5 43333,-666666666,43333
ZCTA5 43334,100825,43334
ZCTA5 43336,-666666666,43336
ZCTA5 43337,70833,43337
ZCTA5 43338,72311,43338
ZCTA5 43340,72446,43340
ZCTA5 43341,54836,43341
ZCTA5 43342,84803,43342
ZCTA5 43343,63438,43343
ZCTA5 43344,80909,43344
ZCTA5 43345,90821,43345
ZCTA5 43346,57130,43346
ZCTA5 43347,93893,43347
ZCTA5 43348,51426,43348
ZCTA5 43350,70583,43350
ZCTA5 43351,67606,43351
ZCTA5 43356,92870,43356
ZCTA5 43357,92448,43357
ZCTA5 43358,89121,43358
ZCTA5 43359,69167,43359
ZCTA5 43360,105795,43360
ZCTA5 43402,52426,43402
ZCTA5 43403,-666666666,43403
ZCTA5 43406,71597,43406
ZCTA5 43407,68835,43407
ZCTA5 43408,61719,43408
ZCTA5 43410,52500,43410
ZCTA5 43412,107885,43412
ZCTA5 43413,80069,43413
ZCTA5 43414,-666666666,43414
ZCTA5 43416,88611,43416
ZCTA5 43420,61331,43420
ZCTA5 43430,73807,43430
ZCTA5 43431,77526,43431
ZCTA5 43432,152411,43432
ZCTA5 43433,-666666666,43433
ZCTA5 43434,72083,43434
ZCTA5 43435,89000,43435
ZCTA5 43436,-666666666,43436
ZCTA5 43437,68750,43437
ZCTA5 43438,82917,43438
ZCTA5 43439,-666666666,43439
ZCTA5 43440,74818,43440
ZCTA5 43442,61667,43442
ZCTA5 43443,97917,43443
ZCTA5 43445,82670,43445
ZCTA5 43446,-666666666,43446
ZCTA5 43447,89643,43447
ZCTA5 43449,71083,43449
ZCTA5 43450,84375,43450
ZCTA5 43451,62167,43451
ZCTA5 43452,67490,43452
ZCTA5 43456,72969,43456
ZCTA5 43457,54583,43457
ZCTA5 43458,78906,43458
ZCTA5 43460,73882,43460
ZCTA5 43462,88000,43462
ZCTA5 43463,69668,43463
ZCTA5 43464,41471,43464
ZCTA5 43465,71311,43465
ZCTA5 43466,87438,43466
ZCTA5 43467,98333,43467
ZCTA5 43468,130533,43468
ZCTA5 43469,86410,43469
ZCTA5 43501,68203,43501
ZCTA5 43502,74925,43502
ZCTA5 43504,91731,43504
ZCTA5 43505,-666666666,43505
ZCTA5 43506,60234,43506
ZCTA5 43510,-666666666,43510
ZCTA5 43511,66250,43511
ZCTA5 43512,71841,43512
ZCTA5 43515,69536,43515
ZCTA5 43516,89000,43516
ZCTA5 43517,58578,43517
ZCTA5 43518,86200,43518
ZCTA5 43519,78114,43519
ZCTA5 43520,-666666666,43520
ZCTA5 43521,60550,43521
ZCTA5 43522,76583,43522
ZCTA5 43523,-666666666,43523
ZCTA5 43524,60882,43524
ZCTA5 43525,108672,43525
ZCTA5 43526,66912,43526
ZCTA5 43527,58821,43527
ZCTA5 43528,93986,43528
ZCTA5 43529,84167,43529
ZCTA5 43530,-666666666,43530
ZCTA5 43531,36200,43531
ZCTA5 43532,88074,43532
ZCTA5 43533,64342,43533
ZCTA5 43534,81094,43534
ZCTA5 43535,67083,43535
ZCTA5 43536,68625,43536
ZCTA5 43537,82752,43537
ZCTA5 43540,119583,43540
ZCTA5 43541,63438,43541
ZCTA5 43542,148657,43542
ZCTA5 43543,56236,43543
ZCTA5 43545,78548,43545
ZCTA5 43547,99851,43547
ZCTA5 43548,96875,43548
ZCTA5 43549,84189,43549
ZCTA5 43551,95846,43551
ZCTA5 43553,88750,43553
ZCTA5 43554,52917,43554
ZCTA5 43555,83109,43555
ZCTA5 43556,73125,43556
ZCTA5 43557,84950,43557
ZCTA5 43558,74173,43558
ZCTA5 43560,109486,43560
ZCTA5 43565,59167,43565
ZCTA5 43566,105985,43566
ZCTA5 43567,70417,43567
ZCTA5 43569,70898,43569
ZCTA5 43570,68500,43570
ZCTA5 43571,108143,43571
ZCTA5 43604,20734,43604
ZCTA5 43605,39118,43605
ZCTA5 43606,66917,43606
ZCTA5 43607,41335,43607
ZCTA5 43608,29275,43608
ZCTA5 43609,42313,43609
ZCTA5 43610,46469,43610
ZCTA5 43611,62042,43611
ZCTA5 43612,50728,43612
ZCTA5 43613,64384,43613
ZCTA5 43614,58961,43614
ZCTA5 43615,57713,43615
ZCTA5 43616,81829,43616
ZCTA5 43617,127019,43617
ZCTA5 43619,76537,43619
ZCTA5 43620,23483,43620
ZCTA5 43623,71171,43623
ZCTA5 43701,57565,43701
ZCTA5 43711,-666666666,43711
ZCTA5 43713,53927,43713
ZCTA5 43716,63036,43716
ZCTA5 43717,48333,43717
ZCTA5 43718,92576,43718
ZCTA5 43719,49091,43719
ZCTA5 43720,52500,43720
ZCTA5 43721,-666666666,43721
ZCTA5 43722,-666666666,43722
ZCTA5 43723,51474,43723
ZCTA5 43724,64688,43724
ZCTA5 43725,57835,43725
ZCTA5 43727,57373,43727
ZCTA5 43728,66000,43728
ZCTA5 43730,45313,43730
ZCTA5 43731,55581,43731
ZCTA5 43732,72500,43732
ZCTA5 43733,-666666666,43733
ZCTA5 43734,113000,43734
ZCTA5 43735,-666666666,43735
ZCTA5 43736,66875,43736
ZCTA5 43738,83750,43738
ZCTA5 43739,99120,43739
ZCTA5 43740,66806,43740
ZCTA5 43746,43636,43746
ZCTA5 43747,77115,43747
ZCTA5 43748,75644,43748
ZCTA5 43749,65565,43749
ZCTA5 43750,-666666666,43750
ZCTA5 43754,75568,43754
ZCTA5 43755,68581,43755
ZCTA5 43756,63365,43756
ZCTA5 43758,61397,43758
ZCTA5 43759,63750,43759
ZCTA5 43760,79783,43760
ZCTA5 43761,-666666666,43761
ZCTA5 43762,80709,43762
ZCTA5 43764,62083,43764
ZCTA5 43766,65625,43766
ZCTA5 43767,75580,43767
ZCTA5 43768,64063,43768
ZCTA5 43771,52708,43771
ZCTA5 43772,47344,43772
ZCTA5 43773,52826,43773
ZCTA5 43777,53906,43777
ZCTA5 43778,65556,43778
ZCTA5 43779,-666666666,43779
ZCTA5 43780,66080,43780
ZCTA5 43782,54844,43782
ZCTA5 43783,67016,43783
ZCTA5 43786,48750,43786
ZCTA5 43787,45880,43787
ZCTA5 43788,-666666666,43788
ZCTA5 43791,-666666666,43791
ZCTA5 43793,49234,43793
ZCTA5 43802,71875,43802
ZCTA5 43804,71488,43804
ZCTA5 43805,-666666666,43805
ZCTA5 43811,35897,43811
ZCTA5 43812,52904,43812
ZCTA5 43821,65427,43821
ZCTA5 43822,60266,43822
ZCTA5 43824,54757,43824
ZCTA5 43830,88346,43830
ZCTA5 43832,58333,43832
ZCTA5 43836,51250,43836
ZCTA5 43837,58929,43837
ZCTA5 43840,63750,43840
ZCTA5 43842,73328,43842
ZCTA5 43843,61378,43843
ZCTA5 43844,61076,43844
ZCTA5 43845,54177,43845
ZCTA5 43901,63603,43901
ZCTA5 43902,-666666666,43902
ZCTA5 43903,73281,43903
ZCTA5 43905,81295,43905
ZCTA5 43906,46380,43906
ZCTA5 43907,46941,43907
ZCTA5 43908,62841,43908
ZCTA5 43909,-666666666,43909
ZCTA5 43910,71396,43910
ZCTA5 43912,55668,43912
ZCTA5 43913,43914,43913
ZCTA5 43914,-666666666,43914
ZCTA5 43915,74405,43915
ZCTA5 43917,59280,43917
ZCTA5 43920,50251,43920
ZCTA5 43925,-666666666,43925
ZCTA5 43926,45938,43926
ZCTA5 43928,90855,43928
ZCTA5 43930,68382,43930
ZCTA5 43931,78241,43931
ZCTA5 43932,54531,43932
ZCTA5 43933,59881,43933
ZCTA5 43934,-666666666,43934
ZCTA5 43935,45923,43935
ZCTA5 43938,55446,43938
ZCTA5 43939,46250,43939
ZCTA5 43940,45952,43940
ZCTA5 43942,51023,43942
ZCTA5 43943,54784,43943
ZCTA5 43944,69228,43944
ZCTA5 43945,62500,43945
ZCTA5 43946,62832,43946
ZCTA5 43947,58269,43947
ZCTA5 43948,142606,43948
ZCTA5 43950,76175,43950
ZCTA5 43951,-666666666,43951
ZCTA5 43952,47624,43952
ZCTA5 43953,74107,43953
ZCTA5 43961,39500,43961
ZCTA5 43962,90833,43962
ZCTA5 43963,56813,43963
ZCTA5 43964,60365,43964
ZCTA5 43967,-666666666,43967
ZCTA5 43968,59200,43968
ZCTA5 43971,49327,43971
ZCTA5 43972,29182,43972
ZCTA5 43973,72600,43973
ZCTA5 43974,70750,43974
ZCTA5 43976,41651,43976
ZCTA5 43977,57216,43977
ZCTA5 43981,56458,43981
ZCTA5 43983,30714,43983
ZCTA5 43985,65625,43985
ZCTA5 43986,54375,43986
ZCTA5 43988,67174,43988
ZCTA5 44001,90139,44001
ZCTA5 44003,56429,44003
ZCTA5 44004,51034,44004
ZCTA5 44010,80455,44010
ZCTA5 44011,135915,44011
ZCTA5 44012,115567,44012
ZCTA5 44017,75231,44017
ZCTA5 44021,82008,44021
ZCTA5 44022,145882,44022
ZCTA5 44023,147383,44023
ZCTA5 44024,107000,44024
ZCTA5 44026,111761,44026
ZCTA5 44028,87595,44028
ZCTA5 44030,63533,44030
ZCTA5 44032,55188,44032
ZCTA5 44035,56408,44035
ZCTA5 44039,96485,44039
ZCTA5 44040,228942,44040
ZCTA5 44041,60662,44041
ZCTA5 44044,88333,44044
ZCTA5 44045,79408,44045
ZCTA5 44046,80625,44046
ZCTA5 44047,60625,44047
ZCTA5 44048,78690,44048
ZCTA5 44049,68929,44049
ZCTA5 44050,103611,44050
ZCTA5 44052,45023,44052
ZCTA5 44053,67484,44053
ZCTA5 44054,75572,44054
ZCTA5 44055,40636,44055
ZCTA5 44056,101285,44056
ZCTA5 44057,75615,44057
ZCTA5 44060,87599,44060
ZCTA5 44062,73960,44062
ZCTA5 44064,73750,44064
ZCTA5 44065,95442,44065
ZCTA5 44067,86364,44067
ZCTA5 44068,57863,44068
ZCTA5 44070,84363,44070
ZCTA5 44072,107146,44072
ZCTA5 44074,80801,44074
ZCTA5 44076,52500,44076
ZCTA5 44077,85056,44077
ZCTA5 44080,-666666666,44080
ZCTA5 44081,96500,44081
ZCTA5 44082,51687,44082
ZCTA5 44084,73288,44084
ZCTA5 44085,66136,44085
ZCTA5 44086,92143,44086
ZCTA5 44087,99270,44087
ZCTA5 44089,70495,44089
ZCTA5 44090,76906,44090
ZCTA5 44092,70801,44092
ZCTA5 44093,74808,44093
ZCTA5 44094,78772,44094
ZCTA5 44095,71543,44095
ZCTA5 44099,92895,44099
ZCTA5 44101,-666666666,44101
ZCTA5 44102,42714,44102
ZCTA5 44103,27047,44103
ZCTA5 44104,24111,44104
ZCTA5 44105,40906,44105
ZCTA5 44106,43170,44106
ZCTA5 44107,68970,44107
ZCTA5 44108,34745,44108
ZCTA5 44109,42872,44109
ZCTA5 44110,31928,44110
ZCTA5 44111,57252,44111
ZCTA5 44112,28799,44112
ZCTA5 44113,71941,44113
ZCTA5 44114,44002,44114
ZCTA5 44115,22056,44115
ZCTA5 44116,93799,44116
ZCTA5 44117,43013,44117
ZCTA5 44118,77555,44118
ZCTA5 44119,44077,44119
ZCTA5 44120,47126,44120
ZCTA5 44121,76767,44121
ZCTA5 44122,101230,44122
ZCTA5 44123,55676,44123
ZCTA5 44124,82392,44124
ZCTA5 44125,57363,44125
ZCTA5 44126,79269,44126
ZCTA5 44127,32572,44127
ZCTA5 44128,43993,44128
ZCTA5 44129,70651,44129
ZCTA5 44130,69655,44130
ZCTA5 44131,100594,44131
ZCTA5 44132,47969,44132
ZCTA5 44133,83717,44133
ZCTA5 44134,68625,44134
ZCTA5 44135,53848,44135
ZCTA5 44136,94648,44136
ZCTA5 44137,53918,44137
ZCTA5 44138,96603,44138
ZCTA5 44139,138425,44139
ZCTA5 44140,132254,44140
ZCTA5 44141,133875,44141
ZCTA5 44142,71332,44142
ZCTA5 44143,81268,44143
ZCTA5 44144,60223,44144
ZCTA5 44145,112200,44145
ZCTA5 44146,54925,44146
ZCTA5 44147,103125,44147
ZCTA5 44149,118173,44149
ZCTA5 44201,79459,44201
ZCTA5 44202,118750,44202
ZCTA5 44203,63759,44203
ZCTA5 44212,91441,44212
ZCTA5 44214,84861,44214
ZCTA5 44215,80893,44215
ZCTA5 44216,98776,44216
ZCTA5 44217,73603,44217
ZCTA5 44221,63342,44221
ZCTA5 44223,90335,44223
ZCTA5 44224,94287,44224
ZCTA5 44230,79526,44230
ZCTA5 44231,78609,44231
ZCTA5 44232,-666666666,44232
ZCTA5 44233,136915,44233
ZCTA5 44234,75547,44234
ZCTA5 44235,76634,44235
ZCTA5 44236,168595,44236
ZCTA5 44240,57627,44240
ZCTA5 44241,88517,44241
ZCTA5 44243,-666666666,44243
ZCTA5 44250,66328,44250
ZCTA5 44251,118750,44251
ZCTA5 44253,91500,44253
ZCTA5 44254,65865,44254
ZCTA5 44255,78099,44255
ZCTA5 44256,99923,44256
ZCTA5 44260,82444,44260
ZCTA5 44262,81214,44262
ZCTA5 44264,101852,44264
ZCTA5 44266,64918,44266
ZCTA5 44270,63650,44270
ZCTA5 44272,83173,44272
ZCTA5 44273,96431,44273
ZCTA5 44274,-666666666,44274
ZCTA5 44275,93785,44275
ZCTA5 44276,86583,44276
ZCTA5 44278,90120,44278
ZCTA5 44280,130167,44280
ZCTA5 44281,89131,44281
ZCTA5 44285,106429,44285
ZCTA5 44286,112778,44286
ZCTA5 44287,73816,44287
ZCTA5 44288,69205,44288
ZCTA5 44301,51321,44301
ZCTA5 44302,42400,44302
ZCTA5 44303,69743,44303
ZCTA5 44304,41763,44304
ZCTA5 44305,52768,44305
ZCTA5 44306,41688,44306
ZCTA5 44307,27697,44307
ZCTA5 44308,11956,44308
ZCTA5 44310,41066,44310
ZCTA5 44311,24369,44311
ZCTA5 44312,65480,44312
ZCTA5 44313,75671,44313
ZCTA5 44314,47468,44314
ZCTA5 44319,79221,44319
ZCTA5 44320,41241,44320
ZCTA5 44321,119178,44321
ZCTA5 44325,-666666666,44325
ZCTA5 44333,131821,44333
ZCTA5 44401,71953,44401
ZCTA5 44402,75539,44402
ZCTA5 44403,60874,44403
ZCTA5 44404,55972,44404
ZCTA5 44405,42644,44405
ZCTA5 44406,98693,44406
ZCTA5 44408,74028,44408
ZCTA5 44410,70385,44410
ZCTA5 44411,77560,44411
ZCTA5 44412,102726,44412
ZCTA5 44413,50999,44413
ZCTA5 44415,-666666666,44415
ZCTA5 44417,52763,44417
ZCTA5 44418,121378,44418
ZCTA5 44420,61707,44420
ZCTA5 44423,80583,44423
ZCTA5 44424,97500,44424
ZCTA5 44425,61568,44425
ZCTA5 44427,-666666666,44427
ZCTA5 44428,59375,44428
ZCTA5 44429,82397,44429
ZCTA5 44430,51380,44430
ZCTA5 44431,68750,44431
ZCTA5 44432,61125,44432
ZCTA5 44436,69514,44436
ZCTA5 44437,76842,44437
ZCTA5 44438,40877,44438
ZCTA5 44439,87868,44439
ZCTA5 44440,64904,44440
ZCTA5 44441,144412,44441
ZCTA5 44442,61528,44442
ZCTA5 44443,56957,44443
ZCTA5 44444,61441,44444
ZCTA5 44445,85188,44445
ZCTA5 44446,50468,44446
ZCTA5 44449,62188,44449
ZCTA5 44450,51723,44450
ZCTA5 44451,61250,44451
ZCTA5 44452,61602,44452
ZCTA5 44454,74857,44454
ZCTA5 44455,71050,44455
ZCTA5 44460,57423,44460
ZCTA5 44470,63882,44470
ZCTA5 44471,54571,44471
ZCTA5 44473,72978,44473
ZCTA5 44481,63654,44481
ZCTA5 44483,49017,44483
ZCTA5 44484,63630,44484
ZCTA5 44485,35195,44485
ZCTA5 44490,38906,44490
ZCTA5 44491,67589,44491
ZCTA5 44493,-666666666,44493
ZCTA5 44502,31170,44502
ZCTA5 44503,12274,44503
ZCTA5 44504,45299,44504
ZCTA5 44505,37538,44505
ZCTA5 44506,21018,44506
ZCTA5 44507,29176,44507
ZCTA5 44509,36570,44509
ZCTA5 44510,20000,44510
ZCTA5 44511,56880,44511
ZCTA5 44512,63317,44512
ZCTA5 44514,79808,44514
ZCTA5 44515,53252,44515
ZCTA5 44555,-666666666,44555
ZCTA5 44601,61965,44601
ZCTA5 44606,76350,44606
ZCTA5 44607,-666666666,44607
ZCTA5 44608,56875,44608
ZCTA5 44609,58221,44609
ZCTA5 44610,26824,44610
ZCTA5 44611,68809,44611
ZCTA5 44612,85208,44612
ZCTA5 44613,58125,44613
ZCTA5 44614,83671,44614
ZCTA5 44615,63793,44615
ZCTA5 44618,74403,44618
ZCTA5 44619,-666666666,44619
ZCTA5 44620,76827,44620
ZCTA5 44621,54717,44621
ZCTA5 44622,70780,44622
ZCTA5 44624,110972,44624
ZCTA5 44625,75060,44625
ZCTA5 44626,78929,44626
ZCTA5 44627,84010,44627
ZCTA5 44628,61518,44628
ZCTA5 44629,81625,44629
ZCTA5 44630,-666666666,44630
ZCTA5 44632,91061,44632
ZCTA5 44633,64688,44633
ZCTA5 44634,80136,44634
ZCTA5 44637,65625,44637
ZCTA5 44638,64318,44638
ZCTA5 44639,70625,44639
ZCTA5 44640,83603,44640
ZCTA5 44641,80303,44641
ZCTA5 44643,84773,44643
ZCTA5 44644,64637,44644
ZCTA5 44645,84756,44645
ZCTA5 44646,69179,44646
ZCTA5 44647,67140,44647
ZCTA5 44651,60000,44651
ZCTA5 44652,-666666666,44652
ZCTA5 44653,71389,44653
ZCTA5 44654,79345,44654
ZCTA5 44656,58852,44656
ZCTA5 44657,62941,44657
ZCTA5 44659,81406,44659
ZCTA5 44660,41094,44660
ZCTA5 44661,50000,44661
ZCTA5 44662,73098,44662
ZCTA5 44663,61551,44663
ZCTA5 44665,-666666666,44665
ZCTA5 44666,101310,44666
ZCTA5 44667,75616,44667
ZCTA5 44669,82411,44669
ZCTA5 44670,82917,44670
ZCTA5 44671,128917,44671
ZCTA5 44672,50779,44672
ZCTA5 44675,83179,44675
ZCTA5 44676,75738,44676
ZCTA5 44677,75435,44677
ZCTA5 44678,-666666666,44678
ZCTA5 44680,69509,44680
ZCTA5 44681,85769,44681
ZCTA5 44682,86250,44682
ZCTA5 44683,54237,44683
ZCTA5 44685,102773,44685
ZCTA5 44687,60714,44687
ZCTA5 44688,66444,44688
ZCTA5 44689,85714,44689
ZCTA5 44690,-666666666,44690
ZCTA5 44691,69920,44691
ZCTA5 44693,120313,44693
ZCTA5 44695,75051,44695
ZCTA5 44697,52396,44697
ZCTA5 44699,50250,44699
ZCTA5 44702,12411,44702
ZCTA5 44703,31957,44703
ZCTA5 44704,31812,44704
ZCTA5 44705,43439,44705
ZCTA5 44706,58228,44706
ZCTA5 44707,44943,44707
ZCTA5 44708,63706,44708
ZCTA5 44709,57842,44709
ZCTA5 44710,47305,44710
ZCTA5 44714,55905,44714
ZCTA5 44718,88113,44718
ZCTA5 44720,82594,44720
ZCTA5 44721,98210,44721
ZCTA5 44730,70232,44730
ZCTA5 44802,80000,44802
ZCTA5 44804,95469,44804
ZCTA5 44805,68299,44805
ZCTA5 44807,87356,44807
ZCTA5 44809,-666666666,44809
ZCTA5 44811,70060,44811
ZCTA5 44813,77846,44813
ZCTA5 44814,68702,44814
ZCTA5 44815,74688,44815
ZCTA5 44817,64565,44817
ZCTA5 44818,63922,44818
ZCTA5 44820,58223,44820
ZCTA5 44822,72159,44822
ZCTA5 44824,79803,44824
ZCTA5 44825,39643,44825
ZCTA5 44826,70076,44826
ZCTA5 44827,56757,44827
ZCTA5 44828,-666666666,44828
ZCTA5 44830,62990,44830
ZCTA5 44833,60151,44833
ZCTA5 44836,79299,44836
ZCTA5 44837,66650,44837
ZCTA5 44838,55833,44838
ZCTA5 44839,87181,44839
ZCTA5 44840,83021,44840
ZCTA5 44841,53295,44841
ZCTA5 44842,72737,44842
ZCTA5 44843,90366,44843
ZCTA5 44844,83556,44844
ZCTA5 44846,93333,44846
ZCTA5 44847,76060,44847
ZCTA5 44849,69902,44849
ZCTA5 44850,69904,44850
ZCTA5 44851,66408,44851
ZCTA5 44853,90281,44853
ZCTA5 44854,70357,44854
ZCTA5 44855,63125,44855
ZCTA5 44856,38750,44856
ZCTA5 44857,64297,44857
ZCTA5 44859,88750,44859
ZCTA5 44861,-666666666,44861
ZCTA5 44864,66250,44864
ZCTA5 44865,76875,44865
ZCTA5 44866,70208,44866
ZCTA5 44867,72716,44867
ZCTA5 44870,62082,44870
ZCTA5 44874,71667,44874
ZCTA5 44875,61276,44875
ZCTA5 44878,74821,44878
ZCTA5 44880,69505,44880
ZCTA5 44881,33313,44881
ZCTA5 44882,73529,44882
ZCTA5 44883,62692,44883
ZCTA5 44887,85793,44887
ZCTA5 44889,86500,44889
ZCTA5 44890,68587,44890
ZCTA5 44901,-666666666,44901
ZCTA5 44902,31343,44902
ZCTA5 44903,67215,44903
ZCTA5 44904,62364,44904
ZCTA5 44905,57955,44905
ZCTA5 44906,52624,44906
ZCTA5 44907,48008,44907
ZCTA5 45001,50417,45001
ZCTA5 45002,81229,45002
ZCTA5 45003,71250,45003
ZCTA5 45005,75399,45005
ZCTA5 45011,91873,45011
ZCTA5 45013,73633,45013
ZCTA5 45014,75661,45014
ZCTA5 45015,48312,45015
ZCTA5 45030,98598,45030
ZCTA5 45032,66618,45032
ZCTA5 45033,42500,45033
ZCTA5 45034,151875,45034
ZCTA5 45036,99128,45036
ZCTA5 45039,108794,45039
ZCTA5 45040,133240,45040
ZCTA5 45041,-666666666,45041
ZCTA5 45042,69520,45042
ZCTA5 45044,73732,45044
ZCTA5 45050,104282,45050
ZCTA5 45051,66932,45051
ZCTA5 45052,101165,45052
ZCTA5 45053,109148,45053
ZCTA5 45054,99583,45054
ZCTA5 45055,-666666666,45055
ZCTA5 45056,49233,45056
ZCTA5 45062,52917,45062
ZCTA5 45064,102531,45064
ZCTA5 45065,104795,45065
ZCTA5 45066,131250,45066
ZCTA5 45067,81605,45067
ZCTA5 45068,96147,45068
ZCTA5 45069,114631,45069
ZCTA5 45070,50417,45070
ZCTA5 45101,40714,45101
ZCTA5 45102,76763,45102
ZCTA5 45103,79793,45103
ZCTA5 45105,-666666666,45105
ZCTA5 45106,71433,45106
ZCTA5 45107,71510,45107
ZCTA5 45111,100893,45111
ZCTA5 45112,51875,45112
ZCTA5 45113,104750,45113
ZCTA5 45115,49844,45115
ZCTA5 45118,97963,45118
ZCTA5 45119,125260,45119
ZCTA5 45120,50446,45120
ZCTA5 45121,60188,45121
ZCTA5 45122,83342,45122
ZCTA5 45123,62404,45123
ZCTA5 45130,83382,45130
ZCTA5 45131,53125,45131
ZCTA5 45132,35417,45132
ZCTA5 45133,61842,45133
ZCTA5 45135,79629,45135
ZCTA5 45140,114827,45140
ZCTA5 45142,66844,45142
ZCTA5 45144,41489,45144
ZCTA5 45146,71184,45146
ZCTA5 45147,-666666666,45147
ZCTA5 45148,78438,45148
ZCTA5 45150,93595,45150
ZCTA5 45152,123366,45152
ZCTA5 45153,57176,45153
ZCTA5 45154,74087,45154
ZCTA5 45155,72813,45155
ZCTA5 45156,63542,45156
ZCTA5 45157,100407,45157
ZCTA5 45158,81336,45158
ZCTA5 45159,82961,45159
ZCTA5 45160,-666666666,45160
ZCTA5 45162,84722,45162
ZCTA5 45164,48750,45164
ZCTA5 45166,-666666666,45166
ZCTA5 45167,68750,45167
ZCTA5 45168,74167,45168
ZCTA5 45169,52405,45169
ZCTA5 45171,73838,45171
ZCTA5 45172,107951,45172
ZCTA5 45174,193750,45174
ZCTA5 45176,67727,45176
ZCTA5 45177,74051,45177
ZCTA5 45202,95633,45202
ZCTA5 45203,21973,45203
ZCTA5 45204,31236,45204
ZCTA5 45205,43682,45205
ZCTA5 45206,62648,45206
ZCTA5 45207,49801,45207
ZCTA5 45208,137600,45208
ZCTA5 45209,93420,45209
ZCTA5 45211,53868,45211
ZCTA5 45212,72422,45212
ZCTA5 45213,76356,45213
ZCTA5 45214,27852,45214
ZCTA5 45215,69372,45215
ZCTA5 45216,44099,45216
ZCTA5 45217,62200,45217
ZCTA5 45218,71000,45218
ZCTA5 45219,35657,45219
ZCTA5 45220,53440,45220
ZCTA5 45223,49312,45223
ZCTA5 45224,56471,45224
ZCTA5 45225,20348,45225
ZCTA5 45226,97558,45226
ZCTA5 45227,71646,45227
ZCTA5 45229,32263,45229
ZCTA5 45230,89516,45230
ZCTA5 45231,71353,45231
ZCTA5 45232,28367,45232
ZCTA5 45233,110742,45233
ZCTA5 45236,84037,45236
ZCTA5 45237,44913,45237
ZCTA5 45238,66277,45238
ZCTA5 45239,60324,45239
ZCTA5 45240,71947,45240
ZCTA5 45241,103585,45241
ZCTA5 45242,124567,45242
ZCTA5 45243,171172,45243
ZCTA5 45244,109287,45244
ZCTA5 45245,80147,45245
ZCTA5 45246,65370,45246
ZCTA5 45247,94603,45247
ZCTA5 45248,84510,45248
ZCTA5 45249,105804,45249
ZCTA5 45251,74614,45251
ZCTA5 45252,84963,45252
ZCTA5 45255,92035,45255
ZCTA5 45267,-666666666,45267
ZCTA5 45301,-666666666,45301
ZCTA5 45302,91602,45302
ZCTA5 45303,65556,45303
ZCTA5 45304,78125,45304
ZCTA5 45305,123045,45305
ZCTA5 45306,86354,45306
ZCTA5 45307,72500,45307
ZCTA5 45308,70435,45308
ZCTA5 45309,75409,45309
ZCTA5 45310,77917,45310
ZCTA5 45311,68555,45311
ZCTA5 45312,91842,45312
ZCTA5 45314,84844,45314
ZCTA5 45315,92333,45315
ZCTA5 45316,83125,45316
ZCTA5 45317,61429,45317
ZCTA5 45318,73867,45318
ZCTA5 45319,67708,45319
ZCTA5 45320,64903,45320
ZCTA5 45321,69135,45321
ZCTA5 45322,75349,45322
ZCTA5 45323,80781,45323
ZCTA5 45324,64979,45324
ZCTA5 45325,81250,45325
ZCTA5 45326,93472,45326
ZCTA5 45327,94741,45327
ZCTA5 45328,63125,45328
ZCTA5 45330,76964,45330
ZCTA5 45331,53801,45331
ZCTA5 45332,77250,45332
ZCTA5 45333,63906,45333
ZCTA5 45334,70595,45334
ZCTA5 45335,81690,45335
ZCTA5 45336,87500,45336
ZCTA5 45337,108162,45337
ZCTA5 45338,74776,45338
ZCTA5 45339,97750,45339
ZCTA5 45340,118000,45340
ZCTA5 45341,56470,45341
ZCTA5 45342,84907,45342
ZCTA5 45344,78471,45344
ZCTA5 45345,80280,45345
ZCTA5 45346,77083,45346
ZCTA5 45347,63025,45347
ZCTA5 45348,120170,45348
ZCTA5 45349,76750,45349
ZCTA5 45350,102500,45350
ZCTA5 45351,101875,45351
ZCTA5 45352,62500,45352
ZCTA5 45353,101736,45353
ZCTA5 45354,66625,45354
ZCTA5 45356,69188,45356
ZCTA5 45358,60625,45358
ZCTA5 45359,77083,45359
ZCTA5 45360,56250,45360
ZCTA5 45361,66250,45361
ZCTA5 45362,61687,45362
ZCTA5 45363,95268,45363
ZCTA5 45365,67051,45365
ZCTA5 45368,60850,45368
ZCTA5 45369,88578,45369
ZCTA5 45370,122000,45370
ZCTA5 45371,93599,45371
ZCTA5 45372,70500,45372
ZCTA5 45373,75742,45373
ZCTA5 45377,77398,45377
ZCTA5 45378,73000,45378
ZCTA5 45380,84135,45380
ZCTA5 45381,62263,45381
ZCTA5 45382,95652,45382
ZCTA5 45383,66620,45383
ZCTA5 45384,67019,45384
ZCTA5 45385,76564,45385
ZCTA5 45387,96042,45387
ZCTA5 45388,86996,45388
ZCTA5 45389,62250,45389
ZCTA5 45390,52150,45390
ZCTA5 45402,48401,45402
ZCTA5 45403,38323,45403
ZCTA5 45404,38874,45404
ZCTA5 45405,43973,45405
ZCTA5 45406,41796,45406
ZCTA5 45409,87283,45409
ZCTA5 45410,46651,45410
ZCTA5 45414,54485,45414
ZCTA5 45415,81176,45415
ZCTA5 45416,46174,45416
ZCTA5 45417,36945,45417
ZCTA5 45419,92264,45419
ZCTA5 45420,60588,45420
ZCTA5 45423,-666666666,45423
ZCTA5 45424,80605,45424
ZCTA5 45426,51908,45426
ZCTA5 45428,-666666666,45428
ZCTA5 45429,80210,45429
ZCTA5 45430,115461,45430
ZCTA5 45431,83175,45431
ZCTA5 45432,83115,45432
ZCTA5 45433,89615,45433
ZCTA5 45434,135948,45434
ZCTA5 45435,-666666666,45435
ZCTA5 45439,52035,45439
ZCTA5 45440,82383,45440
ZCTA5 45449,63800,45449
ZCTA5 45458,110150,45458
ZCTA5 45459,89592,45459
ZCTA5 45469,-666666666,45469
ZCTA5 45501,-666666666,45501
ZCTA5 45502,88988,45502
ZCTA5 45503,59595,45503
ZCTA5 45504,69960,45504
ZCTA5 45505,43819,45505
ZCTA5 45506,42104,45506
ZCTA5 45601,59748,45601
ZCTA5 45612,53500,45612
ZCTA5 45613,30703,45613
ZCTA5 45614,60000,45614
ZCTA5 45616,67614,45616
ZCTA5 45617,-666666666,45617
ZCTA5 45618,-666666666,45618
ZCTA5 45619,58453,45619
ZCTA5 45620,76646,45620
ZCTA5 45621,46932,45621
ZCTA5 45622,48556,45622
ZCTA5 45623,57118,45623
ZCTA5 45624,-666666666,45624
ZCTA5 45628,72587,45628
ZCTA5 45629,60592,45629
ZCTA5 45630,-666666666,45630
ZCTA5 45631,56835,45631
ZCTA5 45634,51477,45634
ZCTA5 45636,73940,45636
ZCTA5 45638,52728,45638
ZCTA5 45640,59566,45640
ZCTA5 45642,-666666666,45642
ZCTA5 45644,74219,45644
ZCTA5 45645,64632,45645
ZCTA5 45646,-666666666,45646
ZCTA5 45647,69966,45647
ZCTA5 45648,72126,45648
ZCTA5 45650,-666666666,45650
ZCTA5 45651,56294,45651
ZCTA5 45652,42708,45652
ZCTA5 45653,82125,45653
ZCTA5 45654,46111,45654
ZCTA5 45656,59395,45656
ZCTA5 45657,63459,45657
ZCTA5 45658,64162,45658
ZCTA5 45659,59844,45659
ZCTA5 45660,57252,45660
ZCTA5 45661,52633,45661
ZCTA5 45662,36504,45662
ZCTA5 45663,48613,45663
ZCTA5 45669,67500,45669
ZCTA5 45671,51442,45671
ZCTA5 45672,49231,45672
ZCTA5 45673,64438,45673
ZCTA5 45674,20865,45674
ZCTA5 45677,-666666666,45677
ZCTA5 45678,62992,45678
ZCTA5 45679,55028,45679
ZCTA5 45680,54523,45680
ZCTA5 45681,49510,45681
ZCTA5 45682,56250,45682
ZCTA5 45684,50688,45684
ZCTA5 45685,61700,45685
ZCTA5 45686,55030,45686
ZCTA5 45688,-666666666,45688
ZCTA5 45690,54333,45690
ZCTA5 45692,55301,45692
ZCTA5 45693,43977,45693
ZCTA5 45694,59876,45694
ZCTA5 45695,50063,45695
ZCTA5 45696,-666666666,45696
ZCTA5 45697,71439,45697
ZCTA5 45698,-666666666,45698
ZCTA5 45699,-666666666,45699
ZCTA5 45701,53075,45701
ZCTA5 45710,80170,45710
ZCTA5 45711,79464,45711
ZCTA5 45714,56574,45714
ZCTA5 45715,47176,45715
ZCTA5 45716,63750,45716
ZCTA5 45719,35200,45719
ZCTA5 45720,-666666666,45720
ZCTA5 45721,-666666666,45721
ZCTA5 45723,57222,45723
ZCTA5 45724,58500,45724
ZCTA5 45727,22564,45727
ZCTA5 45729,82110,45729
ZCTA5 45732,60605,45732
ZCTA5 45734,48676,45734
ZCTA5 45735,51364,45735
ZCTA5 45739,-666666666,45739
ZCTA5 45740,65417,45740
ZCTA5 45741,30625,45741
ZCTA5 45742,78194,45742
ZCTA5 45743,73603,45743
ZCTA5 45744,69148,45744
ZCTA5 45745,44250,45745
ZCTA5 45746,65161,45746
ZCTA5 45750,60229,45750
ZCTA5 45760,46905,45760
ZCTA5 45761,48750,45761
ZCTA5 45764,51806,45764
ZCTA5 45766,72518,45766
ZCTA5 45767,42813,45767
ZCTA5 45768,84286,45768
ZCTA5 45769,50952,45769
ZCTA5 45770,-666666666,45770
ZCTA5 45771,43750,45771
ZCTA5 45772,52064,45772
ZCTA5 45773,69848,45773
ZCTA5 45775,47036,45775
ZCTA5 45776,43856,45776
ZCTA5 45778,57128,45778
ZCTA5 45779,44375,45779
ZCTA5 45780,60557,45780
ZCTA5 45782,47337,45782
ZCTA5 45783,-666666666,45783
ZCTA5 45784,82713,45784
ZCTA5 45786,70917,45786
ZCTA5 45788,100682,45788
ZCTA5 45789,81649,45789
ZCTA5 45801,51731,45801
ZCTA5 45804,44911,45804
ZCTA5 45805,68842,45805
ZCTA5 45806,82587,45806
ZCTA5 45807,70725,45807
ZCTA5 45808,81875,45808
ZCTA5 45809,-666666666,45809
ZCTA5 45810,63451,45810
ZCTA5 45812,44045,45812
ZCTA5 45813,65054,45813
ZCTA5 45814,91115,45814
ZCTA5 45815,60000,45815
ZCTA5 45816,76719,45816
ZCTA5 45817,76848,45817
ZCTA5 45819,67500,45819
ZCTA5 45820,83125,45820
ZCTA5 45821,76648,45821
ZCTA5 45822,70200,45822
ZCTA5 45826,101250,45826
ZCTA5 45827,85400,45827
ZCTA5 45828,72703,45828
ZCTA5 45830,80897,45830
ZCTA5 45831,71473,45831
ZCTA5 45832,83000,45832
ZCTA5 45833,65000,45833
ZCTA5 45835,76042,45835
ZCTA5 45836,56250,45836
ZCTA5 45838,91181,45838
ZCTA5 45840,68083,45840
ZCTA5 45841,96544,45841
ZCTA5 45843,71541,45843
ZCTA5 45844,88792,45844
ZCTA5 45845,95078,45845
ZCTA5 45846,91736,45846
ZCTA5 45848,77813,45848
ZCTA5 45849,77841,45849
ZCTA5 45850,84886,45850
ZCTA5 45851,76157,45851
ZCTA5 45853,87500,45853
ZCTA5 45854,53125,45854
ZCTA5 45855,90000,45855
ZCTA5 45856,86494,45856
ZCTA5 45858,74709,45858
ZCTA5 45859,51250,45859
ZCTA5 45860,111269,45860
ZCTA5 45861,93269,45861
ZCTA5 45862,45556,45862
ZCTA5 45863,56989,45863
ZCTA5 45864,81875,45864
ZCTA5 45865,89000,45865
ZCTA5 45866,80833,45866
ZCTA5 45867,101250,45867
ZCTA5 45868,95875,45868
ZCTA5 45869,88277,45869
ZCTA5 45870,162813,45870
ZCTA5 45871,87500,45871
ZCTA5 45872,62298,45872
ZCTA5 45873,62162,45873
ZCTA5 45874,68521,45874
ZCTA5 45875,93144,45875
ZCTA5 45876,71125,45876
ZCTA5 45877,68665,45877
ZCTA5 45879,64013,45879
ZCTA5 45880,69500,45880
ZCTA5 45881,73775,45881
ZCTA5 45882,74625,45882
ZCTA5 45883,113967,45883
ZCTA5 45884,-666666666,45884
ZCTA5 45885,78550,45885
ZCTA5 45886,65750,45886
ZCTA5 45887,68409,45887
ZCTA5 45888,88237,45888
ZCTA5 45889,93750,45889
ZCTA5 45890,99079,45890
ZCTA5 45891,64272,45891
ZCTA5 45893,-666666666,45893
ZCTA5 45894,81360,45894
ZCTA5 45895,74783,45895
ZCTA5 45896,62449,45896
ZCTA5 45897,56528,45897
ZCTA5 45898,53783,45898
ZCTA5 45899,50625,45899
ZCTA5 46001,70962,46001
ZCTA5 46011,76391,46011
ZCTA5 46012,58041,46012
ZCTA5 46013,49310,46013
ZCTA5 46016,36029,46016
ZCTA5 46017,75011,46017
ZCTA5 46030,90536,46030
ZCTA5 46031,76438,46031
ZCTA5 46032,132085,46032
ZCTA5 46033,153143,46033
ZCTA5 46034,91466,46034
ZCTA5 46035,73357,46035
ZCTA5 46036,62074,46036
ZCTA5 46037,141810,46037
ZCTA5 46038,106886,46038
ZCTA5 46039,-666666666,46039
ZCTA5 46040,147500,46040
ZCTA5 46041,63157,46041
ZCTA5 46044,81402,46044
ZCTA5 46045,160912,46045
ZCTA5 46047,-666666666,46047
ZCTA5 46048,72102,46048
ZCTA5 46049,83594,46049
ZCTA5 46050,74531,46050
ZCTA5 46051,78333,46051
ZCTA5 46052,68930,46052
ZCTA5 46055,113784,46055
ZCTA5 46056,72423,46056
ZCTA5 46057,53173,46057
ZCTA5 46058,77719,46058
ZCTA5 46060,91918,46060
ZCTA5 46062,120100,46062
ZCTA5 46063,48750,46063
ZCTA5 46064,94609,46064
ZCTA5 46065,80104,46065
ZCTA5 46068,98708,46068
ZCTA5 46069,76990,46069
ZCTA5 46070,57667,46070
ZCTA5 46071,85000,46071
ZCTA5 46072,72375,46072
ZCTA5 46074,126724,46074
ZCTA5 46075,117002,46075
ZCTA5 46076,73889,46076
ZCTA5 46077,177679,46077
ZCTA5 46102,64500,46102
ZCTA5 46103,93750,46103
ZCTA5 46104,61146,46104
ZCTA5 46105,87736,46105
ZCTA5 46106,120072,46106
ZCTA5 46107,56799,46107
ZCTA5 46110,68714,46110
ZCTA5 46111,74167,46111
ZCTA5 46112,112565,46112
ZCTA5 46113,84463,46113
ZCTA5 46115,61406,46115
ZCTA5 46117,91250,46117
ZCTA5 46118,78298,46118
ZCTA5 46120,59970,46120
ZCTA5 46121,89409,46121
ZCTA5 46122,99531,46122
ZCTA5 46123,103485,46123
ZCTA5 46124,64466,46124
ZCTA5 46125,-666666666,46125
ZCTA5 46126,70607,46126
ZCTA5 46127,52639,46127
ZCTA5 46128,86466,46128
ZCTA5 46130,124427,46130
ZCTA5 46131,85076,46131
ZCTA5 46133,57589,46133
ZCTA5 46135,73677,46135
ZCTA5 46140,83056,46140
ZCTA5 46142,89001,46142
ZCTA5 46143,91496,46143
ZCTA5 46144,108333,46144
ZCTA5 46146,75417,46146
ZCTA5 46147,80707,46147
ZCTA5 46148,63914,46148
ZCTA5 46149,88750,46149
ZCTA5 46150,52463,46150
ZCTA5 46151,78812,46151
ZCTA5 46154,-666666666,46154
ZCTA5 46155,-666666666,46155
ZCTA5 46156,83320,46156
ZCTA5 46157,86250,46157
ZCTA5 46158,81096,46158
ZCTA5 46160,76445,46160
ZCTA5 46161,78603,46161
ZCTA5 46162,117969,46162
ZCTA5 46163,113106,46163
ZCTA5 46164,85735,46164
ZCTA5 46165,86488,46165
ZCTA5 46166,86042,46166
ZCTA5 46167,122723,46167
ZCTA5 46168,90000,46168
ZCTA5 46170,-666666666,46170
ZCTA5 46171,83607,46171
ZCTA5 46172,85912,46172
ZCTA5 46173,67456,46173
ZCTA5 46175,74125,46175
ZCTA5 46176,65182,46176
ZCTA5 46180,90208,46180
ZCTA5 46181,91337,46181
ZCTA5 46182,89567,46182
ZCTA5 46183,-666666666,46183
ZCTA5 46184,99865,46184
ZCTA5 46186,70714,46186
ZCTA5 46201,49195,46201
ZCTA5 46202,63506,46202
ZCTA5 46203,57393,46203
ZCTA5 46204,86396,46204
ZCTA5 46205,72417,46205
ZCTA5 46206,-666666666,46206
ZCTA5 46208,60062,46208
ZCTA5 46214,59178,46214
ZCTA5 46216,53161,46216
ZCTA5 46217,92029,46217
ZCTA5 46218,38063,46218
ZCTA5 46219,60803,46219
ZCTA5 46220,108050,46220
ZCTA5 46221,65280,46221
ZCTA5 46222,50783,46222
ZCTA5 46224,55986,46224
ZCTA5 46225,55190,46225
ZCTA5 46226,50325,46226
ZCTA5 46227,53629,46227
ZCTA5 46228,91156,46228
ZCTA5 46229,61388,46229
ZCTA5 46231,71825,46231
ZCTA5 46234,83190,46234
ZCTA5 46235,58951,46235
ZCTA5 46236,115664,46236
ZCTA5 46237,79078,46237
ZCTA5 46239,100331,46239
ZCTA5 46240,75156,46240
ZCTA5 46241,53653,46241
ZCTA5 46250,67328,46250
ZCTA5 46254,60287,46254
ZCTA5 46256,93847,46256
ZCTA5 46259,129345,46259
ZCTA5 46260,72504,46260
ZCTA5 46268,68631,46268
ZCTA5 46278,158648,46278
ZCTA5 46280,91152,46280
ZCTA5 46290,-666666666,46290
ZCTA5 46301,119948,46301
ZCTA5 46302,56875,46302
ZCTA5 46303,84211,46303
ZCTA5 46304,91326,46304
ZCTA5 46307,107800,46307
ZCTA5 46310,73789,46310
ZCTA5 46311,116652,46311
ZCTA5 46312,42125,46312
ZCTA5 46319,74662,46319
ZCTA5 46320,37158,46320
ZCTA5 46321,110187,46321
ZCTA5 46322,78062,46322
ZCTA5 46323,59688,46323
ZCTA5 46324,63052,46324
ZCTA5 46327,47288,46327
ZCTA5 46340,58717,46340
ZCTA5 46341,89559,46341
ZCTA5 46342,75521,46342
ZCTA5 46345,-666666666,46345
ZCTA5 46346,57830,46346
ZCTA5 46347,95348,46347
ZCTA5 46348,64375,46348
ZCTA5 46349,82306,46349
ZCTA5 46350,74307,46350
ZCTA5 46356,89217,46356
ZCTA5 46360,59266,46360
ZCTA5 46365,98047,46365
ZCTA5 46366,60182,46366
ZCTA5 46368,76368,46368
ZCTA5 46371,99830,46371
ZCTA5 46373,127146,46373
ZCTA5 46374,91250,46374
ZCTA5 46375,93160,46375
ZCTA5 46376,64205,46376
ZCTA5 46377,38958,46377
ZCTA5 46379,-666666666,46379
ZCTA5 46381,64821,46381
ZCTA5 46382,95208,46382
ZCTA5 46383,76224,46383
ZCTA5 46385,98957,46385
ZCTA5 46390,87639,46390
ZCTA5 46391,82692,46391
ZCTA5 46392,90912,46392
ZCTA5 46393,56250,46393
ZCTA5 46394,66176,46394
ZCTA5 46402,33529,46402
ZCTA5 46403,45991,46403
ZCTA5 46404,42256,46404
ZCTA5 46405,60881,46405
ZCTA5 46406,35839,46406
ZCTA5 46407,28526,46407
ZCTA5 46408,47453,46408
ZCTA5 46409,44667,46409
ZCTA5 46410,64127,46410
ZCTA5 46501,64172,46501
ZCTA5 46502,-666666666,46502
ZCTA5 46504,74567,46504
ZCTA5 46506,79386,46506
ZCTA5 46507,82683,46507
ZCTA5 46508,55833,46508
ZCTA5 46510,99420,46510
ZCTA5 46511,58293,46511
ZCTA5 46513,-666666666,46513
ZCTA5 46514,65833,46514
ZCTA5 46516,56492,46516
ZCTA5 46517,56772,46517
ZCTA5 46524,65987,46524
ZCTA5 46526,67461,46526
ZCTA5 46528,81529,46528
ZCTA5 46530,122129,46530
ZCTA5 46531,57786,46531
ZCTA5 46532,84866,46532
ZCTA5 46534,63138,46534
ZCTA5 46536,78448,46536
ZCTA5 46537,64063,46537
ZCTA5 46538,89803,46538
ZCTA5 46539,74079,46539
ZCTA5 46540,96615,46540
ZCTA5 46542,78606,46542
ZCTA5 46543,104896,46543
ZCTA5 46544,58829,46544
ZCTA5 46545,56865,46545
ZCTA5 46550,84084,46550
ZCTA5 46552,91341,46552
ZCTA5 46553,89417,46553
ZCTA5 46554,88068,46554
ZCTA5 46555,70399,46555
ZCTA5 46556,-666666666,46556
ZCTA5 46561,91711,46561
ZCTA5 46562,68902,46562
ZCTA5 46563,73293,46563
ZCTA5 46565,96199,46565
ZCTA5 46567,77103,46567
ZCTA5 46570,54185,46570
ZCTA5 46571,85500,46571
ZCTA5 46572,125250,46572
ZCTA5 46573,85750,46573
ZCTA5 46574,76181,46574
ZCTA5 46580,71687,46580
ZCTA5 46582,66738,46582
ZCTA5 46590,82188,46590
ZCTA5 46595,-666666666,46595
ZCTA5 46601,30789,46601
ZCTA5 46613,42537,46613
ZCTA5 46614,74153,46614
ZCTA5 46615,62964,46615
ZCTA5 46616,58537,46616
ZCTA5 46617,74186,46617
ZCTA5 46619,48081,46619
ZCTA5 46624,-666666666,46624
ZCTA5 46628,61759,46628
ZCTA5 46635,81944,46635
ZCTA5 46637,71462,46637
ZCTA5 46701,78385,46701
ZCTA5 46702,77727,46702
ZCTA5 46703,74569,46703
ZCTA5 46704,-666666666,46704
ZCTA5 46705,67266,46705
ZCTA5 46706,80965,46706
ZCTA5 46710,84408,46710
ZCTA5 46711,70656,46711
ZCTA5 46714,66441,46714
ZCTA5 46721,68580,46721
ZCTA5 46723,84286,46723
ZCTA5 46725,79526,46725
ZCTA5 46730,116181,46730
ZCTA5 46731,108036,46731
ZCTA5 46732,58906,46732
ZCTA5 46733,64483,46733
ZCTA5 46737,74975,46737
ZCTA5 46738,57545,46738
ZCTA5 46740,58484,46740
ZCTA5 46741,102281,46741
ZCTA5 46742,78750,46742
ZCTA5 46743,81406,46743
ZCTA5 46745,89643,46745
ZCTA5 46746,73244,46746
ZCTA5 46747,75662,46747
ZCTA5 46748,109375,46748
ZCTA5 46750,63978,46750
ZCTA5 46755,66717,46755
ZCTA5 46759,56354,46759
ZCTA5 46760,46992,46760
ZCTA5 46761,71430,46761
ZCTA5 46763,97054,46763
ZCTA5 46764,62939,46764
ZCTA5 46765,112328,46765
ZCTA5 46766,85570,46766
ZCTA5 46767,77317,46767
ZCTA5 46770,66750,46770
ZCTA5 46771,-666666666,46771
ZCTA5 46772,80000,46772
ZCTA5 46773,72813,46773
ZCTA5 46774,76292,46774
ZCTA5 46776,54801,46776
ZCTA5 46777,72758,46777
ZCTA5 46778,-666666666,46778
ZCTA5 46779,86000,46779
ZCTA5 46781,87768,46781
ZCTA5 46783,101705,46783
ZCTA5 46784,62102,46784
ZCTA5 46785,63250,46785
ZCTA5 46786,-666666666,46786
ZCTA5 46787,62242,46787
ZCTA5 46788,101553,46788
ZCTA5 46789,-666666666,46789
ZCTA5 46791,128542,46791
ZCTA5 46792,72664,46792
ZCTA5 46793,79949,46793
ZCTA5 46794,63583,46794
ZCTA5 46795,87175,46795
ZCTA5 46796,-666666666,46796
ZCTA5 46797,103566,46797
ZCTA5 46798,81691,46798
ZCTA5 46799,83125,46799
ZCTA5 46802,46854,46802
ZCTA5 46803,34381,46803
ZCTA5 46804,85833,46804
ZCTA5 46805,52154,46805
ZCTA5 46806,47895,46806
ZCTA5 46807,58685,46807
ZCTA5 46808,53359,46808
ZCTA5 46809,52253,46809
ZCTA5 46814,147280,46814
ZCTA5 46815,73239,46815
ZCTA5 46816,45343,46816
ZCTA5 46818,81066,46818
ZCTA5 46819,63947,46819
ZCTA5 46825,70544,46825
ZCTA5 46835,77152,46835
ZCTA5 46845,112676,46845
ZCTA5 46901,60495,46901
ZCTA5 46902,62126,46902
ZCTA5 46910,69226,46910
ZCTA5 46911,95122,46911
ZCTA5 46913,91136,46913
ZCTA5 46914,63902,46914
ZCTA5 46915,70761,46915
ZCTA5 46917,61643,46917
ZCTA5 46919,83664,46919
ZCTA5 46920,100074,46920
ZCTA5 46922,-666666666,46922
ZCTA5 46923,63553,46923
ZCTA5 46926,68218,46926
ZCTA5 46928,67412,46928
ZCTA5 46929,56940,46929
ZCTA5 46930,52679,46930
ZCTA5 46931,46667,46931
ZCTA5 46932,61579,46932
ZCTA5 46933,56786,46933
ZCTA5 46936,79900,46936
ZCTA5 46937,-666666666,46937
ZCTA5 46938,45884,46938
ZCTA5 46939,69000,46939
ZCTA5 46940,64089,46940
ZCTA5 46941,66993,46941
ZCTA5 46943,33750,46943
ZCTA5 46945,-666666666,46945
ZCTA5 46946,61346,46946
ZCTA5 46947,54791,46947
ZCTA5 46950,48816,46950
ZCTA5 46951,55227,46951
ZCTA5 46952,52880,46952
ZCTA5 46953,46288,46953
ZCTA5 46957,49444,46957
ZCTA5 46958,87640,46958
ZCTA5 46959,78750,46959
ZCTA5 46960,45625,46960
ZCTA5 46961,110400,46961
ZCTA5 46962,67984,46962
ZCTA5 46965,-666666666,46965
ZCTA5 46967,-666666666,46967
ZCTA5 46968,-666666666,46968
ZCTA5 46970,57842,46970
ZCTA5 46971,-666666666,46971
ZCTA5 46974,61528,46974
ZCTA5 46975,61185,46975
ZCTA5 46978,78750,46978
ZCTA5 46979,88832,46979
ZCTA5 46980,-666666666,46980
ZCTA5 46982,79688,46982
ZCTA5 46984,-666666666,46984
ZCTA5 46985,59063,46985
ZCTA5 46986,79438,46986
ZCTA5 46987,80893,46987
ZCTA5 46988,44792,46988
ZCTA5 46989,82074,46989
ZCTA5 46990,78875,46990
ZCTA5 46991,47692,46991
ZCTA5 46992,66220,46992
ZCTA5 46994,56563,46994
ZCTA5 46996,64167,46996
ZCTA5 46998,-666666666,46998
ZCTA5 47001,75886,47001
ZCTA5 47003,80179,47003
ZCTA5 47006,72559,47006
ZCTA5 47010,-666666666,47010
ZCTA5 47011,67981,47011
ZCTA5 47012,84958,47012
ZCTA5 47016,69880,47016
ZCTA5 47017,94926,47017
ZCTA5 47018,61085,47018
ZCTA5 47020,71875,47020
ZCTA5 47021,-666666666,47021
ZCTA5 47022,93633,47022
ZCTA5 47023,68750,47023
ZCTA5 47024,57316,47024
ZCTA5 47025,92951,47025
ZCTA5 47030,-666666666,47030
ZCTA5 47031,70575,47031
ZCTA5 47032,66950,47032
ZCTA5 47033,-666666666,47033
ZCTA5 47034,66667,47034
ZCTA5 47035,36696,47035
ZCTA5 47036,98300,47036
ZCTA5 47037,73209,47037
ZCTA5 47038,46101,47038
ZCTA5 47040,75014,47040
ZCTA5 47041,81016,47041
ZCTA5 47042,75580,47042
ZCTA5 47043,75123,47043
ZCTA5 47060,86118,47060
ZCTA5 47102,41583,47102
ZCTA5 47104,-666666666,47104
ZCTA5 47106,87344,47106
ZCTA5 47108,59236,47108
ZCTA5 47110,-666666666,47110
ZCTA5 47111,95376,47111
ZCTA5 47112,70903,47112
ZCTA5 47114,103427,47114
ZCTA5 47115,88229,47115
ZCTA5 47116,63472,47116
ZCTA5 47117,86853,47117
ZCTA5 47118,41579,47118
ZCTA5 47119,119410,47119
ZCTA5 47120,42440,47120
ZCTA5 47122,107500,47122
ZCTA5 47123,20795,47123
ZCTA5 47124,121188,47124
ZCTA5 47125,73421,47125
ZCTA5 47126,106875,47126
ZCTA5 47129,56185,47129
ZCTA5 47130,70290,47130
ZCTA5 47135,48611,47135
ZCTA5 47136,91333,47136
ZCTA5 47137,65505,47137
ZCTA5 47138,86335,47138
ZCTA5 47140,65718,47140
ZCTA5 47141,108523,47141
ZCTA5 47142,89453,47142
ZCTA5 47143,138382,47143
ZCTA5 47145,48434,47145
ZCTA5 47147,110556,47147
ZCTA5 47150,62820,47150
ZCTA5 47160,66250,47160
ZCTA5 47161,79914,47161
ZCTA5 47162,59444,47162
ZCTA5 47163,59837,47163
ZCTA5 47164,63389,47164
ZCTA5 47165,79744,47165
ZCTA5 47166,71875,47166
ZCTA5 47167,60673,47167
ZCTA5 47170,57634,47170
ZCTA5 47172,82503,47172
ZCTA5 47174,-666666666,47174
ZCTA5 47175,-666666666,47175
ZCTA5 47177,83542,47177
ZCTA5 47201,83958,47201
ZCTA5 47203,72112,47203
ZCTA5 47220,69242,47220
ZCTA5 47223,90505,47223
ZCTA5 47224,61618,47224
ZCTA5 47225,-666666666,47225
ZCTA5 47226,58750,47226
ZCTA5 47227,79398,47227
ZCTA5 47229,62950,47229
ZCTA5 47230,80729,47230
ZCTA5 47231,42332,47231
ZCTA5 47232,70938,47232
ZCTA5 47234,101708,47234
ZCTA5 47235,73963,47235
ZCTA5 47236,-666666666,47236
ZCTA5 47240,69985,47240
ZCTA5 47243,65197,47243
ZCTA5 47244,80278,47244
ZCTA5 47246,94375,47246
ZCTA5 47247,55179,47247
ZCTA5 47250,61284,47250
ZCTA5 47260,73370,47260
ZCTA5 47263,68750,47263
ZCTA5 47264,57917,47264
ZCTA5 47265,68191,47265
ZCTA5 47270,83387,47270
ZCTA5 47272,75117,47272
ZCTA5 47273,78670,47273
ZCTA5 47274,71457,47274
ZCTA5 47280,-666666666,47280
ZCTA5 47281,96250,47281
ZCTA5 47282,78750,47282
ZCTA5 47283,74028,47283
ZCTA5 47302,47837,47302
ZCTA5 47303,47674,47303
ZCTA5 47304,63215,47304
ZCTA5 47305,36389,47305
ZCTA5 47306,-666666666,47306
ZCTA5 47320,69764,47320
ZCTA5 47324,70893,47324
ZCTA5 47325,66189,47325
ZCTA5 47326,48438,47326
ZCTA5 47327,68088,47327
ZCTA5 47330,67250,47330
ZCTA5 47331,58967,47331
ZCTA5 47334,71815,47334
ZCTA5 47335,43750,47335
ZCTA5 47336,50633,47336
ZCTA5 47337,57250,47337
ZCTA5 47338,68239,47338
ZCTA5 47339,70833,47339
ZCTA5 47340,63205,47340
ZCTA5 47341,81750,47341
ZCTA5 47342,75030,47342
ZCTA5 47344,-666666666,47344
ZCTA5 47345,73750,47345
ZCTA5 47346,70000,47346
ZCTA5 47348,50426,47348
ZCTA5 47351,57813,47351
ZCTA5 47352,66250,47352
ZCTA5 47353,76754,47353
ZCTA5 47354,66566,47354
ZCTA5 47355,73133,47355
ZCTA5 47356,67049,47356
ZCTA5 47357,99028,47357
ZCTA5 47358,79063,47358
ZCTA5 47359,71607,47359
ZCTA5 47360,76250,47360
ZCTA5 47361,53333,47361
ZCTA5 47362,60258,47362
ZCTA5 47366,-666666666,47366
ZCTA5 47367,-666666666,47367
ZCTA5 47368,73654,47368
ZCTA5 47369,32917,47369
ZCTA5 47370,40000,47370
ZCTA5 47371,64000,47371
ZCTA5 47373,51532,47373
ZCTA5 47374,50766,47374
ZCTA5 47380,57000,47380
ZCTA5 47381,44464,47381
ZCTA5 47382,48750,47382
ZCTA5 47383,61250,47383
ZCTA5 47384,74167,47384
ZCTA5 47385,103406,47385
ZCTA5 47386,79157,47386
ZCTA5 47387,86818,47387
ZCTA5 47388,48125,47388
ZCTA5 47390,50417,47390
ZCTA5 47392,107664,47392
ZCTA5 47393,71111,47393
ZCTA5 47394,59913,47394
ZCTA5 47396,78125,47396
ZCTA5 47401,66906,47401
ZCTA5 47403,70582,47403
ZCTA5 47404,61389,47404
ZCTA5 47405,-666666666,47405
ZCTA5 47406,-666666666,47406
ZCTA5 47408,45644,47408
ZCTA5 47420,113333,47420
ZCTA5 47421,68108,47421
ZCTA5 47424,72558,47424
ZCTA5 47427,74920,47427
ZCTA5 47429,92378,47429
ZCTA5 47431,61948,47431
ZCTA5 47432,65723,47432
ZCTA5 47433,59520,47433
ZCTA5 47434,-666666666,47434
ZCTA5 47435,-666666666,47435
ZCTA5 47436,75278,47436
ZCTA5 47437,-666666666,47437
ZCTA5 47438,56941,47438
ZCTA5 47441,47636,47441
ZCTA5 47443,58274,47443
ZCTA5 47445,78548,47445
ZCTA5 47446,50337,47446
ZCTA5 47448,72537,47448
ZCTA5 47449,50417,47449
ZCTA5 47451,60938,47451
ZCTA5 47452,74484,47452
ZCTA5 47453,60417,47453
ZCTA5 47454,52200,47454
ZCTA5 47455,-666666666,47455
ZCTA5 47456,69896,47456
ZCTA5 47457,-666666666,47457
ZCTA5 47458,-666666666,47458
ZCTA5 47459,76061,47459
ZCTA5 47460,68447,47460
ZCTA5 47462,93785,47462
ZCTA5 47464,64464,47464
ZCTA5 47465,53750,47465
ZCTA5 47467,-666666666,47467
ZCTA5 47468,92880,47468
ZCTA5 47469,63529,47469
ZCTA5 47470,90750,47470
ZCTA5 47471,69609,47471
ZCTA5 47501,62982,47501
ZCTA5 47512,57857,47512
ZCTA5 47513,66615,47513
ZCTA5 47514,163438,47514
ZCTA5 47515,71016,47515
ZCTA5 47516,76250,47516
ZCTA5 47519,75588,47519
ZCTA5 47520,50882,47520
ZCTA5 47521,99821,47521
ZCTA5 47522,46719,47522
ZCTA5 47523,66548,47523
ZCTA5 47524,-666666666,47524
ZCTA5 47525,-666666666,47525
ZCTA5 47527,91169,47527
ZCTA5 47528,57692,47528
ZCTA5 47529,69135,47529
ZCTA5 47531,140595,47531
ZCTA5 47532,84750,47532
ZCTA5 47535,70236,47535
ZCTA5 47537,49128,47537
ZCTA5 47541,78409,47541
ZCTA5 47542,77574,47542
ZCTA5 47546,73659,47546
ZCTA5 47550,80625,47550
ZCTA5 47551,68859,47551
ZCTA5 47552,146141,47552
ZCTA5 47553,74234,47553
ZCTA5 47557,84375,47557
ZCTA5 47558,91184,47558
ZCTA5 47561,45911,47561
ZCTA5 47562,71250,47562
ZCTA5 47564,58056,47564
ZCTA5 47567,72665,47567
ZCTA5 47568,53125,47568
ZCTA5 47573,-666666666,47573
ZCTA5 47574,-666666666,47574
ZCTA5 47575,125625,47575
ZCTA5 47576,121250,47576
ZCTA5 47577,52208,47577
ZCTA5 47578,56641,47578
ZCTA5 47579,87926,47579
ZCTA5 47580,-666666666,47580
ZCTA5 47581,59776,47581
ZCTA5 47584,53250,47584
ZCTA5 47585,88141,47585
ZCTA5 47586,60587,47586
ZCTA5 47588,57315,47588
ZCTA5 47590,104773,47590
ZCTA5 47591,61803,47591
ZCTA5 47596,93958,47596
ZCTA5 47597,56953,47597
ZCTA5 47598,68601,47598
ZCTA5 47601,78663,47601
ZCTA5 47610,78259,47610
ZCTA5 47611,56875,47611
ZCTA5 47612,73438,47612
ZCTA5 47613,112112,47613
ZCTA5 47615,66458,47615
ZCTA5 47616,79375,47616
ZCTA5 47619,64188,47619
ZCTA5 47620,75681,47620
ZCTA5 47630,94162,47630
ZCTA5 47631,66058,47631
ZCTA5 47633,68971,47633
ZCTA5 47634,70781,47634
ZCTA5 47635,66286,47635
ZCTA5 47637,61298,47637
ZCTA5 47638,93958,47638
ZCTA5 47639,97930,47639
ZCTA5 47640,67500,47640
ZCTA5 47648,65000,47648
ZCTA5 47649,63060,47649
ZCTA5 47654,-666666666,47654
ZCTA5 47660,57472,47660
ZCTA5 47665,68625,47665
ZCTA5 47666,63209,47666
ZCTA5 47670,64907,47670
ZCTA5 47683,-666666666,47683
ZCTA5 47708,55377,47708
ZCTA5 47710,47292,47710
ZCTA5 47711,66320,47711
ZCTA5 47712,68494,47712
ZCTA5 47713,40873,47713
ZCTA5 47714,55910,47714
ZCTA5 47715,60897,47715
ZCTA5 47720,75139,47720
ZCTA5 47725,104088,47725
ZCTA5 47802,57395,47802
ZCTA5 47803,60565,47803
ZCTA5 47804,40674,47804
ZCTA5 47805,72411,47805
ZCTA5 47807,24706,47807
ZCTA5 47809,-666666666,47809
ZCTA5 47831,-666666666,47831
ZCTA5 47832,78125,47832
ZCTA5 47833,67679,47833
ZCTA5 47834,68578,47834
ZCTA5 47836,-666666666,47836
ZCTA5 47837,77500,47837
ZCTA5 47838,61875,47838
ZCTA5 47840,102991,47840
ZCTA5 47841,71346,47841
ZCTA5 47842,56750,47842
ZCTA5 47845,-666666666,47845
ZCTA5 47846,77228,47846
ZCTA5 47847,53924,47847
ZCTA5 47848,60581,47848
ZCTA5 47849,68000,47849
ZCTA5 47850,54050,47850
ZCTA5 47851,-666666666,47851
ZCTA5 47853,54583,47853
ZCTA5 47854,86509,47854
ZCTA5 47855,47102,47855
ZCTA5 47857,60417,47857
ZCTA5 47858,49473,47858
ZCTA5 47859,74583,47859
ZCTA5 47860,39706,47860
ZCTA5 47861,56484,47861
ZCTA5 47862,65625,47862
ZCTA5 47863,-666666666,47863
ZCTA5 47865,-666666666,47865
ZCTA5 47866,81681,47866
ZCTA5 47868,51409,47868
ZCTA5 47869,-666666666,47869
ZCTA5 47870,-666666666,47870
ZCTA5 47871,77083,47871
ZCTA5 47872,70781,47872
ZCTA5 47874,50168,47874
ZCTA5 47875,-666666666,47875
ZCTA5 47876,-666666666,47876
ZCTA5 47879,54750,47879
ZCTA5 47880,-666666666,47880
ZCTA5 47881,51146,47881
ZCTA5 47882,57637,47882
ZCTA5 47884,59167,47884
ZCTA5 47885,67588,47885
ZCTA5 47901,47206,47901
ZCTA5 47904,51687,47904
ZCTA5 47905,65861,47905
ZCTA5 47906,53103,47906
ZCTA5 47907,-666666666,47907
ZCTA5 47909,68035,47909
ZCTA5 47916,-666666666,47916
ZCTA5 47917,66250,47917
ZCTA5 47918,70317,47918
ZCTA5 47920,90441,47920
ZCTA5 47921,100455,47921
ZCTA5 47922,61033,47922
ZCTA5 47923,80205,47923
ZCTA5 47924,-666666666,47924
ZCTA5 47925,-666666666,47925
ZCTA5 47926,77917,47926
ZCTA5 47928,52275,47928
ZCTA5 47929,73036,47929
ZCTA5 47930,60719,47930
ZCTA5 47932,59811,47932
ZCTA5 47933,68130,47933
ZCTA5 47940,70711,47940
ZCTA5 47941,78553,47941
ZCTA5 47942,84125,47942
ZCTA5 47943,77857,47943
ZCTA5 47944,55242,47944
ZCTA5 47946,79457,47946
ZCTA5 47948,59293,47948
ZCTA5 47949,76429,47949
ZCTA5 47950,49271,47950
ZCTA5 47951,66156,47951
ZCTA5 47952,53409,47952
ZCTA5 47954,81364,47954
ZCTA5 47955,71591,47955
ZCTA5 47957,61002,47957
ZCTA5 47958,86000,47958
ZCTA5 47959,48750,47959
ZCTA5 47960,65603,47960
ZCTA5 47963,75000,47963
ZCTA5 47964,49250,47964
ZCTA5 47965,76607,47965
ZCTA5 47966,62750,47966
ZCTA5 47967,81563,47967
ZCTA5 47968,83242,47968
ZCTA5 47969,59167,47969
ZCTA5 47970,74457,47970
ZCTA5 47971,64375,47971
ZCTA5 47974,89962,47974
ZCTA5 47975,71250,47975
ZCTA5 47977,80000,47977
ZCTA5 47978,71616,47978
ZCTA5 47980,60962,47980
ZCTA5 47981,86023,47981
ZCTA5 47982,73750,47982
ZCTA5 47983,60756,47983
ZCTA5 47986,-666666666,47986
ZCTA5 47987,63333,47987
ZCTA5 47989,104048,47989
ZCTA5 47990,63198,47990
ZCTA5 47991,105842,47991
ZCTA5 47992,125526,47992
ZCTA5 47993,72455,47993
ZCTA5 47994,101891,47994
ZCTA5 47995,80179,47995
ZCTA5 47997,49861,47997
ZCTA5 48001,69160,48001
ZCTA5 48002,93948,48002
ZCTA5 48003,90452,48003
ZCTA5 48005,105734,48005
ZCTA5 48006,71385,48006
ZCTA5 48009,153401,48009
ZCTA5 48014,66800,48014
ZCTA5 48015,54703,48015
ZCTA5 48017,88812,48017
ZCTA5 48021,62325,48021
ZCTA5 48022,96809,48022
ZCTA5 48023,70469,48023
ZCTA5 48025,185000,48025
ZCTA5 48026,64354,48026
ZCTA5 48027,90417,48027
ZCTA5 48028,109730,48028
ZCTA5 48030,67073,48030
ZCTA5 48032,96875,48032
ZCTA5 48033,61016,48033
ZCTA5 48034,62938,48034
ZCTA5 48035,73015,48035
ZCTA5 48036,70071,48036
ZCTA5 48038,78567,48038
ZCTA5 48039,82755,48039
ZCTA5 48040,66901,48040
ZCTA5 48041,75677,48041
ZCTA5 48042,126667,48042
ZCTA5 48043,52161,48043
ZCTA5 48044,117856,48044
ZCTA5 48045,80366,48045
ZCTA5 48047,94890,48047
ZCTA5 48048,70938,48048
ZCTA5 48049,84028,48049
ZCTA5 48050,91136,48050
ZCTA5 48051,90968,48051
ZCTA5 48054,83241,48054
ZCTA5 48059,80062,48059
ZCTA5 48060,53018,48060
ZCTA5 48062,82045,48062
ZCTA5 48063,93844,48063
ZCTA5 48064,87538,48064
ZCTA5 48065,106053,48065
ZCTA5 48066,62182,48066
ZCTA5 48067,112840,48067
ZCTA5 48069,171125,48069
ZCTA5 48070,190150,48070
ZCTA5 48071,69503,48071
ZCTA5 48072,116239,48072
ZCTA5 48073,91627,48073
ZCTA5 48074,71047,48074
ZCTA5 48075,65384,48075
ZCTA5 48076,90058,48076
ZCTA5 48079,79891,48079
ZCTA5 48080,66986,48080
ZCTA5 48081,82009,48081
ZCTA5 48082,74806,48082
ZCTA5 48083,90794,48083
ZCTA5 48084,107098,48084
ZCTA5 48085,146390,48085
ZCTA5 48088,81601,48088
ZCTA5 48089,52366,48089
ZCTA5 48091,54230,48091
ZCTA5 48092,73808,48092
ZCTA5 48093,68218,48093
ZCTA5 48094,98017,48094
ZCTA5 48095,107393,48095
ZCTA5 48096,117917,48096
ZCTA5 48097,63659,48097
ZCTA5 48098,164759,48098
ZCTA5 48101,81655,48101
ZCTA5 48103,116194,48103
ZCTA5 48104,64231,48104
ZCTA5 48105,94774,48105
ZCTA5 48108,89355,48108
ZCTA5 48109,14093,48109
ZCTA5 48111,76595,48111
ZCTA5 48114,124063,48114
ZCTA5 48116,106763,48116
ZCTA5 48117,78942,48117
ZCTA5 48118,88278,48118
ZCTA5 48120,66006,48120
ZCTA5 48122,42185,48122
ZCTA5 48124,81796,48124
ZCTA5 48125,60195,48125
ZCTA5 48126,42140,48126
ZCTA5 48127,60742,48127
ZCTA5 48128,101037,48128
ZCTA5 48130,129254,48130
ZCTA5 48131,85747,48131
ZCTA5 48133,74388,48133
ZCTA5 48134,92076,48134
ZCTA5 48135,67294,48135
ZCTA5 48137,78973,48137
ZCTA5 48138,126582,48138
ZCTA5 48139,47188,48139
ZCTA5 48140,109257,48140
ZCTA5 48141,39252,48141
ZCTA5 48143,-666666666,48143
ZCTA5 48144,101410,48144
ZCTA5 48145,83204,48145
ZCTA5 48146,58616,48146
ZCTA5 48150,97997,48150
ZCTA5 48152,88288,48152
ZCTA5 48154,104867,48154
ZCTA5 48157,61641,48157
ZCTA5 48158,94784,48158
ZCTA5 48159,74519,48159
ZCTA5 48160,103453,48160
ZCTA5 48161,67414,48161
ZCTA5 48162,67876,48162
ZCTA5 48164,107827,48164
ZCTA5 48165,106220,48165
ZCTA5 48166,69592,48166
ZCTA5 48167,124630,48167
ZCTA5 48168,187589,48168
ZCTA5 48169,109329,48169
ZCTA5 48170,114278,48170
ZCTA5 48173,94094,48173
ZCTA5 48174,67056,48174
ZCTA5 48176,114206,48176
ZCTA5 48177,81818,48177
ZCTA5 48178,131558,48178
ZCTA5 48179,77095,48179
ZCTA5 48180,61081,48180
ZCTA5 48182,84375,48182
ZCTA5 48183,83508,48183
ZCTA5 48184,59171,48184
ZCTA5 48185,60854,48185
ZCTA5 48186,65187,48186
ZCTA5 48187,120321,48187
ZCTA5 48188,122781,48188
ZCTA5 48189,87145,48189
ZCTA5 48190,76875,48190
ZCTA5 48191,102833,48191
ZCTA5 48192,71987,48192
ZCTA5 48193,74566,48193
ZCTA5 48195,66118,48195
ZCTA5 48197,73737,48197
ZCTA5 48198,63326,48198
ZCTA5 48201,24749,48201
ZCTA5 48202,43627,48202
ZCTA5 48203,38404,48203
ZCTA5 48204,34468,48204
ZCTA5 48205,38966,48205
ZCTA5 48206,45046,48206
ZCTA5 48207,47831,48207
ZCTA5 48208,36194,48208
ZCTA5 48209,43161,48209
ZCTA5 48210,37838,48210
ZCTA5 48211,35725,48211
ZCTA5 48212,38186,48212
ZCTA5 48213,34003,48213
ZCTA5 48214,33544,48214
ZCTA5 48215,33812,48215
ZCTA5 48216,44335,48216
ZCTA5 48217,44447,48217
ZCTA5 48218,41033,48218
ZCTA5 48219,43655,48219
ZCTA5 48220,89881,48220
ZCTA5 48221,57878,48221
ZCTA5 48223,44512,48223
ZCTA5 48224,44856,48224
ZCTA5 48225,61750,48225
ZCTA5 48226,64860,48226
ZCTA5 48227,36527,48227
ZCTA5 48228,30680,48228
ZCTA5 48229,40264,48229
ZCTA5 48230,137310,48230
ZCTA5 48233,-666666666,48233
ZCTA5 48234,35322,48234
ZCTA5 48235,39265,48235
ZCTA5 48236,128242,48236
ZCTA5 48237,71510,48237
ZCTA5 48238,33315,48238
ZCTA5 48239,71151,48239
ZCTA5 48240,60390,48240
ZCTA5 48242,-666666666,48242
ZCTA5 48243,-666666666,48243
ZCTA5 48301,167143,48301
ZCTA5 48302,178103,48302
ZCTA5 48304,143204,48304
ZCTA5 48306,163684,48306
ZCTA5 48307,106576,48307
ZCTA5 48309,121007,48309
ZCTA5 48310,78058,48310
ZCTA5 48312,68061,48312
ZCTA5 48313,88065,48313
ZCTA5 48314,85889,48314
ZCTA5 48315,100684,48315
ZCTA5 48316,107776,48316
ZCTA5 48317,72917,48317
ZCTA5 48320,78150,48320
ZCTA5 48322,113865,48322
ZCTA5 48323,144457,48323
ZCTA5 48324,142100,48324
ZCTA5 48326,85190,48326
ZCTA5 48327,74788,48327
ZCTA5 48328,72299,48328
ZCTA5 48329,85709,48329
ZCTA5 48331,127633,48331
ZCTA5 48334,102228,48334
ZCTA5 48335,99439,48335
ZCTA5 48336,88938,48336
ZCTA5 48340,47891,48340
ZCTA5 48341,51390,48341
ZCTA5 48342,35253,48342
ZCTA5 48346,101477,48346
ZCTA5 48348,129410,48348
ZCTA5 48350,110042,48350
ZCTA5 48353,105964,48353
ZCTA5 48356,103872,48356
ZCTA5 48357,94954,48357
ZCTA5 48359,93125,48359
ZCTA5 48360,140865,48360
ZCTA5 48362,115230,48362
ZCTA5 48363,179375,48363
ZCTA5 48367,110405,48367
ZCTA5 48370,131111,48370
ZCTA5 48371,111239,48371
ZCTA5 48374,182827,48374
ZCTA5 48375,112545,48375
ZCTA5 48377,83104,48377
ZCTA5 48380,131979,48380
ZCTA5 48381,105213,48381
ZCTA5 48382,137768,48382
ZCTA5 48383,102072,48383
ZCTA5 48386,89702,48386
ZCTA5 48390,91381,48390
ZCTA5 48393,65962,48393
ZCTA5 48401,70536,48401
ZCTA5 48410,55250,48410
ZCTA5 48411,-666666666,48411
ZCTA5 48412,79534,48412
ZCTA5 48413,58346,48413
ZCTA5 48414,68214,48414
ZCTA5 48415,79067,48415
ZCTA5 48416,66474,48416
ZCTA5 48417,72422,48417
ZCTA5 48418,74547,48418
ZCTA5 48419,59485,48419
ZCTA5 48420,66063,48420
ZCTA5 48421,71114,48421
ZCTA5 48422,57899,48422
ZCTA5 48423,65079,48423
ZCTA5 48426,62169,48426
ZCTA5 48427,56842,48427
ZCTA5 48428,100033,48428
ZCTA5 48429,67725,48429
ZCTA5 48430,100193,48430
ZCTA5 48432,63661,48432
ZCTA5 48433,81513,48433
ZCTA5 48434,40938,48434
ZCTA5 48435,86905,48435
ZCTA5 48436,94487,48436
ZCTA5 48437,40864,48437
ZCTA5 48438,106796,48438
ZCTA5 48439,88490,48439
ZCTA5 48440,153173,48440
ZCTA5 48441,50765,48441
ZCTA5 48442,86575,48442
ZCTA5 48444,71436,48444
ZCTA5 48445,51645,48445
ZCTA5 48446,66062,48446
ZCTA5 48449,69545,48449
ZCTA5 48450,52962,48450
ZCTA5 48451,99943,48451
ZCTA5 48453,53676,48453
ZCTA5 48454,62639,48454
ZCTA5 48455,103835,48455
ZCTA5 48456,62321,48456
ZCTA5 48457,71090,48457
ZCTA5 48458,46797,48458
ZCTA5 48460,80000,48460
ZCTA5 48461,78453,48461
ZCTA5 48462,105699,48462
ZCTA5 48463,72500,48463
ZCTA5 48464,81417,48464
ZCTA5 48465,73750,48465
ZCTA5 48466,59241,48466
ZCTA5 48467,53750,48467
ZCTA5 48468,63000,48468
ZCTA5 48469,56023,48469
ZCTA5 48470,58594,48470
ZCTA5 48471,62844,48471
ZCTA5 48472,61000,48472
ZCTA5 48473,77921,48473
ZCTA5 48475,61719,48475
ZCTA5 48476,70000,48476
ZCTA5 48502,50000,48502
ZCTA5 48503,44411,48503
ZCTA5 48504,38719,48504
ZCTA5 48505,33283,48505
ZCTA5 48506,47929,48506
ZCTA5 48507,46554,48507
ZCTA5 48509,64160,48509
ZCTA5 48519,64351,48519
ZCTA5 48529,41333,48529
ZCTA5 48532,61998,48532
ZCTA5 48601,38900,48601
ZCTA5 48602,46984,48602
ZCTA5 48603,66352,48603
ZCTA5 48604,53042,48604
ZCTA5 48607,37973,48607
ZCTA5 48609,78218,48609
ZCTA5 48610,59091,48610
ZCTA5 48611,87963,48611
ZCTA5 48612,55761,48612
ZCTA5 48613,58846,48613
ZCTA5 48614,63393,48614
ZCTA5 48615,70000,48615
ZCTA5 48616,66819,48616
ZCTA5 48617,58321,48617
ZCTA5 48618,61968,48618
ZCTA5 48619,46422,48619
ZCTA5 48620,99231,48620
ZCTA5 48621,51304,48621
ZCTA5 48622,56804,48622
ZCTA5 48623,101250,48623
ZCTA5 48624,55130,48624
ZCTA5 48625,43030,48625
ZCTA5 48626,84360,48626
ZCTA5 48627,-666666666,48627
ZCTA5 48628,93854,48628
ZCTA5 48629,56520,48629
ZCTA5 48630,62019,48630
ZCTA5 48631,74398,48631
ZCTA5 48632,57036,48632
ZCTA5 48633,48261,48633
ZCTA5 48634,87992,48634
ZCTA5 48635,57500,48635
ZCTA5 48636,65870,48636
ZCTA5 48637,65865,48637
ZCTA5 48638,69459,48638
ZCTA5 48640,80574,48640
ZCTA5 48642,77847,48642
ZCTA5 48647,47281,48647
ZCTA5 48649,72609,48649
ZCTA5 48650,61911,48650
ZCTA5 48651,43712,48651
ZCTA5 48652,69766,48652
ZCTA5 48653,65913,48653
ZCTA5 48654,45202,48654
ZCTA5 48655,66115,48655
ZCTA5 48656,47750,48656
ZCTA5 48657,72500,48657
ZCTA5 48658,53750,48658
ZCTA5 48659,58750,48659
ZCTA5 48661,61377,48661
ZCTA5 48662,70321,48662
ZCTA5 48701,62969,48701
ZCTA5 48703,64792,48703
ZCTA5 48705,65104,48705
ZCTA5 48706,62747,48706
ZCTA5 48708,50518,48708
ZCTA5 48710,-666666666,48710
ZCTA5 48720,60250,48720
ZCTA5 48721,60500,48721
ZCTA5 48722,66473,48722
ZCTA5 48723,55779,48723
ZCTA5 48724,34512,48724
ZCTA5 48725,60298,48725
ZCTA5 48726,65087,48726
ZCTA5 48727,64583,48727
ZCTA5 48728,46250,48728
ZCTA5 48729,60776,48729
ZCTA5 48730,49823,48730
ZCTA5 48731,53021,48731
ZCTA5 48732,57903,48732
ZCTA5 48733,60500,48733
ZCTA5 48734,91032,48734
ZCTA5 48735,61364,48735
ZCTA5 48737,38000,48737
ZCTA5 48738,63462,48738
ZCTA5 48739,52802,48739
ZCTA5 48740,54393,48740
ZCTA5 48741,59107,48741
ZCTA5 48742,66477,48742
ZCTA5 48743,-666666666,48743
ZCTA5 48744,67944,48744
ZCTA5 48745,49844,48745
ZCTA5 48746,67276,48746
ZCTA5 48747,81458,48747
ZCTA5 48748,58750,48748
ZCTA5 48749,51544,48749
ZCTA5 48750,45561,48750
ZCTA5 48754,77500,48754
ZCTA5 48755,61964,48755
ZCTA5 48756,46008,48756
ZCTA5 48757,73832,48757
ZCTA5 48759,65222,48759
ZCTA5 48760,54643,48760
ZCTA5 48761,47188,48761
ZCTA5 48762,73421,48762
ZCTA5 48763,59677,48763
ZCTA5 48765,45000,48765
ZCTA5 48766,56583,48766
ZCTA5 48767,77938,48767
ZCTA5 48768,64413,48768
ZCTA5 48770,49957,48770
ZCTA5 48801,58750,48801
ZCTA5 48806,61375,48806
ZCTA5 48807,60825,48807
ZCTA5 48808,78370,48808
ZCTA5 48809,71071,48809
ZCTA5 48811,70625,48811
ZCTA5 48813,80429,48813
ZCTA5 48815,85962,48815
ZCTA5 48816,48978,48816
ZCTA5 48817,55194,48817
ZCTA5 48818,55924,48818
ZCTA5 48819,110833,48819
ZCTA5 48820,112526,48820
ZCTA5 48821,107440,48821
ZCTA5 48822,91299,48822
ZCTA5 48823,52018,48823
ZCTA5 48824,-666666666,48824
ZCTA5 48825,-666666666,48825
ZCTA5 48827,78257,48827
ZCTA5 48829,63750,48829
ZCTA5 48831,63299,48831
ZCTA5 48832,73393,48832
ZCTA5 48834,53958,48834
ZCTA5 48835,81964,48835
ZCTA5 48836,90592,48836
ZCTA5 48837,96517,48837
ZCTA5 48838,70176,48838
ZCTA5 48840,73408,48840
ZCTA5 48841,60156,48841
ZCTA5 48842,88340,48842
ZCTA5 48843,94577,48843
ZCTA5 48845,86042,48845
ZCTA5 48846,66742,48846
ZCTA5 48847,66264,48847
ZCTA5 48848,94519,48848
ZCTA5 48849,80313,48849
ZCTA5 48850,68047,48850
ZCTA5 48851,65726,48851
ZCTA5 48852,41875,48852
ZCTA5 48853,51607,48853
ZCTA5 48854,94716,48854
ZCTA5 48855,108442,48855
ZCTA5 48856,91413,48856
ZCTA5 48857,75455,48857
ZCTA5 48858,51267,48858
ZCTA5 48859,-666666666,48859
ZCTA5 48860,50600,48860
ZCTA5 48861,89412,48861
ZCTA5 48862,51563,48862
ZCTA5 48864,121103,48864
ZCTA5 48865,70039,48865
ZCTA5 48866,65281,48866
ZCTA5 48867,59825,48867
ZCTA5 48870,34290,48870
ZCTA5 48871,84803,48871
ZCTA5 48872,79333,48872
ZCTA5 48873,86250,48873
ZCTA5 48874,75774,48874
ZCTA5 48875,94216,48875
ZCTA5 48876,74594,48876
ZCTA5 48877,64653,48877
ZCTA5 48878,57656,48878
ZCTA5 48879,79129,48879
ZCTA5 48880,59922,48880
ZCTA5 48881,78607,48881
ZCTA5 48883,65223,48883
ZCTA5 48884,62750,48884
ZCTA5 48885,71389,48885
ZCTA5 48886,61667,48886
ZCTA5 48888,57500,48888
ZCTA5 48889,60200,48889
ZCTA5 48890,79444,48890
ZCTA5 48891,51429,48891
ZCTA5 48892,89125,48892
ZCTA5 48893,73108,48893
ZCTA5 48894,101923,48894
ZCTA5 48895,93418,48895
ZCTA5 48896,136136,48896
ZCTA5 48897,69531,48897
ZCTA5 48906,64315,48906
ZCTA5 48910,54712,48910
ZCTA5 48911,56631,48911
ZCTA5 48912,54429,48912
ZCTA5 48915,54465,48915
ZCTA5 48917,70990,48917
ZCTA5 48933,33589,48933
ZCTA5 49001,56432,49001
ZCTA5 49002,73647,49002
ZCTA5 49004,73453,49004
ZCTA5 49006,43639,49006
ZCTA5 49007,39344,49007
ZCTA5 49008,74943,49008
ZCTA5 49009,80930,49009
ZCTA5 49010,74370,49010
ZCTA5 49011,59722,49011
ZCTA5 49012,73125,49012
ZCTA5 49013,55349,49013
ZCTA5 49014,69009,49014
ZCTA5 49015,68821,49015
ZCTA5 49017,60885,49017
ZCTA5 49021,82959,49021
ZCTA5 49022,39499,49022
ZCTA5 49024,91105,49024
ZCTA5 49026,68203,49026
ZCTA5 49027,108333,49027
ZCTA5 49028,60127,49028
ZCTA5 49029,75188,49029
ZCTA5 49030,69167,49030
ZCTA5 49031,66944,49031
ZCTA5 49032,66420,49032
ZCTA5 49033,94750,49033
ZCTA5 49034,73929,49034
ZCTA5 49036,62259,49036
ZCTA5 49037,42690,49037
ZCTA5 49038,62636,49038
ZCTA5 49040,64306,49040
ZCTA5 49042,72910,49042
ZCTA5 49043,36280,49043
ZCTA5 49045,57436,49045
ZCTA5 49046,86054,49046
ZCTA5 49047,62963,49047
ZCTA5 49048,60454,49048
ZCTA5 49050,75089,49050
ZCTA5 49051,74886,49051
ZCTA5 49052,63889,49052
ZCTA5 49053,85909,49053
ZCTA5 49055,62083,49055
ZCTA5 49056,63438,49056
ZCTA5 49057,51345,49057
ZCTA5 49058,68214,49058
ZCTA5 49060,134861,49060
ZCTA5 49061,79229,49061
ZCTA5 49063,-666666666,49063
ZCTA5 49064,68607,49064
ZCTA5 49065,71447,49065
ZCTA5 49066,69236,49066
ZCTA5 49067,74583,49067
ZCTA5 49068,80857,49068
ZCTA5 49070,68750,49070
ZCTA5 49071,108629,49071
ZCTA5 49072,63875,49072
ZCTA5 49073,67604,49073
ZCTA5 49074,33750,49074
ZCTA5 49075,105147,49075
ZCTA5 49076,74440,49076
ZCTA5 49078,77778,49078
ZCTA5 49079,73333,49079
ZCTA5 49080,74864,49080
ZCTA5 49082,74063,49082
ZCTA5 49083,105496,49083
ZCTA5 49084,54375,49084
ZCTA5 49085,104969,49085
ZCTA5 49087,106250,49087
ZCTA5 49088,100208,49088
ZCTA5 49089,69286,49089
ZCTA5 49090,68920,49090
ZCTA5 49091,67333,49091
ZCTA5 49092,64211,49092
ZCTA5 49093,63118,49093
ZCTA5 49094,65404,49094
ZCTA5 49095,83393,49095
ZCTA5 49096,73929,49096
ZCTA5 49097,88208,49097
ZCTA5 49098,59047,49098
ZCTA5 49099,70307,49099
ZCTA5 49101,75048,49101
ZCTA5 49102,63000,49102
ZCTA5 49103,65827,49103
ZCTA5 49104,-666666666,49104
ZCTA5 49106,72500,49106
ZCTA5 49107,66289,49107
ZCTA5 49111,70915,49111
ZCTA5 49112,61785,49112
ZCTA5 49113,59219,49113
ZCTA5 49115,-666666666,49115
ZCTA5 49116,127857,49116
ZCTA5 49117,75114,49117
ZCTA5 49119,56513,49119
ZCTA5 49120,65148,49120
ZCTA5 49125,79766,49125
ZCTA5 49126,76875,49126
ZCTA5 49127,93338,49127
ZCTA5 49128,67398,49128
ZCTA5 49129,106181,49129
ZCTA5 49130,76667,49130
ZCTA5 49201,74484,49201
ZCTA5 49202,42632,49202
ZCTA5 49203,56201,49203
ZCTA5 49220,72500,49220
ZCTA5 49221,65977,49221
ZCTA5 49224,53144,49224
ZCTA5 49227,53587,49227
ZCTA5 49228,82703,49228
ZCTA5 49229,94950,49229
ZCTA5 49230,83458,49230
ZCTA5 49232,56324,49232
ZCTA5 49233,81250,49233
ZCTA5 49234,110313,49234
ZCTA5 49235,64219,49235
ZCTA5 49236,79783,49236
ZCTA5 49237,66956,49237
ZCTA5 49238,75054,49238
ZCTA5 49240,99681,49240
ZCTA5 49241,81742,49241
ZCTA5 49242,61029,49242
ZCTA5 49245,62206,49245
ZCTA5 49246,81908,49246
ZCTA5 49247,59787,49247
ZCTA5 49248,81250,49248
ZCTA5 49249,82407,49249
ZCTA5 49250,65744,49250
ZCTA5 49251,85253,49251
ZCTA5 49252,55762,49252
ZCTA5 49253,89069,49253
ZCTA5 49254,63750,49254
ZCTA5 49255,51346,49255
ZCTA5 49256,62880,49256
ZCTA5 49258,-666666666,49258
ZCTA5 49259,66500,49259
ZCTA5 49261,91875,49261
ZCTA5 49262,54423,49262
ZCTA5 49263,-666666666,49263
ZCTA5 49264,92188,49264
ZCTA5 49265,77931,49265
ZCTA5 49266,66173,49266
ZCTA5 49267,97961,49267
ZCTA5 49268,80833,49268
ZCTA5 49269,86699,49269
ZCTA5 49270,94840,49270
ZCTA5 49271,56389,49271
ZCTA5 49272,84107,49272
ZCTA5 49274,58087,49274
ZCTA5 49276,73750,49276
ZCTA5 49277,91912,49277
ZCTA5 49279,71364,49279
ZCTA5 49282,34911,49282
ZCTA5 49283,108464,49283
ZCTA5 49284,57500,49284
ZCTA5 49285,73375,49285
ZCTA5 49286,72429,49286
ZCTA5 49287,88068,49287
ZCTA5 49288,66833,49288
ZCTA5 49289,-666666666,49289
ZCTA5 49301,183125,49301
ZCTA5 49302,134722,49302
ZCTA5 49303,78917,49303
ZCTA5 49304,45991,49304
ZCTA5 49305,51875,49305
ZCTA5 49306,115039,49306
ZCTA5 49307,60358,49307
ZCTA5 49309,42566,49309
ZCTA5 49310,64420,49310
ZCTA5 49312,40694,49312
ZCTA5 49315,113346,49315
ZCTA5 49316,103238,49316
ZCTA5 49318,81591,49318
ZCTA5 49319,78951,49319
ZCTA5 49320,63929,49320
ZCTA5 49321,77870,49321
ZCTA5 49322,73750,49322
ZCTA5 49323,98745,49323
ZCTA5 49325,90472,49325
ZCTA5 49326,84000,49326
ZCTA5 49327,69697,49327
ZCTA5 49328,94340,49328
ZCTA5 49329,74235,49329
ZCTA5 49330,75794,49330
ZCTA5 49331,91800,49331
ZCTA5 49332,59509,49332
ZCTA5 49333,89214,49333
ZCTA5 49335,116466,49335
ZCTA5 49336,54522,49336
ZCTA5 49337,67526,49337
ZCTA5 49338,69375,49338
ZCTA5 49339,86611,49339
ZCTA5 49340,54417,49340
ZCTA5 49341,113989,49341
ZCTA5 49342,53971,49342
ZCTA5 49343,80408,49343
ZCTA5 49344,84661,49344
ZCTA5 49345,85463,49345
ZCTA5 49346,72975,49346
ZCTA5 49347,91477,49347
ZCTA5 49348,82512,49348
ZCTA5 49349,54028,49349
ZCTA5 49401,74880,49401
ZCTA5 49402,51324,49402
ZCTA5 49403,85000,49403
ZCTA5 49404,86096,49404
ZCTA5 49405,70139,49405
ZCTA5 49406,102500,49406
ZCTA5 49408,73452,49408
ZCTA5 49409,-666666666,49409
ZCTA5 49410,61515,49410
ZCTA5 49411,61857,49411
ZCTA5 49412,66741,49412
ZCTA5 49415,81908,49415
ZCTA5 49417,83405,49417
ZCTA5 49418,84846,49418
ZCTA5 49419,98324,49419
ZCTA5 49420,58841,49420
ZCTA5 49421,53555,49421
ZCTA5 49423,81858,49423
ZCTA5 49424,85478,49424
ZCTA5 49425,62841,49425
ZCTA5 49426,112234,49426
ZCTA5 49428,100225,49428
ZCTA5 49430,-666666666,49430
ZCTA5 49431,66336,49431
ZCTA5 49434,178942,49434
ZCTA5 49435,103432,49435
ZCTA5 49436,67279,49436
ZCTA5 49437,82805,49437
ZCTA5 49440,46808,49440
ZCTA5 49441,67427,49441
ZCTA5 49442,48563,49442
ZCTA5 49443,-666666666,49443
ZCTA5 49444,53054,49444
ZCTA5 49445,84877,49445
ZCTA5 49446,65217,49446
ZCTA5 49448,86458,49448
ZCTA5 49449,80917,49449
ZCTA5 49450,50102,49450
ZCTA5 49451,71563,49451
ZCTA5 49452,55441,49452
ZCTA5 49453,110139,49453
ZCTA5 49454,61280,49454
ZCTA5 49455,63621,49455
ZCTA5 49456,92672,49456
ZCTA5 49457,78225,49457
ZCTA5 49458,113077,49458
ZCTA5 49459,55806,49459
ZCTA5 49460,101966,49460
ZCTA5 49461,83363,49461
ZCTA5 49464,98319,49464
ZCTA5 49503,64661,49503
ZCTA5 49504,70119,49504
ZCTA5 49505,74906,49505
ZCTA5 49506,118131,49506
ZCTA5 49507,61461,49507
ZCTA5 49508,70120,49508
ZCTA5 49509,65132,49509
ZCTA5 49512,71329,49512
ZCTA5 49519,73762,49519
ZCTA5 49525,94037,49525
ZCTA5 49534,81657,49534
ZCTA5 49544,74390,49544
ZCTA5 49546,99343,49546
ZCTA5 49548,61636,49548
ZCTA5 49601,63498,49601
ZCTA5 49611,101304,49611
ZCTA5 49612,85156,49612
ZCTA5 49613,77955,49613
ZCTA5 49614,72250,49614
ZCTA5 49615,79469,49615
ZCTA5 49616,57982,49616
ZCTA5 49617,74207,49617
ZCTA5 49618,53654,49618
ZCTA5 49619,62574,49619
ZCTA5 49620,75192,49620
ZCTA5 49621,95446,49621
ZCTA5 49622,70098,49622
ZCTA5 49623,60147,49623
ZCTA5 49625,52583,49625
ZCTA5 49626,50208,49626
ZCTA5 49627,56196,49627
ZCTA5 49628,114375,49628
ZCTA5 49629,65302,49629
ZCTA5 49630,106375,49630
ZCTA5 49631,47174,49631
ZCTA5 49632,46696,49632
ZCTA5 49633,73681,49633
ZCTA5 49634,47083,49634
ZCTA5 49635,72422,49635
ZCTA5 49636,119688,49636
ZCTA5 49637,75000,49637
ZCTA5 49638,45625,49638
ZCTA5 49639,64388,49639
ZCTA5 49640,83214,49640
ZCTA5 49642,26950,49642
ZCTA5 49643,81222,49643
ZCTA5 49644,54013,49644
ZCTA5 49645,56300,49645
ZCTA5 49646,64863,49646
ZCTA5 49648,93272,49648
ZCTA5 49649,74656,49649
ZCTA5 49650,87500,49650
ZCTA5 49651,66406,49651
ZCTA5 49653,85787,49653
ZCTA5 49654,136563,49654
ZCTA5 49655,65556,49655
ZCTA5 49656,56656,49656
ZCTA5 49657,76250,49657
ZCTA5 49659,62308,49659
ZCTA5 49660,65205,49660
ZCTA5 49663,55733,49663
ZCTA5 49664,77500,49664
ZCTA5 49665,54265,49665
ZCTA5 49667,45500,49667
ZCTA5 49668,57583,49668
ZCTA5 49670,116133,49670
ZCTA5 49674,124803,49674
ZCTA5 49675,64844,49675
ZCTA5 49676,75781,49676
ZCTA5 49677,59112,49677
ZCTA5 49679,62120,49679
ZCTA5 49680,77216,49680
ZCTA5 49682,97813,49682
ZCTA5 49683,61250,49683
ZCTA5 49684,80788,49684
ZCTA5 49685,84590,49685
ZCTA5 49686,71609,49686
ZCTA5 49688,63875,49688
ZCTA5 49689,64070,49689
ZCTA5 49690,108712,49690
ZCTA5 49696,94803,49696
ZCTA5 49701,44583,49701
ZCTA5 49705,77500,49705
ZCTA5 49706,76906,49706
ZCTA5 49707,51396,49707
ZCTA5 49709,51154,49709
ZCTA5 49710,77656,49710
ZCTA5 49712,74033,49712
ZCTA5 49713,82563,49713
ZCTA5 49715,63494,49715
ZCTA5 49716,100179,49716
ZCTA5 49717,-666666666,49717
ZCTA5 49718,48750,49718
ZCTA5 49719,75156,49719
ZCTA5 49720,77603,49720
ZCTA5 49721,61174,49721
ZCTA5 49722,87721,49722
ZCTA5 49724,82321,49724
ZCTA5 49725,55139,49725
ZCTA5 49726,67232,49726
ZCTA5 49727,70865,49727
ZCTA5 49728,60909,49728
ZCTA5 49729,77870,49729
ZCTA5 49730,79679,49730
ZCTA5 49733,66318,49733
ZCTA5 49735,70819,49735
ZCTA5 49736,49688,49736
ZCTA5 49738,59708,49738
ZCTA5 49740,89250,49740
ZCTA5 49743,52969,49743
ZCTA5 49744,77500,49744
ZCTA5 49745,44063,49745
ZCTA5 49746,47432,49746
ZCTA5 49747,73233,49747
ZCTA5 49748,56250,49748
ZCTA5 49749,65608,49749
ZCTA5 49751,62008,49751
ZCTA5 49752,62460,49752
ZCTA5 49753,57292,49753
ZCTA5 49755,65789,49755
ZCTA5 49756,53333,49756
ZCTA5 49757,95000,49757
ZCTA5 49759,56944,49759
ZCTA5 49760,58958,49760
ZCTA5 49762,57692,49762
ZCTA5 49764,-666666666,49764
ZCTA5 49765,57404,49765
ZCTA5 49766,61346,49766
ZCTA5 49768,73750,49768
ZCTA5 49769,67558,49769
ZCTA5 49770,79590,49770
ZCTA5 49774,84900,49774
ZCTA5 49775,132500,49775
ZCTA5 49776,59000,49776
ZCTA5 49777,85781,49777
ZCTA5 49779,53465,49779
ZCTA5 49780,69375,49780
ZCTA5 49781,64152,49781
ZCTA5 49782,75938,49782
ZCTA5 49783,60658,49783
ZCTA5 49784,-666666666,49784
ZCTA5 49788,57524,49788
ZCTA5 49791,59750,49791
ZCTA5 49793,39167,49793
ZCTA5 49795,57019,49795
ZCTA5 49796,87434,49796
ZCTA5 49799,58235,49799
ZCTA5 49801,67337,49801
ZCTA5 49802,62209,49802
ZCTA5 49805,43819,49805
ZCTA5 49806,85625,49806
ZCTA5 49807,75329,49807
ZCTA5 49808,52438,49808
ZCTA5 49812,51250,49812
ZCTA5 49814,77356,49814
ZCTA5 49815,63854,49815
ZCTA5 49816,70750,49816
ZCTA5 49817,63984,49817
ZCTA5 49818,61528,49818
ZCTA5 49820,-666666666,49820
ZCTA5 49821,58750,49821
ZCTA5 49822,58214,49822
ZCTA5 49825,77250,49825
ZCTA5 49826,61107,49826
ZCTA5 49827,46827,49827
ZCTA5 49829,50277,49829
ZCTA5 49831,66750,49831
ZCTA5 49833,73571,49833
ZCTA5 49834,65000,49834
ZCTA5 49835,51429,49835
ZCTA5 49836,85500,49836
ZCTA5 49837,64306,49837
ZCTA5 49838,40000,49838
ZCTA5 49839,47292,49839
ZCTA5 49840,61250,49840
ZCTA5 49841,60568,49841
ZCTA5 49847,66250,49847
ZCTA5 49848,38750,49848
ZCTA5 49849,67518,49849
ZCTA5 49852,83438,49852
ZCTA5 49853,54563,49853
ZCTA5 49854,55944,49854
ZCTA5 49855,62083,49855
ZCTA5 49858,53186,49858
ZCTA5 49861,61875,49861
ZCTA5 49862,61340,49862
ZCTA5 49863,32961,49863
ZCTA5 49864,103750,49864
ZCTA5 49866,85019,49866
ZCTA5 49868,55074,49868
ZCTA5 49870,75179,49870
ZCTA5 49871,63125,49871
ZCTA5 49872,53281,49872
ZCTA5 49873,49375,49873
ZCTA5 49874,62500,49874
ZCTA5 49876,39853,49876
ZCTA5 49877,81458,49877
ZCTA5 49878,71136,49878
ZCTA5 49879,49471,49879
ZCTA5 49880,64013,49880
ZCTA5 49881,85625,49881
ZCTA5 49883,53289,49883
ZCTA5 49884,60063,49884
ZCTA5 49885,81172,49885
ZCTA5 49886,77500,49886
ZCTA5 49887,58375,49887
ZCTA5 49891,46063,49891
ZCTA5 49892,74926,49892
ZCTA5 49893,63125,49893
ZCTA5 49894,93828,49894
ZCTA5 49895,47115,49895
ZCTA5 49896,56167,49896
ZCTA5 49901,47639,49901
ZCTA5 49902,39115,49902
ZCTA5 49903,41818,49903
ZCTA5 49905,77617,49905
ZCTA5 49908,63281,49908
ZCTA5 49910,39583,49910
ZCTA5 49911,57000,49911
ZCTA5 49912,57148,49912
ZCTA5 49913,53571,49913
ZCTA5 49915,35000,49915
ZCTA5 49916,74625,49916
ZCTA5 49917,52917,49917
ZCTA5 49918,67188,49918
ZCTA5 49919,49423,49919
ZCTA5 49920,63605,49920
ZCTA5 49921,-666666666,49921
ZCTA5 49922,55313,49922
ZCTA5 49925,56250,49925
ZCTA5 49927,47500,49927
ZCTA5 49929,42708,49929
ZCTA5 49930,72314,49930
ZCTA5 49931,50408,49931
ZCTA5 49934,47386,49934
ZCTA5 49935,57236,49935
ZCTA5 49938,46606,49938
ZCTA5 49942,54722,49942
ZCTA5 49945,59453,49945
ZCTA5 49946,55341,49946
ZCTA5 49947,48750,49947
ZCTA5 49948,73063,49948
ZCTA5 49950,53250,49950
ZCTA5 49952,79583,49952
ZCTA5 49953,59375,49953
ZCTA5 49955,64402,49955
ZCTA5 49958,40893,49958
ZCTA5 49959,47500,49959
ZCTA5 49960,44018,49960
ZCTA5 49961,53750,49961
ZCTA5 49962,62000,49962
ZCTA5 49963,58958,49963
ZCTA5 49965,78295,49965
ZCTA5 49967,43750,49967
ZCTA5 49968,55759,49968
ZCTA5 49969,67188,49969
ZCTA5 49970,60536,49970
ZCTA5 49971,39861,49971
ZCTA5 50001,131875,50001
ZCTA5 50002,79071,50002
ZCTA5 50003,103114,50003
ZCTA5 50005,76696,50005
ZCTA5 50006,69783,50006
ZCTA5 50007,120417,50007
ZCTA5 50008,75417,50008
ZCTA5 50009,88447,50009
ZCTA5 50010,65398,50010
ZCTA5 50012,-666666666,50012
ZCTA5 50013,-666666666,50013
ZCTA5 50014,60731,50014
ZCTA5 50020,75417,50020
ZCTA5 50021,99572,50021
ZCTA5 50022,63125,50022
ZCTA5 50023,117826,50023
ZCTA5 50025,52438,50025
ZCTA5 50026,68750,50026
ZCTA5 50027,52976,50027
ZCTA5 50028,72022,50028
ZCTA5 50029,57125,50029
ZCTA5 50031,73750,50031
ZCTA5 50032,-666666666,50032
ZCTA5 50033,56250,50033
ZCTA5 50034,76250,50034
ZCTA5 50035,134906,50035
ZCTA5 50036,79255,50036
ZCTA5 50038,82188,50038
ZCTA5 50039,86250,50039
ZCTA5 50040,49375,50040
ZCTA5 50041,-666666666,50041
ZCTA5 50042,92500,50042
ZCTA5 50044,75417,50044
ZCTA5 50046,81500,50046
ZCTA5 50047,106389,50047
ZCTA5 50048,54688,50048
ZCTA5 50049,61190,50049
ZCTA5 50050,64432,50050
ZCTA5 50051,60000,50051
ZCTA5 50052,93125,50052
ZCTA5 50054,89940,50054
ZCTA5 50055,85278,50055
ZCTA5 50056,73333,50056
ZCTA5 50057,118882,50057
ZCTA5 50058,80119,50058
ZCTA5 50060,63438,50060
ZCTA5 50061,130714,50061
ZCTA5 50062,51146,50062
ZCTA5 50063,109722,50063
ZCTA5 50064,96635,50064
ZCTA5 50065,49423,50065
ZCTA5 50066,66406,50066
ZCTA5 50067,43750,50067
ZCTA5 50068,36500,50068
ZCTA5 50069,98056,50069
ZCTA5 50070,92083,50070
ZCTA5 50071,83036,50071
ZCTA5 50072,111250,50072
ZCTA5 50073,100972,50073
ZCTA5 50074,121094,50074
ZCTA5 50075,81250,50075
ZCTA5 50076,55313,50076
ZCTA5 50078,52500,50078
ZCTA5 50101,173542,50101
ZCTA5 50102,-666666666,50102
ZCTA5 50103,64063,50103
ZCTA5 50104,55625,50104
ZCTA5 50105,130083,50105
ZCTA5 50106,101193,50106
ZCTA5 50107,69022,50107
ZCTA5 50108,38125,50108
ZCTA5 50109,118669,50109
ZCTA5 50110,57250,50110
ZCTA5 50111,120769,50111
ZCTA5 50112,67078,50112
ZCTA5 50115,73848,50115
ZCTA5 50116,47143,50116
ZCTA5 50117,104167,50117
ZCTA5 50118,73750,50118
ZCTA5 50119,59750,50119
ZCTA5 50120,142662,50120
ZCTA5 50122,81739,50122
ZCTA5 50123,62500,50123
ZCTA5 50124,114904,50124
ZCTA5 50125,84848,50125
ZCTA5 50126,55185,50126
ZCTA5 50127,-666666666,50127
ZCTA5 50128,61250,50128
ZCTA5 50129,60671,50129
ZCTA5 50130,78594,50130
ZCTA5 50131,106551,50131
ZCTA5 50132,83056,50132
ZCTA5 50133,58375,50133
ZCTA5 50134,111250,50134
ZCTA5 50135,65250,50135
ZCTA5 50136,75625,50136
ZCTA5 50137,-666666666,50137
ZCTA5 50138,74693,50138
ZCTA5 50139,72400,50139
ZCTA5 50140,57443,50140
ZCTA5 50141,77500,50141
ZCTA5 50142,76250,50142
ZCTA5 50143,86023,50143
ZCTA5 50144,63333,50144
ZCTA5 50145,50962,50145
ZCTA5 50146,109261,50146
ZCTA5 50147,38281,50147
ZCTA5 50148,84083,50148
ZCTA5 50149,59167,50149
ZCTA5 50150,63516,50150
ZCTA5 50151,91061,50151
ZCTA5 50152,93750,50152
ZCTA5 50153,73798,50153
ZCTA5 50154,69219,50154
ZCTA5 50155,33125,50155
ZCTA5 50156,98054,50156
ZCTA5 50157,115000,50157
ZCTA5 50158,70367,50158
ZCTA5 50160,57500,50160
ZCTA5 50161,98519,50161
ZCTA5 50162,71417,50162
ZCTA5 50163,73618,50163
ZCTA5 50164,80188,50164
ZCTA5 50165,89375,50165
ZCTA5 50166,107279,50166
ZCTA5 50167,70167,50167
ZCTA5 50168,113750,50168
ZCTA5 50169,83938,50169
ZCTA5 50170,88704,50170
ZCTA5 50171,65000,50171
ZCTA5 50173,96250,50173
ZCTA5 50174,67250,50174
ZCTA5 50201,81027,50201
ZCTA5 50206,79306,50206
ZCTA5 50207,76053,50207
ZCTA5 50208,62306,50208
ZCTA5 50210,87813,50210
ZCTA5 50211,103712,50211
ZCTA5 50212,81838,50212
ZCTA5 50213,73026,50213
ZCTA5 50214,-666666666,50214
ZCTA5 50216,79635,50216
ZCTA5 50217,66771,50217
ZCTA5 50218,82969,50218
ZCTA5 50219,86807,50219
ZCTA5 50220,71671,50220
ZCTA5 50222,100568,50222
ZCTA5 50223,47222,50223
ZCTA5 50225,69923,50225
ZCTA5 50226,153011,50226
ZCTA5 50227,38611,50227
ZCTA5 50228,90833,50228
ZCTA5 50229,123164,50229
ZCTA5 50230,87778,50230
ZCTA5 50231,72321,50231
ZCTA5 50232,87667,50232
ZCTA5 50233,78984,50233
ZCTA5 50234,78750,50234
ZCTA5 50235,89583,50235
ZCTA5 50236,85046,50236
ZCTA5 50237,101806,50237
ZCTA5 50238,59625,50238
ZCTA5 50239,151250,50239
ZCTA5 50240,107563,50240
ZCTA5 50241,77500,50241
ZCTA5 50242,67104,50242
ZCTA5 50243,80938,50243
ZCTA5 50244,120313,50244
ZCTA5 50246,61324,50246
ZCTA5 50247,91875,50247
ZCTA5 50248,100864,50248
ZCTA5 50249,60761,50249
ZCTA5 50250,71083,50250
ZCTA5 50251,91061,50251
ZCTA5 50252,112292,50252
ZCTA5 50254,64211,50254
ZCTA5 50255,39722,50255
ZCTA5 50256,83438,50256
ZCTA5 50257,94375,50257
ZCTA5 50258,83988,50258
ZCTA5 50261,155278,50261
ZCTA5 50262,81875,50262
ZCTA5 50263,102762,50263
ZCTA5 50264,64545,50264
ZCTA5 50265,85915,50265
ZCTA5 50266,87025,50266
ZCTA5 50268,59118,50268
ZCTA5 50269,92813,50269
ZCTA5 50271,82656,50271
ZCTA5 50272,45000,50272
ZCTA5 50273,82633,50273
ZCTA5 50274,71667,50274
ZCTA5 50275,72232,50275
ZCTA5 50276,91827,50276
ZCTA5 50277,90625,50277
ZCTA5 50278,74306,50278
ZCTA5 50309,56777,50309
ZCTA5 50310,76381,50310
ZCTA5 50311,61957,50311
ZCTA5 50312,92242,50312
ZCTA5 50313,68361,50313
ZCTA5 50314,39950,50314
ZCTA5 50315,60590,50315
ZCTA5 50316,56090,50316
ZCTA5 50317,65617,50317
ZCTA5 50319,-666666666,50319
ZCTA5 50320,85105,50320
ZCTA5 50321,80351,50321
ZCTA5 50322,92085,50322
ZCTA5 50323,175944,50323
ZCTA5 50324,91707,50324
ZCTA5 50325,132121,50325
ZCTA5 50327,98333,50327
ZCTA5 50401,66072,50401
ZCTA5 50420,76250,50420
ZCTA5 50421,64438,50421
ZCTA5 50423,73151,50423
ZCTA5 50424,59091,50424
ZCTA5 50426,74107,50426
ZCTA5 50427,73091,50427
ZCTA5 50428,81037,50428
ZCTA5 50430,59265,50430
ZCTA5 50431,62917,50431
ZCTA5 50432,66875,50432
ZCTA5 50433,69167,50433
ZCTA5 50434,-666666666,50434
ZCTA5 50435,71156,50435
ZCTA5 50436,74940,50436
ZCTA5 50438,70350,50438
ZCTA5 50439,94167,50439
ZCTA5 50440,76429,50440
ZCTA5 50441,49910,50441
ZCTA5 50444,78214,50444
ZCTA5 50446,107000,50446
ZCTA5 50447,76019,50447
ZCTA5 50448,62059,50448
ZCTA5 50449,59524,50449
ZCTA5 50450,76125,50450
ZCTA5 50451,53750,50451
ZCTA5 50452,66250,50452
ZCTA5 50453,77868,50453
ZCTA5 50454,63864,50454
ZCTA5 50455,42054,50455
ZCTA5 50456,81339,50456
ZCTA5 50457,47250,50457
ZCTA5 50458,99643,50458
ZCTA5 50459,71618,50459
ZCTA5 50460,77083,50460
ZCTA5 50461,68886,50461
ZCTA5 50464,91750,50464
ZCTA5 50465,42386,50465
ZCTA5 50466,56728,50466
ZCTA5 50467,63750,50467
ZCTA5 50468,73403,50468
ZCTA5 50469,71250,50469
ZCTA5 50470,72542,50470
ZCTA5 50471,93542,50471
ZCTA5 50472,93482,50472
ZCTA5 50473,50227,50473
ZCTA5 50475,70938,50475
ZCTA5 50476,62188,50476
ZCTA5 50477,52321,50477
ZCTA5 50478,48750,50478
ZCTA5 50479,68750,50479
ZCTA5 50480,73333,50480
ZCTA5 50482,98289,50482
ZCTA5 50483,88929,50483
ZCTA5 50484,65583,50484
ZCTA5 50501,66888,50501
ZCTA5 50510,76397,50510
ZCTA5 50511,66642,50511
ZCTA5 50514,73000,50514
ZCTA5 50515,63333,50515
ZCTA5 50516,69500,50516
ZCTA5 50517,61875,50517
ZCTA5 50518,97857,50518
ZCTA5 50519,72083,50519
ZCTA5 50520,73750,50520
ZCTA5 50521,-666666666,50521
ZCTA5 50522,67813,50522
ZCTA5 50523,85781,50523
ZCTA5 50524,104375,50524
ZCTA5 50525,67250,50525
ZCTA5 50527,-666666666,50527
ZCTA5 50528,116429,50528
ZCTA5 50529,60417,50529
ZCTA5 50530,73250,50530
ZCTA5 50531,93036,50531
ZCTA5 50532,65000,50532
ZCTA5 50533,65595,50533
ZCTA5 50535,91995,50535
ZCTA5 50536,59261,50536
ZCTA5 50538,62344,50538
ZCTA5 50539,65417,50539
ZCTA5 50540,73438,50540
ZCTA5 50541,56364,50541
ZCTA5 50542,55000,50542
ZCTA5 50543,91563,50543
ZCTA5 50544,59620,50544
ZCTA5 50545,31429,50545
ZCTA5 50546,64583,50546
ZCTA5 50548,76214,50548
ZCTA5 50551,-666666666,50551
ZCTA5 50552,89000,50552
ZCTA5 50554,63802,50554
ZCTA5 50556,36607,50556
ZCTA5 50557,62750,50557
ZCTA5 50558,68750,50558
ZCTA5 50559,50000,50559
ZCTA5 50560,66042,50560
ZCTA5 50561,67446,50561
ZCTA5 50562,72500,50562
ZCTA5 50563,71094,50563
ZCTA5 50565,51875,50565
ZCTA5 50566,78750,50566
ZCTA5 50567,78125,50567
ZCTA5 50568,75250,50568
ZCTA5 50569,44375,50569
ZCTA5 50570,67813,50570
ZCTA5 50571,59583,50571
ZCTA5 50573,48542,50573
ZCTA5 50574,60469,50574
ZCTA5 50575,52717,50575
ZCTA5 50576,67500,50576
ZCTA5 50577,57500,50577
ZCTA5 50578,71645,50578
ZCTA5 50579,61108,50579
ZCTA5 50581,57500,50581
ZCTA5 50582,87125,50582
ZCTA5 50583,62981,50583
ZCTA5 50585,71346,50585
ZCTA5 50586,55375,50586
ZCTA5 50588,70906,50588
ZCTA5 50590,57639,50590
ZCTA5 50591,75000,50591
ZCTA5 50592,100076,50592
ZCTA5 50593,50625,50593
ZCTA5 50594,67000,50594
ZCTA5 50595,69167,50595
ZCTA5 50597,92000,50597
ZCTA5 50598,78558,50598
ZCTA5 50599,102679,50599
ZCTA5 50601,66250,50601
ZCTA5 50602,67188,50602
ZCTA5 50603,74271,50603
ZCTA5 50604,66776,50604
ZCTA5 50605,23125,50605
ZCTA5 50606,61346,50606
ZCTA5 50607,54583,50607
ZCTA5 50608,-666666666,50608
ZCTA5 50609,90250,50609
ZCTA5 50611,84250,50611
ZCTA5 50612,99602,50612
ZCTA5 50613,78503,50613
ZCTA5 50616,64830,50616
ZCTA5 50619,84076,50619
ZCTA5 50620,-666666666,50620
ZCTA5 50621,88077,50621
ZCTA5 50622,95089,50622
ZCTA5 50623,93750,50623
ZCTA5 50624,96713,50624
ZCTA5 50625,64250,50625
ZCTA5 50626,84306,50626
ZCTA5 50627,74536,50627
ZCTA5 50628,68750,50628
ZCTA5 50629,103106,50629
ZCTA5 50630,71518,50630
ZCTA5 50631,58750,50631
ZCTA5 50632,71667,50632
ZCTA5 50633,71775,50633
ZCTA5 50634,79583,50634
ZCTA5 50635,81125,50635
ZCTA5 50636,70066,50636
ZCTA5 50638,85223,50638
ZCTA5 50641,67115,50641
ZCTA5 50642,108750,50642
ZCTA5 50643,125804,50643
ZCTA5 50644,80026,50644
ZCTA5 50645,64408,50645
ZCTA5 50647,104063,50647
ZCTA5 50648,95353,50648
ZCTA5 50649,-666666666,50649
ZCTA5 50650,57500,50650
ZCTA5 50651,88333,50651
ZCTA5 50652,65000,50652
ZCTA5 50653,79250,50653
ZCTA5 50654,53264,50654
ZCTA5 50655,58750,50655
ZCTA5 50657,66250,50657
ZCTA5 50658,71936,50658
ZCTA5 50659,78153,50659
ZCTA5 50660,95969,50660
ZCTA5 50662,48646,50662
ZCTA5 50664,51741,50664
ZCTA5 50665,75521,50665
ZCTA5 50666,79867,50666
ZCTA5 50667,76711,50667
ZCTA5 50668,85956,50668
ZCTA5 50669,81650,50669
ZCTA5 50670,84679,50670
ZCTA5 50671,57212,50671
ZCTA5 50672,73333,50672
ZCTA5 50673,66875,50673
ZCTA5 50674,72794,50674
ZCTA5 50675,75938,50675
ZCTA5 50676,87115,50676
ZCTA5 50677,85633,50677
ZCTA5 50680,75956,50680
ZCTA5 50681,73333,50681
ZCTA5 50682,89375,50682
ZCTA5 50701,61475,50701
ZCTA5 50702,62021,50702
ZCTA5 50703,50060,50703
ZCTA5 50707,63441,50707
ZCTA5 50801,58015,50801
ZCTA5 50830,61094,50830
ZCTA5 50831,95625,50831
ZCTA5 50833,61042,50833
ZCTA5 50835,58125,50835
ZCTA5 50836,81500,50836
ZCTA5 50837,63000,50837
ZCTA5 50839,48750,50839
ZCTA5 50840,63125,50840
ZCTA5 50841,66875,50841
ZCTA5 50842,59583,50842
ZCTA5 50843,56125,50843
ZCTA5 50845,66563,50845
ZCTA5 50846,74200,50846
ZCTA5 50847,68125,50847
ZCTA5 50848,68250,50848
ZCTA5 50849,64821,50849
ZCTA5 50851,70926,50851
ZCTA5 50853,65208,50853
ZCTA5 50854,81250,50854
ZCTA5 50857,63500,50857
ZCTA5 50858,71250,50858
ZCTA5 50859,76875,50859
ZCTA5 50860,45250,50860
ZCTA5 50861,63125,50861
ZCTA5 50862,61953,50862
ZCTA5 50863,66125,50863
ZCTA5 50864,69861,50864
ZCTA5 51001,75404,51001
ZCTA5 51002,70625,51002
ZCTA5 51003,101250,51003
ZCTA5 51004,43882,51004
ZCTA5 51005,75938,51005
ZCTA5 51006,75625,51006
ZCTA5 51007,117125,51007
ZCTA5 51008,45000,51008
ZCTA5 51009,58750,51009
ZCTA5 51010,89063,51010
ZCTA5 51011,44375,51011
ZCTA5 51012,69531,51012
ZCTA5 51014,69688,51014
ZCTA5 51015,87500,51015
ZCTA5 51016,51875,51016
ZCTA5 51018,60833,51018
ZCTA5 51019,75000,51019
ZCTA5 51020,80066,51020
ZCTA5 51022,96505,51022
ZCTA5 51023,80357,51023
ZCTA5 51024,114219,51024
ZCTA5 51025,65543,51025
ZCTA5 51026,80500,51026
ZCTA5 51027,100893,51027
ZCTA5 51028,78000,51028
ZCTA5 51029,86042,51029
ZCTA5 51030,86167,51030
ZCTA5 51031,76525,51031
ZCTA5 51033,60625,51033
ZCTA5 51034,66375,51034
ZCTA5 51035,79338,51035
ZCTA5 51036,122841,51036
ZCTA5 51037,58958,51037
ZCTA5 51038,95893,51038
ZCTA5 51039,110000,51039
ZCTA5 51040,71179,51040
ZCTA5 51041,83643,51041
ZCTA5 51044,90417,51044
ZCTA5 51045,113750,51045
ZCTA5 51046,84125,51046
ZCTA5 51047,101000,51047
ZCTA5 51048,83158,51048
ZCTA5 51049,57120,51049
ZCTA5 51050,92500,51050
ZCTA5 51051,51563,51051
ZCTA5 51052,108750,51052
ZCTA5 51053,72534,51053
ZCTA5 51054,119716,51054
ZCTA5 51055,72143,51055
ZCTA5 51056,103313,51056
ZCTA5 51058,63036,51058
ZCTA5 51060,52500,51060
ZCTA5 51061,49375,51061
ZCTA5 51062,-666666666,51062
ZCTA5 51063,80750,51063
ZCTA5 51101,15300,51101
ZCTA5 51103,58197,51103
ZCTA5 51104,75362,51104
ZCTA5 51105,51786,51105
ZCTA5 51106,78434,51106
ZCTA5 51108,81205,51108
ZCTA5 51109,79034,51109
ZCTA5 51111,-666666666,51111
ZCTA5 51201,68799,51201
ZCTA5 51230,75625,51230
ZCTA5 51231,108058,51231
ZCTA5 51232,82917,51232
ZCTA5 51234,84318,51234
ZCTA5 51235,71016,51235
ZCTA5 51237,61667,51237
ZCTA5 51238,74000,51238
ZCTA5 51239,77540,51239
ZCTA5 51240,83929,51240
ZCTA5 51241,87446,51241
ZCTA5 51242,95625,51242
ZCTA5 51243,83750,51243
ZCTA5 51244,83365,51244
ZCTA5 51245,69531,51245
ZCTA5 51246,72400,51246
ZCTA5 51247,78358,51247
ZCTA5 51248,64375,51248
ZCTA5 51249,61500,51249
ZCTA5 51250,94119,51250
ZCTA5 51301,63402,51301
ZCTA5 51331,89167,51331
ZCTA5 51333,110833,51333
ZCTA5 51334,57482,51334
ZCTA5 51338,57500,51338
ZCTA5 51340,90250,51340
ZCTA5 51341,-666666666,51341
ZCTA5 51342,84866,51342
ZCTA5 51343,60625,51343
ZCTA5 51345,54301,51345
ZCTA5 51346,72426,51346
ZCTA5 51347,82750,51347
ZCTA5 51350,77250,51350
ZCTA5 51351,73824,51351
ZCTA5 51354,72639,51354
ZCTA5 51355,72262,51355
ZCTA5 51357,68333,51357
ZCTA5 51358,64583,51358
ZCTA5 51360,75882,51360
ZCTA5 51363,75625,51363
ZCTA5 51364,66875,51364
ZCTA5 51365,71667,51365
ZCTA5 51366,87500,51366
ZCTA5 51401,70702,51401
ZCTA5 51430,76250,51430
ZCTA5 51431,54258,51431
ZCTA5 51432,61250,51432
ZCTA5 51433,68125,51433
ZCTA5 51436,61926,51436
ZCTA5 51439,52941,51439
ZCTA5 51440,87750,51440
ZCTA5 51441,48750,51441
ZCTA5 51442,66767,51442
ZCTA5 51443,78906,51443
ZCTA5 51444,82750,51444
ZCTA5 51445,64688,51445
ZCTA5 51446,62750,51446
ZCTA5 51447,68214,51447
ZCTA5 51448,76058,51448
ZCTA5 51449,75329,51449
ZCTA5 51450,71875,51450
ZCTA5 51451,43750,51451
ZCTA5 51452,60625,51452
ZCTA5 51453,86563,51453
ZCTA5 51454,100625,51454
ZCTA5 51455,76786,51455
ZCTA5 51458,86250,51458
ZCTA5 51459,63333,51459
ZCTA5 51460,-666666666,51460
ZCTA5 51461,73768,51461
ZCTA5 51462,69286,51462
ZCTA5 51463,78571,51463
ZCTA5 51465,72917,51465
ZCTA5 51466,71579,51466
ZCTA5 51467,81250,51467
ZCTA5 51501,59843,51501
ZCTA5 51503,79010,51503
ZCTA5 51510,85349,51510
ZCTA5 51520,60843,51520
ZCTA5 51521,73769,51521
ZCTA5 51523,82625,51523
ZCTA5 51525,82308,51525
ZCTA5 51526,95179,51526
ZCTA5 51527,64750,51527
ZCTA5 51528,63173,51528
ZCTA5 51529,61599,51529
ZCTA5 51530,73750,51530
ZCTA5 51531,59199,51531
ZCTA5 51532,65375,51532
ZCTA5 51533,68750,51533
ZCTA5 51534,93646,51534
ZCTA5 51535,76371,51535
ZCTA5 51536,101750,51536
ZCTA5 51537,65000,51537
ZCTA5 51540,84375,51540
ZCTA5 51541,91875,51541
ZCTA5 51542,118165,51542
ZCTA5 51543,72083,51543
ZCTA5 51544,48313,51544
ZCTA5 51545,70313,51545
ZCTA5 51546,86910,51546
ZCTA5 51548,114583,51548
ZCTA5 51549,72500,51549
ZCTA5 51550,77500,51550
ZCTA5 51551,85469,51551
ZCTA5 51552,90000,51552
ZCTA5 51553,96932,51553
ZCTA5 51554,102692,51554
ZCTA5 51555,85273,51555
ZCTA5 51556,60556,51556
ZCTA5 51557,76250,51557
ZCTA5 51558,77417,51558
ZCTA5 51559,74761,51559
ZCTA5 51560,75481,51560
ZCTA5 51561,113421,51561
ZCTA5 51562,81250,51562
ZCTA5 51563,69297,51563
ZCTA5 51564,78750,51564
ZCTA5 51565,103257,51565
ZCTA5 51566,56637,51566
ZCTA5 51570,77708,51570
ZCTA5 51571,95250,51571
ZCTA5 51572,69500,51572
ZCTA5 51573,86438,51573
ZCTA5 51575,112115,51575
ZCTA5 51576,110476,51576
ZCTA5 51577,71518,51577
ZCTA5 51578,77292,51578
ZCTA5 51579,72500,51579
ZCTA5 51601,62143,51601
ZCTA5 51630,70000,51630
ZCTA5 51631,54583,51631
ZCTA5 51632,55055,51632
ZCTA5 51636,63516,51636
ZCTA5 51637,72888,51637
ZCTA5 51638,59107,51638
ZCTA5 51639,84688,51639
ZCTA5 51640,65385,51640
ZCTA5 51645,217898,51645
ZCTA5 51646,73625,51646
ZCTA5 51647,23633,51647
ZCTA5 51648,59766,51648
ZCTA5 51649,58333,51649
ZCTA5 51650,49063,51650
ZCTA5 51651,62500,51651
ZCTA5 51652,82200,51652
ZCTA5 51653,71319,51653
ZCTA5 51654,90188,51654
ZCTA5 51656,83750,51656
ZCTA5 52001,61643,52001
ZCTA5 52002,91036,52002
ZCTA5 52003,98908,52003
ZCTA5 52030,66343,52030
ZCTA5 52031,86674,52031
ZCTA5 52032,88500,52032
ZCTA5 52033,69023,52033
ZCTA5 52035,62109,52035
ZCTA5 52036,85208,52036
ZCTA5 52037,90813,52037
ZCTA5 52038,56250,52038
ZCTA5 52039,79345,52039
ZCTA5 52040,84761,52040
ZCTA5 52041,89697,52041
ZCTA5 52042,95833,52042
ZCTA5 52043,76705,52043
ZCTA5 52044,75792,52044
ZCTA5 52045,91667,52045
ZCTA5 52046,96151,52046
ZCTA5 52047,59250,52047
ZCTA5 52048,56477,52048
ZCTA5 52049,61964,52049
ZCTA5 52050,67206,52050
ZCTA5 52052,61528,52052
ZCTA5 52053,83000,52053
ZCTA5 52054,103819,52054
ZCTA5 52056,83750,52056
ZCTA5 52057,69635,52057
ZCTA5 52060,68143,52060
ZCTA5 52064,74583,52064
ZCTA5 52065,99250,52065
ZCTA5 52066,51563,52066
ZCTA5 52068,125901,52068
ZCTA5 52069,75313,52069
ZCTA5 52070,79271,52070
ZCTA5 52071,44141,52071
ZCTA5 52072,62250,52072
ZCTA5 52073,95526,52073
ZCTA5 52074,86250,52074
ZCTA5 52075,53750,52075
ZCTA5 52076,72857,52076
ZCTA5 52077,77188,52077
ZCTA5 52078,97778,52078
ZCTA5 52079,101120,52079
ZCTA5 52101,73484,52101
ZCTA5 52132,100559,52132
ZCTA5 52133,76250,52133
ZCTA5 52134,63125,52134
ZCTA5 52135,88438,52135
ZCTA5 52136,70778,52136
ZCTA5 52140,72188,52140
ZCTA5 52141,64647,52141
ZCTA5 52142,56875,52142
ZCTA5 52144,84609,52144
ZCTA5 52146,61750,52146
ZCTA5 52147,77083,52147
ZCTA5 52151,69938,52151
ZCTA5 52154,58393,52154
ZCTA5 52155,57917,52155
ZCTA5 52156,99554,52156
ZCTA5 52157,52625,52157
ZCTA5 52158,47188,52158
ZCTA5 52159,74259,52159
ZCTA5 52160,85204,52160
ZCTA5 52161,87870,52161
ZCTA5 52162,64125,52162
ZCTA5 52163,78194,52163
ZCTA5 52164,48375,52164
ZCTA5 52165,85227,52165
ZCTA5 52166,110938,52166
ZCTA5 52168,54375,52168
ZCTA5 52169,52321,52169
ZCTA5 52170,72788,52170
ZCTA5 52171,94904,52171
ZCTA5 52172,68875,52172
ZCTA5 52175,59800,52175
ZCTA5 52201,93750,52201
ZCTA5 52202,105362,52202
ZCTA5 52203,101950,52203
ZCTA5 52205,72500,52205
ZCTA5 52206,116071,52206
ZCTA5 52207,59250,52207
ZCTA5 52208,74127,52208
ZCTA5 52209,86094,52209
ZCTA5 52210,70714,52210
ZCTA5 52211,73922,52211
ZCTA5 52212,110461,52212
ZCTA5 52213,98854,52213
ZCTA5 52214,86786,52214
ZCTA5 52215,61932,52215
ZCTA5 52216,67857,52216
ZCTA5 52217,83750,52217
ZCTA5 52218,82344,52218
ZCTA5 52219,45000,52219
ZCTA5 52220,-666666666,52220
ZCTA5 52221,86473,52221
ZCTA5 52222,81964,52222
ZCTA5 52223,89250,52223
ZCTA5 52224,69805,52224
ZCTA5 52225,61944,52225
ZCTA5 52227,120230,52227
ZCTA5 52228,118125,52228
ZCTA5 52229,86500,52229
ZCTA5 52231,90893,52231
ZCTA5 52232,99391,52232
ZCTA5 52233,65575,52233
ZCTA5 52235,83333,52235
ZCTA5 52236,87958,52236
ZCTA5 52237,84063,52237
ZCTA5 52240,52960,52240
ZCTA5 52241,69243,52241
ZCTA5 52242,-666666666,52242
ZCTA5 52245,78020,52245
ZCTA5 52246,62521,52246
ZCTA5 52247,91450,52247
ZCTA5 52248,77174,52248
ZCTA5 52249,75417,52249
ZCTA5 52251,87708,52251
ZCTA5 52252,-666666666,52252
ZCTA5 52253,104821,52253
ZCTA5 52254,64375,52254
ZCTA5 52255,71250,52255
ZCTA5 52257,94464,52257
ZCTA5 52301,70150,52301
ZCTA5 52302,87983,52302
ZCTA5 52305,94452,52305
ZCTA5 52306,61875,52306
ZCTA5 52307,43388,52307
ZCTA5 52308,79688,52308
ZCTA5 52309,56250,52309
ZCTA5 52310,86080,52310
ZCTA5 52312,37188,52312
ZCTA5 52313,91146,52313
ZCTA5 52314,109244,52314
ZCTA5 52315,77656,52315
ZCTA5 52316,60768,52316
ZCTA5 52317,105318,52317
ZCTA5 52318,85625,52318
ZCTA5 52320,62222,52320
ZCTA5 52321,77708,52321
ZCTA5 52322,64444,52322
ZCTA5 52323,41425,52323
ZCTA5 52324,115917,52324
ZCTA5 52325,75714,52325
ZCTA5 52326,76250,52326
ZCTA5 52327,86942,52327
ZCTA5 52328,125347,52328
ZCTA5 52329,57500,52329
ZCTA5 52330,86536,52330
ZCTA5 52332,92708,52332
ZCTA5 52333,118721,52333
ZCTA5 52334,-666666666,52334
ZCTA5 52335,52162,52335
ZCTA5 52336,91458,52336
ZCTA5 52337,66875,52337
ZCTA5 52338,119605,52338
ZCTA5 52339,67612,52339
ZCTA5 52340,98393,52340
ZCTA5 52341,91250,52341
ZCTA5 52342,57813,52342
ZCTA5 52344,-666666666,52344
ZCTA5 52345,115179,52345
ZCTA5 52346,113342,52346
ZCTA5 52347,78482,52347
ZCTA5 52348,72500,52348
ZCTA5 52349,71314,52349
ZCTA5 52351,128750,52351
ZCTA5 52352,92321,52352
ZCTA5 52353,63047,52353
ZCTA5 52354,112969,52354
ZCTA5 52355,63750,52355
ZCTA5 52356,57321,52356
ZCTA5 52358,91686,52358
ZCTA5 52359,67727,52359
ZCTA5 52361,60992,52361
ZCTA5 52362,72583,52362
ZCTA5 52401,35060,52401
ZCTA5 52402,73439,52402
ZCTA5 52403,74703,52403
ZCTA5 52404,61870,52404
ZCTA5 52405,70123,52405
ZCTA5 52411,170491,52411
ZCTA5 52501,63426,52501
ZCTA5 52530,98125,52530
ZCTA5 52531,73896,52531
ZCTA5 52533,62799,52533
ZCTA5 52534,57986,52534
ZCTA5 52535,75000,52535
ZCTA5 52536,75000,52536
ZCTA5 52537,74432,52537
ZCTA5 52540,55000,52540
ZCTA5 52542,65000,52542
ZCTA5 52543,83511,52543
ZCTA5 52544,50572,52544
ZCTA5 52548,75750,52548
ZCTA5 52549,62292,52549
ZCTA5 52550,57745,52550
ZCTA5 52551,52875,52551
ZCTA5 52552,75000,52552
ZCTA5 52553,64583,52553
ZCTA5 52554,55769,52554
ZCTA5 52555,36161,52555
ZCTA5 52556,59243,52556
ZCTA5 52557,-666666666,52557
ZCTA5 52560,116500,52560
ZCTA5 52561,76058,52561
ZCTA5 52562,-666666666,52562
ZCTA5 52563,98438,52563
ZCTA5 52565,62992,52565
ZCTA5 52566,58750,52566
ZCTA5 52567,81985,52567
ZCTA5 52568,44375,52568
ZCTA5 52569,51477,52569
ZCTA5 52570,68750,52570
ZCTA5 52571,81953,52571
ZCTA5 52572,72727,52572
ZCTA5 52573,35179,52573
ZCTA5 52574,46625,52574
ZCTA5 52576,63750,52576
ZCTA5 52577,66084,52577
ZCTA5 52580,53368,52580
ZCTA5 52581,55000,52581
ZCTA5 52583,52083,52583
ZCTA5 52584,71042,52584
ZCTA5 52585,75809,52585
ZCTA5 52586,53125,52586
ZCTA5 52588,13657,52588
ZCTA5 52590,66833,52590
ZCTA5 52591,62404,52591
ZCTA5 52593,66875,52593
ZCTA5 52594,75938,52594
ZCTA5 52595,66667,52595
ZCTA5 52601,60983,52601
ZCTA5 52619,73438,52619
ZCTA5 52620,79327,52620
ZCTA5 52621,87188,52621
ZCTA5 52623,90714,52623
ZCTA5 52624,109861,52624
ZCTA5 52625,80078,52625
ZCTA5 52626,59342,52626
ZCTA5 52627,56401,52627
ZCTA5 52630,55714,52630
ZCTA5 52631,107083,52631
ZCTA5 52632,56653,52632
ZCTA5 52635,76250,52635
ZCTA5 52637,81477,52637
ZCTA5 52638,59167,52638
ZCTA5 52639,68625,52639
ZCTA5 52640,67813,52640
ZCTA5 52641,64512,52641
ZCTA5 52644,77955,52644
ZCTA5 52645,79327,52645
ZCTA5 52646,62500,52646
ZCTA5 52647,49375,52647
ZCTA5 52649,91071,52649
ZCTA5 52650,105255,52650
ZCTA5 52651,36739,52651
ZCTA5 52652,74861,52652
ZCTA5 52653,83525,52653
ZCTA5 52654,84783,52654
ZCTA5 52655,52500,52655
ZCTA5 52656,83750,52656
ZCTA5 52657,72500,52657
ZCTA5 52658,107679,52658
ZCTA5 52659,55125,52659
ZCTA5 52660,-666666666,52660
ZCTA5 52701,-666666666,52701
ZCTA5 52720,73571,52720
ZCTA5 52721,82143,52721
ZCTA5 52722,101546,52722
ZCTA5 52726,104250,52726
ZCTA5 52727,103188,52727
ZCTA5 52728,69239,52728
ZCTA5 52729,87500,52729
ZCTA5 52730,64543,52730
ZCTA5 52731,87727,52731
ZCTA5 52732,61105,52732
ZCTA5 52737,89875,52737
ZCTA5 52738,80385,52738
ZCTA5 52739,74375,52739
ZCTA5 52742,97946,52742
ZCTA5 52745,68750,52745
ZCTA5 52746,107813,52746
ZCTA5 52747,82313,52747
ZCTA5 52748,107869,52748
ZCTA5 52749,103424,52749
ZCTA5 52750,93155,52750
ZCTA5 52751,82143,52751
ZCTA5 52752,49545,52752
ZCTA5 52753,103813,52753
ZCTA5 52754,104250,52754
ZCTA5 52755,102434,52755
ZCTA5 52756,116250,52756
ZCTA5 52757,62500,52757
ZCTA5 52758,63333,52758
ZCTA5 52759,70568,52759
ZCTA5 52760,86397,52760
ZCTA5 52761,62098,52761
ZCTA5 52765,107321,52765
ZCTA5 52766,61865,52766
ZCTA5 52767,-666666666,52767
ZCTA5 52768,112563,52768
ZCTA5 52769,88750,52769
ZCTA5 52771,-666666666,52771
ZCTA5 52772,81267,52772
ZCTA5 52773,85523,52773
ZCTA5 52774,71250,52774
ZCTA5 52776,79665,52776
ZCTA5 52777,60250,52777
ZCTA5 52778,82623,52778
ZCTA5 52801,31204,52801
ZCTA5 52802,54380,52802
ZCTA5 52803,64543,52803
ZCTA5 52804,65849,52804
ZCTA5 52806,74297,52806
ZCTA5 52807,72579,52807
ZCTA5 53001,92294,53001
ZCTA5 53002,117500,53002
ZCTA5 53003,61510,53003
ZCTA5 53004,84821,53004
ZCTA5 53005,126739,53005
ZCTA5 53006,88625,53006
ZCTA5 53007,60000,53007
ZCTA5 53010,95391,53010
ZCTA5 53011,90833,53011
ZCTA5 53012,96090,53012
ZCTA5 53013,84375,53013
ZCTA5 53014,79865,53014
ZCTA5 53015,88810,53015
ZCTA5 53016,70313,53016
ZCTA5 53017,153917,53017
ZCTA5 53018,124595,53018
ZCTA5 53019,84559,53019
ZCTA5 53020,89155,53020
ZCTA5 53021,89779,53021
ZCTA5 53022,100890,53022
ZCTA5 53023,87222,53023
ZCTA5 53024,92390,53024
ZCTA5 53027,91150,53027
ZCTA5 53029,108152,53029
ZCTA5 53031,-666666666,53031
ZCTA5 53032,56085,53032
ZCTA5 53033,136786,53033
ZCTA5 53034,78661,53034
ZCTA5 53035,102449,53035
ZCTA5 53036,92674,53036
ZCTA5 53037,97611,53037
ZCTA5 53038,96127,53038
ZCTA5 53039,79103,53039
ZCTA5 53040,96096,53040
ZCTA5 53042,86389,53042
ZCTA5 53044,131250,53044
ZCTA5 53045,123750,53045
ZCTA5 53046,83889,53046
ZCTA5 53047,47000,53047
ZCTA5 53048,74464,53048
ZCTA5 53049,93424,53049
ZCTA5 53050,71985,53050
ZCTA5 53051,100031,53051
ZCTA5 53057,105909,53057
ZCTA5 53058,104444,53058
ZCTA5 53059,91114,53059
ZCTA5 53061,65898,53061
ZCTA5 53063,100000,53063
ZCTA5 53065,99583,53065
ZCTA5 53066,113114,53066
ZCTA5 53069,130722,53069
ZCTA5 53070,91557,53070
ZCTA5 53072,98538,53072
ZCTA5 53073,76442,53073
ZCTA5 53074,79423,53074
ZCTA5 53075,93750,53075
ZCTA5 53076,107414,53076
ZCTA5 53078,94688,53078
ZCTA5 53079,86667,53079
ZCTA5 53080,80360,53080
ZCTA5 53081,64042,53081
ZCTA5 53083,75203,53083
ZCTA5 53085,73703,53085
ZCTA5 53086,103426,53086
ZCTA5 53088,58125,53088
ZCTA5 53089,120875,53089
ZCTA5 53090,86152,53090
ZCTA5 53091,82750,53091
ZCTA5 53092,128156,53092
ZCTA5 53093,101429,53093
ZCTA5 53094,73443,53094
ZCTA5 53095,80830,53095
ZCTA5 53097,135929,53097
ZCTA5 53098,74431,53098
ZCTA5 53099,-666666666,53099
ZCTA5 53103,137083,53103
ZCTA5 53104,112000,53104
ZCTA5 53105,88770,53105
ZCTA5 53108,86679,53108
ZCTA5 53110,66719,53110
ZCTA5 53114,72708,53114
ZCTA5 53115,72304,53115
ZCTA5 53118,108772,53118
ZCTA5 53119,117759,53119
ZCTA5 53120,96345,53120
ZCTA5 53121,85643,53121
ZCTA5 53122,157962,53122
ZCTA5 53125,112500,53125
ZCTA5 53126,101206,53126
ZCTA5 53127,-666666666,53127
ZCTA5 53128,82216,53128
ZCTA5 53129,95012,53129
ZCTA5 53130,87008,53130
ZCTA5 53132,109850,53132
ZCTA5 53137,116550,53137
ZCTA5 53139,99635,53139
ZCTA5 53140,58006,53140
ZCTA5 53142,88960,53142
ZCTA5 53143,68343,53143
ZCTA5 53144,76507,53144
ZCTA5 53146,110035,53146
ZCTA5 53147,83566,53147
ZCTA5 53149,110608,53149
ZCTA5 53150,109276,53150
ZCTA5 53151,101176,53151
ZCTA5 53153,152543,53153
ZCTA5 53154,96555,53154
ZCTA5 53156,85313,53156
ZCTA5 53157,-666666666,53157
ZCTA5 53158,105868,53158
ZCTA5 53167,70054,53167
ZCTA5 53168,97035,53168
ZCTA5 53170,79931,53170
ZCTA5 53172,73427,53172
ZCTA5 53176,45962,53176
ZCTA5 53177,90769,53177
ZCTA5 53178,99875,53178
ZCTA5 53179,94460,53179
ZCTA5 53181,97804,53181
ZCTA5 53182,107068,53182
ZCTA5 53183,108827,53183
ZCTA5 53184,84413,53184
ZCTA5 53185,103225,53185
ZCTA5 53186,74588,53186
ZCTA5 53188,92409,53188
ZCTA5 53189,117008,53189
ZCTA5 53190,66069,53190
ZCTA5 53191,75833,53191
ZCTA5 53192,-666666666,53192
ZCTA5 53195,95833,53195
ZCTA5 53202,71034,53202
ZCTA5 53203,86159,53203
ZCTA5 53204,45934,53204
ZCTA5 53205,31529,53205
ZCTA5 53206,29336,53206
ZCTA5 53207,79117,53207
ZCTA5 53208,52690,53208
ZCTA5 53209,48486,53209
ZCTA5 53210,48217,53210
ZCTA5 53211,75256,53211
ZCTA5 53212,47298,53212
ZCTA5 53213,101688,53213
ZCTA5 53214,60962,53214
ZCTA5 53215,54289,53215
ZCTA5 53216,46752,53216
ZCTA5 53217,133021,53217
ZCTA5 53218,45642,53218
ZCTA5 53219,70388,53219
ZCTA5 53220,69319,53220
ZCTA5 53221,63265,53221
ZCTA5 53222,76980,53222
ZCTA5 53223,60839,53223
ZCTA5 53224,67803,53224
ZCTA5 53225,56545,53225
ZCTA5 53226,93132,53226
ZCTA5 53227,73321,53227
ZCTA5 53228,75033,53228
ZCTA5 53233,23750,53233
ZCTA5 53235,57368,53235
ZCTA5 53295,-666666666,53295
ZCTA5 53402,75751,53402
ZCTA5 53403,59820,53403
ZCTA5 53404,50428,53404
ZCTA5 53405,69242,53405
ZCTA5 53406,82792,53406
ZCTA5 53501,-666666666,53501
ZCTA5 53502,87000,53502
ZCTA5 53503,87361,53503
ZCTA5 53504,83690,53504
ZCTA5 53505,91500,53505
ZCTA5 53506,59861,53506
ZCTA5 53507,113261,53507
ZCTA5 53508,99948,53508
ZCTA5 53510,82083,53510
ZCTA5 53511,67067,53511
ZCTA5 53515,92625,53515
ZCTA5 53516,85324,53516
ZCTA5 53517,84722,53517
ZCTA5 53518,62384,53518
ZCTA5 53520,75205,53520
ZCTA5 53521,108036,53521
ZCTA5 53522,81528,53522
ZCTA5 53523,102188,53523
ZCTA5 53525,79323,53525
ZCTA5 53526,79286,53526
ZCTA5 53527,133883,53527
ZCTA5 53528,106823,53528
ZCTA5 53529,107560,53529
ZCTA5 53530,69511,53530
ZCTA5 53531,105000,53531
ZCTA5 53532,110022,53532
ZCTA5 53533,77849,53533
ZCTA5 53534,89045,53534
ZCTA5 53536,87667,53536
ZCTA5 53537,59821,53537
ZCTA5 53538,82783,53538
ZCTA5 53540,61458,53540
ZCTA5 53541,58438,53541
ZCTA5 53543,77031,53543
ZCTA5 53544,100625,53544
ZCTA5 53545,73889,53545
ZCTA5 53546,75825,53546
ZCTA5 53548,76869,53548
ZCTA5 53549,80101,53549
ZCTA5 53550,73438,53550
ZCTA5 53551,94401,53551
ZCTA5 53553,64375,53553
ZCTA5 53554,74063,53554
ZCTA5 53555,119305,53555
ZCTA5 53556,67727,53556
ZCTA5 53557,91500,53557
ZCTA5 53558,107609,53558
ZCTA5 53559,93571,53559
ZCTA5 53560,98409,53560
ZCTA5 53561,91103,53561
ZCTA5 53562,101381,53562
ZCTA5 53563,89528,53563
ZCTA5 53565,84589,53565
ZCTA5 53566,74058,53566
ZCTA5 53569,89500,53569
ZCTA5 53570,87500,53570
ZCTA5 53571,65729,53571
ZCTA5 53572,108750,53572
ZCTA5 53573,64776,53573
ZCTA5 53574,106508,53574
ZCTA5 53575,107885,53575
ZCTA5 53576,63750,53576
ZCTA5 53577,96500,53577
ZCTA5 53578,105610,53578
ZCTA5 53579,79792,53579
ZCTA5 53580,61667,53580
ZCTA5 53581,64833,53581
ZCTA5 53582,89107,53582
ZCTA5 53583,97286,53583
ZCTA5 53584,-666666666,53584
ZCTA5 53585,74779,53585
ZCTA5 53586,70806,53586
ZCTA5 53587,90250,53587
ZCTA5 53588,83417,53588
ZCTA5 53589,96226,53589
ZCTA5 53590,97051,53590
ZCTA5 53593,135023,53593
ZCTA5 53594,88390,53594
ZCTA5 53597,117000,53597
ZCTA5 53598,106476,53598
ZCTA5 53599,-666666666,53599
ZCTA5 53703,47847,53703
ZCTA5 53704,74034,53704
ZCTA5 53705,88549,53705
ZCTA5 53706,6053,53706
ZCTA5 53711,100735,53711
ZCTA5 53713,58017,53713
ZCTA5 53714,71519,53714
ZCTA5 53715,38996,53715
ZCTA5 53716,91716,53716
ZCTA5 53717,98180,53717
ZCTA5 53718,102843,53718
ZCTA5 53719,92052,53719
ZCTA5 53726,47754,53726
ZCTA5 53792,-666666666,53792
ZCTA5 53801,65357,53801
ZCTA5 53802,80417,53802
ZCTA5 53803,79545,53803
ZCTA5 53804,82917,53804
ZCTA5 53805,60870,53805
ZCTA5 53806,64076,53806
ZCTA5 53807,77887,53807
ZCTA5 53808,70913,53808
ZCTA5 53809,65568,53809
ZCTA5 53810,75500,53810
ZCTA5 53811,82769,53811
ZCTA5 53812,80833,53812
ZCTA5 53813,84004,53813
ZCTA5 53816,71250,53816
ZCTA5 53817,48958,53817
ZCTA5 53818,55567,53818
ZCTA5 53820,77083,53820
ZCTA5 53821,60647,53821
ZCTA5 53825,102500,53825
ZCTA5 53826,73438,53826
ZCTA5 53827,81607,53827
ZCTA5 53901,74092,53901
ZCTA5 53910,49875,53910
ZCTA5 53911,100625,53911
ZCTA5 53913,74629,53913
ZCTA5 53916,71188,53916
ZCTA5 53919,97019,53919
ZCTA5 53920,69432,53920
ZCTA5 53922,91500,53922
ZCTA5 53923,72500,53923
ZCTA5 53924,72333,53924
ZCTA5 53925,84044,53925
ZCTA5 53926,62917,53926
ZCTA5 53928,85625,53928
ZCTA5 53929,65568,53929
ZCTA5 53930,72778,53930
ZCTA5 53931,71250,53931
ZCTA5 53932,85781,53932
ZCTA5 53933,83578,53933
ZCTA5 53934,48782,53934
ZCTA5 53935,86250,53935
ZCTA5 53936,55515,53936
ZCTA5 53937,87292,53937
ZCTA5 53939,70833,53939
ZCTA5 53940,-666666666,53940
ZCTA5 53941,82537,53941
ZCTA5 53942,112292,53942
ZCTA5 53943,73000,53943
ZCTA5 53944,72614,53944
ZCTA5 53946,72450,53946
ZCTA5 53947,56250,53947
ZCTA5 53948,62829,53948
ZCTA5 53949,64611,53949
ZCTA5 53950,72768,53950
ZCTA5 53951,71970,53951
ZCTA5 53952,63750,53952
ZCTA5 53953,46250,53953
ZCTA5 53954,83207,53954
ZCTA5 53955,101134,53955
ZCTA5 53956,84231,53956
ZCTA5 53959,77924,53959
ZCTA5 53960,84911,53960
ZCTA5 53961,77298,53961
ZCTA5 53962,28333,53962
ZCTA5 53963,77631,53963
ZCTA5 53964,69306,53964
ZCTA5 53965,66667,53965
ZCTA5 53968,74479,53968
ZCTA5 53969,77222,53969
ZCTA5 54001,80344,54001
ZCTA5 54002,88275,54002
ZCTA5 54003,94352,54003
ZCTA5 54004,68182,54004
ZCTA5 54005,87813,54005
ZCTA5 54006,69688,54006
ZCTA5 54007,85398,54007
ZCTA5 54009,89861,54009
ZCTA5 54011,102636,54011
ZCTA5 54013,87500,54013
ZCTA5 54014,101667,54014
ZCTA5 54015,114293,54015
ZCTA5 54016,113085,54016
ZCTA5 54017,98571,54017
ZCTA5 54020,74702,54020
ZCTA5 54021,97321,54021
ZCTA5 54022,96642,54022
ZCTA5 54023,108466,54023
ZCTA5 54024,75417,54024
ZCTA5 54025,86930,54025
ZCTA5 54026,95833,54026
ZCTA5 54027,100750,54027
ZCTA5 54028,85341,54028
ZCTA5 54082,131146,54082
ZCTA5 54101,94500,54101
ZCTA5 54102,41917,54102
ZCTA5 54103,57604,54103
ZCTA5 54104,56286,54104
ZCTA5 54106,97500,54106
ZCTA5 54107,79815,54107
ZCTA5 54110,73685,54110
ZCTA5 54111,67396,54111
ZCTA5 54112,71141,54112
ZCTA5 54113,93490,54113
ZCTA5 54114,59217,54114
ZCTA5 54115,94721,54115
ZCTA5 54119,54375,54119
ZCTA5 54120,53906,54120
ZCTA5 54121,58750,54121
ZCTA5 54123,58750,54123
ZCTA5 54124,60703,54124
ZCTA5 54125,46429,54125
ZCTA5 54126,99310,54126
ZCTA5 54127,113750,54127
ZCTA5 54128,63661,54128
ZCTA5 54129,67381,54129
ZCTA5 54130,89131,54130
ZCTA5 54135,65652,54135
ZCTA5 54136,69495,54136
ZCTA5 54137,85714,54137
ZCTA5 54138,67000,54138
ZCTA5 54139,78013,54139
ZCTA5 54140,82472,54140
ZCTA5 54141,101553,54141
ZCTA5 54143,64491,54143
ZCTA5 54149,50250,54149
ZCTA5 54150,54464,54150
ZCTA5 54151,69511,54151
ZCTA5 54152,56607,54152
ZCTA5 54153,70684,54153
ZCTA5 54154,59767,54154
ZCTA5 54155,99597,54155
ZCTA5 54156,49625,54156
ZCTA5 54157,70469,54157
ZCTA5 54159,69375,54159
ZCTA5 54160,68750,54160
ZCTA5 54161,68415,54161
ZCTA5 54162,80594,54162
ZCTA5 54165,87048,54165
ZCTA5 54166,62791,54166
ZCTA5 54169,109524,54169
ZCTA5 54170,78889,54170
ZCTA5 54171,113698,54171
ZCTA5 54173,107708,54173
ZCTA5 54174,69878,54174
ZCTA5 54175,87614,54175
ZCTA5 54177,62991,54177
ZCTA5 54180,94375,54180
ZCTA5 54201,67542,54201
ZCTA5 54202,73784,54202
ZCTA5 54204,79803,54204
ZCTA5 54205,90781,54205
ZCTA5 54207,58125,54207
ZCTA5 54208,95509,54208
ZCTA5 54209,77188,54209
ZCTA5 54210,77159,54210
ZCTA5 54211,100938,54211
ZCTA5 54212,104531,54212
ZCTA5 54213,97292,54213
ZCTA5 54214,87500,54214
ZCTA5 54215,46000,54215
ZCTA5 54216,83813,54216
ZCTA5 54217,89489,54217
ZCTA5 54220,66035,54220
ZCTA5 54227,87500,54227
ZCTA5 54228,71842,54228
ZCTA5 54229,97135,54229
ZCTA5 54230,87688,54230
ZCTA5 54232,57895,54232
ZCTA5 54234,74583,54234
ZCTA5 54235,70212,54235
ZCTA5 54241,61014,54241
ZCTA5 54245,85302,54245
ZCTA5 54246,70000,54246
ZCTA5 54247,78417,54247
ZCTA5 54301,78684,54301
ZCTA5 54302,58506,54302
ZCTA5 54303,60781,54303
ZCTA5 54304,63865,54304
ZCTA5 54307,-666666666,54307
ZCTA5 54311,84914,54311
ZCTA5 54313,107599,54313
ZCTA5 54401,71586,54401
ZCTA5 54403,69030,54403
ZCTA5 54405,69659,54405
ZCTA5 54406,77533,54406
ZCTA5 54407,101563,54407
ZCTA5 54408,72768,54408
ZCTA5 54409,53576,54409
ZCTA5 54410,84135,54410
ZCTA5 54411,77176,54411
ZCTA5 54412,83576,54412
ZCTA5 54413,64688,54413
ZCTA5 54414,72500,54414
ZCTA5 54416,60859,54416
ZCTA5 54417,-666666666,54417
ZCTA5 54418,80000,54418
ZCTA5 54420,79899,54420
ZCTA5 54421,60820,54421
ZCTA5 54422,71667,54422
ZCTA5 54423,113690,54423
ZCTA5 54424,77500,54424
ZCTA5 54425,63424,54425
ZCTA5 54426,78942,54426
ZCTA5 54427,83958,54427
ZCTA5 54428,49167,54428
ZCTA5 54430,57045,54430
ZCTA5 54433,69000,54433
ZCTA5 54435,83125,54435
ZCTA5 54436,61048,54436
ZCTA5 54437,67097,54437
ZCTA5 54440,90921,54440
ZCTA5 54441,92031,54441
ZCTA5 54442,64779,54442
ZCTA5 54443,99423,54443
ZCTA5 54446,74342,54446
ZCTA5 54447,73214,54447
ZCTA5 54448,94432,54448
ZCTA5 54449,67551,54449
ZCTA5 54450,68750,54450
ZCTA5 54451,71349,54451
ZCTA5 54452,67669,54452
ZCTA5 54454,82589,54454
ZCTA5 54455,96140,54455
ZCTA5 54456,66934,54456
ZCTA5 54457,71083,54457
ZCTA5 54458,57917,54458
ZCTA5 54459,66250,54459
ZCTA5 54460,65583,54460
ZCTA5 54462,92981,54462
ZCTA5 54463,59310,54463
ZCTA5 54464,122083,54464
ZCTA5 54465,56625,54465
ZCTA5 54466,67000,54466
ZCTA5 54467,87580,54467
ZCTA5 54469,74038,54469
ZCTA5 54470,61589,54470
ZCTA5 54471,87368,54471
ZCTA5 54473,80038,54473
ZCTA5 54474,81635,54474
ZCTA5 54475,79500,54475
ZCTA5 54476,78079,54476
ZCTA5 54479,77371,54479
ZCTA5 54480,68333,54480
ZCTA5 54481,59545,54481
ZCTA5 54482,94500,54482
ZCTA5 54484,72047,54484
ZCTA5 54485,83438,54485
ZCTA5 54486,60528,54486
ZCTA5 54487,72416,54487
ZCTA5 54488,63571,54488
ZCTA5 54489,63352,54489
ZCTA5 54490,67981,54490
ZCTA5 54491,55917,54491
ZCTA5 54493,70556,54493
ZCTA5 54494,72595,54494
ZCTA5 54495,49798,54495
ZCTA5 54498,75833,54498
ZCTA5 54499,63816,54499
ZCTA5 54501,68163,54501
ZCTA5 54511,66719,54511
ZCTA5 54512,75147,54512
ZCTA5 54513,63675,54513
ZCTA5 54514,70769,54514
ZCTA5 54515,60250,54515
ZCTA5 54517,73571,54517
ZCTA5 54519,59628,54519
ZCTA5 54520,60031,54520
ZCTA5 54521,74071,54521
ZCTA5 54524,40536,54524
ZCTA5 54525,74375,54525
ZCTA5 54526,52500,54526
ZCTA5 54527,55476,54527
ZCTA5 54529,72000,54529
ZCTA5 54530,54375,54530
ZCTA5 54531,84286,54531
ZCTA5 54534,53468,54534
ZCTA5 54536,57917,54536
ZCTA5 54537,59464,54537
ZCTA5 54538,51429,54538
ZCTA5 54539,62841,54539
ZCTA5 54540,68654,54540
ZCTA5 54541,63438,54541
ZCTA5 54542,46607,54542
ZCTA5 54545,80625,54545
ZCTA5 54546,70104,54546
ZCTA5 54547,63500,54547
ZCTA5 54548,69569,54548
ZCTA5 54550,64583,54550
ZCTA5 54552,61317,54552
ZCTA5 54554,63750,54554
ZCTA5 54555,59025,54555
ZCTA5 54556,54375,54556
ZCTA5 54557,74432,54557
ZCTA5 54558,59718,54558
ZCTA5 54559,69696,54559
ZCTA5 54560,61667,54560
ZCTA5 54561,-666666666,54561
ZCTA5 54562,57422,54562
ZCTA5 54563,81875,54563
ZCTA5 54564,56875,54564
ZCTA5 54565,38125,54565
ZCTA5 54566,56250,54566
ZCTA5 54568,72589,54568
ZCTA5 54601,61639,54601
ZCTA5 54603,52012,54603
ZCTA5 54610,61563,54610
ZCTA5 54611,71667,54611
ZCTA5 54612,77647,54612
ZCTA5 54613,51528,54613
ZCTA5 54614,85588,54614
ZCTA5 54615,67033,54615
ZCTA5 54616,72222,54616
ZCTA5 54618,73214,54618
ZCTA5 54619,71463,54619
ZCTA5 54621,94286,54621
ZCTA5 54622,78194,54622
ZCTA5 54623,88864,54623
ZCTA5 54624,81518,54624
ZCTA5 54625,53157,54625
ZCTA5 54626,69926,54626
ZCTA5 54627,77212,54627
ZCTA5 54628,57167,54628
ZCTA5 54629,74432,54629
ZCTA5 54630,95549,54630
ZCTA5 54631,65417,54631
ZCTA5 54632,82500,54632
ZCTA5 54634,60945,54634
ZCTA5 54635,72566,54635
ZCTA5 54636,96384,54636
ZCTA5 54637,50250,54637
ZCTA5 54638,60417,54638
ZCTA5 54639,61375,54639
ZCTA5 54642,73452,54642
ZCTA5 54643,-666666666,54643
ZCTA5 54644,77143,54644
ZCTA5 54645,50833,54645
ZCTA5 54646,59750,54646
ZCTA5 54648,74250,54648
ZCTA5 54650,85548,54650
ZCTA5 54651,62159,54651
ZCTA5 54652,57500,54652
ZCTA5 54653,72596,54653
ZCTA5 54654,68304,54654
ZCTA5 54655,56010,54655
ZCTA5 54656,72379,54656
ZCTA5 54657,70750,54657
ZCTA5 54658,73438,54658
ZCTA5 54659,71477,54659
ZCTA5 54660,61186,54660
ZCTA5 54661,79720,54661
ZCTA5 54664,72898,54664
ZCTA5 54665,72093,54665
ZCTA5 54666,78015,54666
ZCTA5 54667,75774,54667
ZCTA5 54669,103194,54669
ZCTA5 54670,82250,54670
ZCTA5 54701,74361,54701
ZCTA5 54703,71518,54703
ZCTA5 54720,85977,54720
ZCTA5 54721,75305,54721
ZCTA5 54722,71181,54722
ZCTA5 54723,81875,54723
ZCTA5 54724,72391,54724
ZCTA5 54725,71745,54725
ZCTA5 54726,78500,54726
ZCTA5 54727,81575,54727
ZCTA5 54728,74712,54728
ZCTA5 54729,75809,54729
ZCTA5 54730,83010,54730
ZCTA5 54731,57188,54731
ZCTA5 54732,62875,54732
ZCTA5 54733,58421,54733
ZCTA5 54734,71500,54734
ZCTA5 54736,74083,54736
ZCTA5 54737,68750,54737
ZCTA5 54738,95179,54738
ZCTA5 54739,88667,54739
ZCTA5 54740,79387,54740
ZCTA5 54741,62679,54741
ZCTA5 54742,102083,54742
ZCTA5 54745,67891,54745
ZCTA5 54746,62411,54746
ZCTA5 54747,70820,54747
ZCTA5 54748,78750,54748
ZCTA5 54749,77903,54749
ZCTA5 54750,93750,54750
ZCTA5 54751,72028,54751
ZCTA5 54754,58125,54754
ZCTA5 54755,72564,54755
ZCTA5 54756,75625,54756
ZCTA5 54757,70395,54757
ZCTA5 54758,67930,54758
ZCTA5 54759,80750,54759
ZCTA5 54760,88750,54760
ZCTA5 54761,75536,54761
ZCTA5 54762,62778,54762
ZCTA5 54763,65417,54763
ZCTA5 54766,66050,54766
ZCTA5 54767,83917,54767
ZCTA5 54768,54964,54768
ZCTA5 54769,78125,54769
ZCTA5 54770,83636,54770
ZCTA5 54771,65625,54771
ZCTA5 54772,88750,54772
ZCTA5 54773,72232,54773
ZCTA5 54801,62625,54801
ZCTA5 54805,59643,54805
ZCTA5 54806,64864,54806
ZCTA5 54810,69917,54810
ZCTA5 54812,63100,54812
ZCTA5 54813,71193,54813
ZCTA5 54814,63682,54814
ZCTA5 54817,83036,54817
ZCTA5 54819,56650,54819
ZCTA5 54820,85179,54820
ZCTA5 54821,57813,54821
ZCTA5 54822,70000,54822
ZCTA5 54824,67148,54824
ZCTA5 54826,94750,54826
ZCTA5 54827,90000,54827
ZCTA5 54828,52578,54828
ZCTA5 54829,66538,54829
ZCTA5 54830,66941,54830
ZCTA5 54832,76136,54832
ZCTA5 54835,54583,54835
ZCTA5 54836,77031,54836
ZCTA5 54837,71010,54837
ZCTA5 54838,74318,54838
ZCTA5 54839,80625,54839
ZCTA5 54840,63750,54840
ZCTA5 54841,76250,54841
ZCTA5 54842,88750,54842
ZCTA5 54843,60619,54843
ZCTA5 54844,63036,54844
ZCTA5 54845,49464,54845
ZCTA5 54846,74000,54846
ZCTA5 54847,68795,54847
ZCTA5 54848,56736,54848
ZCTA5 54849,80714,54849
ZCTA5 54850,71250,54850
ZCTA5 54853,75000,54853
ZCTA5 54854,88125,54854
ZCTA5 54855,56875,54855
ZCTA5 54856,76500,54856
ZCTA5 54857,96667,54857
ZCTA5 54858,53901,54858
ZCTA5 54859,55882,54859
ZCTA5 54861,-666666666,54861
ZCTA5 54862,61875,54862
ZCTA5 54864,91250,54864
ZCTA5 54865,61875,54865
ZCTA5 54867,41694,54867
ZCTA5 54868,64318,54868
ZCTA5 54870,67063,54870
ZCTA5 54871,69342,54871
ZCTA5 54872,60787,54872
ZCTA5 54873,88359,54873
ZCTA5 54874,89063,54874
ZCTA5 54875,57022,54875
ZCTA5 54876,72794,54876
ZCTA5 54880,68275,54880
ZCTA5 54888,63971,54888
ZCTA5 54889,77143,54889
ZCTA5 54891,70536,54891
ZCTA5 54893,56129,54893
ZCTA5 54895,65357,54895
ZCTA5 54896,61080,54896
ZCTA5 54901,61794,54901
ZCTA5 54902,65612,54902
ZCTA5 54904,93341,54904
ZCTA5 54909,80417,54909
ZCTA5 54911,67001,54911
ZCTA5 54913,105385,54913
ZCTA5 54914,79875,54914
ZCTA5 54915,87426,54915
ZCTA5 54921,76164,54921
ZCTA5 54922,76350,54922
ZCTA5 54923,66223,54923
ZCTA5 54926,-666666666,54926
ZCTA5 54927,128523,54927
ZCTA5 54928,73355,54928
ZCTA5 54929,64626,54929
ZCTA5 54930,77692,54930
ZCTA5 54931,-666666666,54931
ZCTA5 54932,110125,54932
ZCTA5 54933,63125,54933
ZCTA5 54935,63144,54935
ZCTA5 54937,81841,54937
ZCTA5 54940,90813,54940
ZCTA5 54941,79146,54941
ZCTA5 54942,119508,54942
ZCTA5 54943,62500,54943
ZCTA5 54944,100523,54944
ZCTA5 54945,69602,54945
ZCTA5 54946,-666666666,54946
ZCTA5 54947,91167,54947
ZCTA5 54948,62969,54948
ZCTA5 54949,90786,54949
ZCTA5 54950,67102,54950
ZCTA5 54952,69196,54952
ZCTA5 54956,85869,54956
ZCTA5 54960,66625,54960
ZCTA5 54961,71824,54961
ZCTA5 54962,83452,54962
ZCTA5 54963,86227,54963
ZCTA5 54964,82857,54964
ZCTA5 54965,60625,54965
ZCTA5 54966,67143,54966
ZCTA5 54967,51555,54967
ZCTA5 54968,65758,54968
ZCTA5 54970,64309,54970
ZCTA5 54971,66699,54971
ZCTA5 54974,97222,54974
ZCTA5 54977,81328,54977
ZCTA5 54978,120000,54978
ZCTA5 54979,109868,54979
ZCTA5 54980,31711,54980
ZCTA5 54981,72640,54981
ZCTA5 54982,64201,54982
ZCTA5 54983,71094,54983
ZCTA5 54984,64120,54984
ZCTA5 54985,-666666666,54985
ZCTA5 54986,93189,54986
ZCTA5 55001,133581,55001
ZCTA5 55003,125893,55003
ZCTA5 55005,109107,55005
ZCTA5 55006,69191,55006
ZCTA5 55007,67847,55007
ZCTA5 55008,84513,55008
ZCTA5 55009,91295,55009
ZCTA5 55011,121434,55011
ZCTA5 55012,101607,55012
ZCTA5 55013,109063,55013
ZCTA5 55014,103658,55014
ZCTA5 55016,120715,55016
ZCTA5 55017,62188,55017
ZCTA5 55018,83854,55018
ZCTA5 55019,117381,55019
ZCTA5 55020,131071,55020
ZCTA5 55021,68820,55021
ZCTA5 55024,127280,55024
ZCTA5 55025,98382,55025
ZCTA5 55026,96667,55026
ZCTA5 55027,93043,55027
ZCTA5 55029,74167,55029
ZCTA5 55030,81563,55030
ZCTA5 55031,114338,55031
ZCTA5 55032,104554,55032
ZCTA5 55033,103988,55033
ZCTA5 55036,27188,55036
ZCTA5 55037,68380,55037
ZCTA5 55038,130931,55038
ZCTA5 55040,90900,55040
ZCTA5 55041,78672,55041
ZCTA5 55042,154341,55042
ZCTA5 55043,102966,55043
ZCTA5 55044,141551,55044
ZCTA5 55045,108929,55045
ZCTA5 55046,95912,55046
ZCTA5 55047,107361,55047
ZCTA5 55049,90625,55049
ZCTA5 55051,68500,55051
ZCTA5 55052,82760,55052
ZCTA5 55053,101406,55053
ZCTA5 55054,157096,55054
ZCTA5 55055,71979,55055
ZCTA5 55056,95679,55056
ZCTA5 55057,92622,55057
ZCTA5 55060,84906,55060
ZCTA5 55063,74667,55063
ZCTA5 55065,119667,55065
ZCTA5 55066,73584,55066
ZCTA5 55068,127798,55068
ZCTA5 55069,75179,55069
ZCTA5 55070,108750,55070
ZCTA5 55071,100798,55071
ZCTA5 55072,58144,55072
ZCTA5 55073,128723,55073
ZCTA5 55074,106625,55074
ZCTA5 55075,88386,55075
ZCTA5 55076,93847,55076
ZCTA5 55077,111967,55077
ZCTA5 55079,114614,55079
ZCTA5 55080,101964,55080
ZCTA5 55082,115040,55082
ZCTA5 55084,94297,55084
ZCTA5 55085,107500,55085
ZCTA5 55087,92344,55087
ZCTA5 55088,132917,55088
ZCTA5 55089,108750,55089
ZCTA5 55090,85119,55090
ZCTA5 55092,95337,55092
ZCTA5 55101,64863,55101
ZCTA5 55102,76406,55102
ZCTA5 55103,48390,55103
ZCTA5 55104,75712,55104
ZCTA5 55105,107248,55105
ZCTA5 55106,70187,55106
ZCTA5 55107,74531,55107
ZCTA5 55108,86308,55108
ZCTA5 55109,86776,55109
ZCTA5 55110,101296,55110
ZCTA5 55111,-666666666,55111
ZCTA5 55112,93838,55112
ZCTA5 55113,86792,55113
ZCTA5 55114,62766,55114
ZCTA5 55115,124234,55115
ZCTA5 55116,81141,55116
ZCTA5 55117,70771,55117
ZCTA5 55118,87340,55118
ZCTA5 55119,81865,55119
ZCTA5 55120,116346,55120
ZCTA5 55121,87152,55121
ZCTA5 55122,96823,55122
ZCTA5 55123,139215,55123
ZCTA5 55124,97727,55124
ZCTA5 55125,119260,55125
ZCTA5 55126,108217,55126
ZCTA5 55127,117917,55127
ZCTA5 55128,93210,55128
ZCTA5 55129,143795,55129
ZCTA5 55130,54130,55130
ZCTA5 55150,111250,55150
ZCTA5 55155,-666666666,55155
ZCTA5 55301,129232,55301
ZCTA5 55302,83235,55302
ZCTA5 55303,102986,55303
ZCTA5 55304,131700,55304
ZCTA5 55305,104914,55305
ZCTA5 55306,100515,55306
ZCTA5 55307,73533,55307
ZCTA5 55308,106510,55308
ZCTA5 55309,121711,55309
ZCTA5 55310,87292,55310
ZCTA5 55311,153568,55311
ZCTA5 55312,100568,55312
ZCTA5 55313,92455,55313
ZCTA5 55314,79500,55314
ZCTA5 55315,140893,55315
ZCTA5 55316,116102,55316
ZCTA5 55317,140385,55317
ZCTA5 55318,112243,55318
ZCTA5 55319,111607,55319
ZCTA5 55320,113973,55320
ZCTA5 55321,80433,55321
ZCTA5 55322,124861,55322
ZCTA5 55324,83269,55324
ZCTA5 55325,87137,55325
ZCTA5 55327,140366,55327
ZCTA5 55328,114158,55328
ZCTA5 55329,79453,55329
ZCTA5 55330,115761,55330
ZCTA5 55331,159450,55331
ZCTA5 55332,62361,55332
ZCTA5 55333,54688,55333
ZCTA5 55334,66149,55334
ZCTA5 55335,62206,55335
ZCTA5 55336,77261,55336
ZCTA5 55337,84110,55337
ZCTA5 55338,86563,55338
ZCTA5 55339,92813,55339
ZCTA5 55340,178553,55340
ZCTA5 55341,157071,55341
ZCTA5 55342,64861,55342
ZCTA5 55343,83143,55343
ZCTA5 55344,89565,55344
ZCTA5 55345,145332,55345
ZCTA5 55346,135000,55346
ZCTA5 55347,155430,55347
ZCTA5 55349,99444,55349
ZCTA5 55350,79123,55350
ZCTA5 55352,112070,55352
ZCTA5 55353,83854,55353
ZCTA5 55354,97941,55354
ZCTA5 55355,63295,55355
ZCTA5 55356,156622,55356
ZCTA5 55357,152500,55357
ZCTA5 55358,92039,55358
ZCTA5 55359,129250,55359
ZCTA5 55360,122117,55360
ZCTA5 55362,91832,55362
ZCTA5 55363,101989,55363
ZCTA5 55364,108725,55364
ZCTA5 55366,72500,55366
ZCTA5 55367,94107,55367
ZCTA5 55368,71250,55368
ZCTA5 55369,112144,55369
ZCTA5 55370,103750,55370
ZCTA5 55371,93824,55371
ZCTA5 55372,145499,55372
ZCTA5 55373,105556,55373
ZCTA5 55374,144714,55374
ZCTA5 55375,130893,55375
ZCTA5 55376,131266,55376
ZCTA5 55378,124871,55378
ZCTA5 55379,106312,55379
ZCTA5 55381,88661,55381
ZCTA5 55382,93661,55382
ZCTA5 55384,48315,55384
ZCTA5 55385,78125,55385
ZCTA5 55386,192458,55386
ZCTA5 55387,114511,55387
ZCTA5 55388,99375,55388
ZCTA5 55389,96786,55389
ZCTA5 55390,103750,55390
ZCTA5 55391,174301,55391
ZCTA5 55395,72800,55395
ZCTA5 55396,75680,55396
ZCTA5 55397,81957,55397
ZCTA5 55398,103419,55398
ZCTA5 55401,113522,55401
ZCTA5 55402,62105,55402
ZCTA5 55403,60873,55403
ZCTA5 55404,41940,55404
ZCTA5 55405,73053,55405
ZCTA5 55406,93910,55406
ZCTA5 55407,78464,55407
ZCTA5 55408,70326,55408
ZCTA5 55409,98305,55409
ZCTA5 55410,146425,55410
ZCTA5 55411,60225,55411
ZCTA5 55412,68682,55412
ZCTA5 55413,85282,55413
ZCTA5 55414,51966,55414
ZCTA5 55415,124921,55415
ZCTA5 55416,105958,55416
ZCTA5 55417,126261,55417
ZCTA5 55418,99397,55418
ZCTA5 55419,148350,55419
ZCTA5 55420,82170,55420
ZCTA5 55421,70772,55421
ZCTA5 55422,93914,55422
ZCTA5 55423,85182,55423
ZCTA5 55424,250001,55424
ZCTA5 55425,76274,55425
ZCTA5 55426,99347,55426
ZCTA5 55427,92821,55427
ZCTA5 55428,74860,55428
ZCTA5 55429,72253,55429
ZCTA5 55430,75716,55430
ZCTA5 55431,101484,55431
ZCTA5 55432,79520,55432
ZCTA5 55433,78054,55433
ZCTA5 55434,90336,55434
ZCTA5 55435,79884,55435
ZCTA5 55436,144129,55436
ZCTA5 55437,95718,55437
ZCTA5 55438,106432,55438
ZCTA5 55439,168693,55439
ZCTA5 55441,101981,55441
ZCTA5 55442,123859,55442
ZCTA5 55443,95082,55443
ZCTA5 55444,117198,55444
ZCTA5 55445,104150,55445
ZCTA5 55446,170625,55446
ZCTA5 55447,133555,55447
ZCTA5 55448,103461,55448
ZCTA5 55449,131832,55449
ZCTA5 55450,-666666666,55450
ZCTA5 55454,23100,55454
ZCTA5 55455,-666666666,55455
ZCTA5 55601,56250,55601
ZCTA5 55602,73750,55602
ZCTA5 55603,61875,55603
ZCTA5 55604,73427,55604
ZCTA5 55605,56250,55605
ZCTA5 55606,85000,55606
ZCTA5 55607,87857,55607
ZCTA5 55609,78208,55609
ZCTA5 55612,81042,55612
ZCTA5 55613,58958,55613
ZCTA5 55614,72981,55614
ZCTA5 55615,61042,55615
ZCTA5 55616,76127,55616
ZCTA5 55702,78125,55702
ZCTA5 55703,72102,55703
ZCTA5 55704,62500,55704
ZCTA5 55705,56208,55705
ZCTA5 55706,56750,55706
ZCTA5 55707,82167,55707
ZCTA5 55708,66389,55708
ZCTA5 55709,75652,55709
ZCTA5 55710,86477,55710
ZCTA5 55711,61250,55711
ZCTA5 55712,61563,55712
ZCTA5 55713,59036,55713
ZCTA5 55716,43036,55716
ZCTA5 55717,97222,55717
ZCTA5 55718,96546,55718
ZCTA5 55719,53647,55719
ZCTA5 55720,64167,55720
ZCTA5 55721,86429,55721
ZCTA5 55722,68636,55722
ZCTA5 55723,64526,55723
ZCTA5 55724,75313,55724
ZCTA5 55725,72917,55725
ZCTA5 55726,80313,55726
ZCTA5 55731,62008,55731
ZCTA5 55732,64750,55732
ZCTA5 55733,118260,55733
ZCTA5 55734,62703,55734
ZCTA5 55735,63827,55735
ZCTA5 55736,65179,55736
ZCTA5 55738,82969,55738
ZCTA5 55741,69545,55741
ZCTA5 55742,64250,55742
ZCTA5 55744,70644,55744
ZCTA5 55746,55823,55746
ZCTA5 55748,53810,55748
ZCTA5 55749,77500,55749
ZCTA5 55750,65833,55750
ZCTA5 55751,75200,55751
ZCTA5 55752,73214,55752
ZCTA5 55753,53643,55753
ZCTA5 55756,55625,55756
ZCTA5 55757,61538,55757
ZCTA5 55758,57386,55758
ZCTA5 55760,59474,55760
ZCTA5 55763,80750,55763
ZCTA5 55764,63594,55764
ZCTA5 55765,75272,55765
ZCTA5 55767,78988,55767
ZCTA5 55768,86075,55768
ZCTA5 55769,66092,55769
ZCTA5 55771,67667,55771
ZCTA5 55772,-666666666,55772
ZCTA5 55775,90179,55775
ZCTA5 55779,93792,55779
ZCTA5 55780,76042,55780
ZCTA5 55781,101406,55781
ZCTA5 55782,56420,55782
ZCTA5 55783,82421,55783
ZCTA5 55784,58594,55784
ZCTA5 55785,56477,55785
ZCTA5 55786,61597,55786
ZCTA5 55787,66111,55787
ZCTA5 55790,77232,55790
ZCTA5 55792,53750,55792
ZCTA5 55793,70000,55793
ZCTA5 55795,68750,55795
ZCTA5 55796,52344,55796
ZCTA5 55797,87039,55797
ZCTA5 55798,78438,55798
ZCTA5 55802,51544,55802
ZCTA5 55803,105888,55803
ZCTA5 55804,111228,55804
ZCTA5 55805,43100,55805
ZCTA5 55806,42833,55806
ZCTA5 55807,62067,55807
ZCTA5 55808,62031,55808
ZCTA5 55810,84719,55810
ZCTA5 55811,79804,55811
ZCTA5 55812,65505,55812
ZCTA5 55814,-666666666,55814
ZCTA5 55901,94607,55901
ZCTA5 55902,120611,55902
ZCTA5 55903,-666666666,55903
ZCTA5 55904,77016,55904
ZCTA5 55905,-666666666,55905
ZCTA5 55906,93685,55906
ZCTA5 55909,96736,55909
ZCTA5 55910,76389,55910
ZCTA5 55912,70177,55912
ZCTA5 55917,75208,55917
ZCTA5 55918,78523,55918
ZCTA5 55919,77917,55919
ZCTA5 55920,131336,55920
ZCTA5 55921,80161,55921
ZCTA5 55922,63125,55922
ZCTA5 55923,96328,55923
ZCTA5 55924,78558,55924
ZCTA5 55925,92500,55925
ZCTA5 55926,100000,55926
ZCTA5 55927,99566,55927
ZCTA5 55929,118977,55929
ZCTA5 55931,77917,55931
ZCTA5 55932,100078,55932
ZCTA5 55933,56250,55933
ZCTA5 55934,84952,55934
ZCTA5 55935,85000,55935
ZCTA5 55936,85114,55936
ZCTA5 55939,70855,55939
ZCTA5 55940,83885,55940
ZCTA5 55941,72500,55941
ZCTA5 55943,72411,55943
ZCTA5 55944,95180,55944
ZCTA5 55945,80284,55945
ZCTA5 55946,85781,55946
ZCTA5 55947,88611,55947
ZCTA5 55949,84327,55949
ZCTA5 55950,61250,55950
ZCTA5 55951,61131,55951
ZCTA5 55952,91389,55952
ZCTA5 55953,72500,55953
ZCTA5 55954,66250,55954
ZCTA5 55955,132524,55955
ZCTA5 55956,98558,55956
ZCTA5 55957,76094,55957
ZCTA5 55959,67617,55959
ZCTA5 55960,130227,55960
ZCTA5 55961,98214,55961
ZCTA5 55962,76667,55962
ZCTA5 55963,112287,55963
ZCTA5 55964,84318,55964
ZCTA5 55965,65577,55965
ZCTA5 55967,109583,55967
ZCTA5 55968,58125,55968
ZCTA5 55969,94444,55969
ZCTA5 55970,85000,55970
ZCTA5 55971,88750,55971
ZCTA5 55972,98878,55972
ZCTA5 55973,110417,55973
ZCTA5 55974,59205,55974
ZCTA5 55975,77411,55975
ZCTA5 55976,87330,55976
ZCTA5 55977,61250,55977
ZCTA5 55979,85417,55979
ZCTA5 55981,71607,55981
ZCTA5 55982,102344,55982
ZCTA5 55983,82446,55983
ZCTA5 55985,83636,55985
ZCTA5 55987,61624,55987
ZCTA5 55990,72500,55990
ZCTA5 55991,82292,55991
ZCTA5 55992,92417,55992
ZCTA5 56001,69531,56001
ZCTA5 56003,82538,56003
ZCTA5 56007,68846,56007
ZCTA5 56009,80804,56009
ZCTA5 56010,80156,56010
ZCTA5 56011,102522,56011
ZCTA5 56013,71553,56013
ZCTA5 56014,62917,56014
ZCTA5 56016,89583,56016
ZCTA5 56017,88056,56017
ZCTA5 56019,65833,56019
ZCTA5 56020,83750,56020
ZCTA5 56021,96563,56021
ZCTA5 56022,65750,56022
ZCTA5 56023,77969,56023
ZCTA5 56024,95357,56024
ZCTA5 56025,91786,56025
ZCTA5 56026,100169,56026
ZCTA5 56027,49954,56027
ZCTA5 56028,93375,56028
ZCTA5 56029,67857,56029
ZCTA5 56030,60625,56030
ZCTA5 56031,54847,56031
ZCTA5 56032,50000,56032
ZCTA5 56033,83214,56033
ZCTA5 56034,98750,56034
ZCTA5 56035,61500,56035
ZCTA5 56036,73287,56036
ZCTA5 56037,78750,56037
ZCTA5 56039,84342,56039
ZCTA5 56041,80833,56041
ZCTA5 56042,89750,56042
ZCTA5 56043,97708,56043
ZCTA5 56044,101250,56044
ZCTA5 56045,71250,56045
ZCTA5 56046,61042,56046
ZCTA5 56048,85532,56048
ZCTA5 56050,90000,56050
ZCTA5 56051,54286,56051
ZCTA5 56052,91875,56052
ZCTA5 56054,93214,56054
ZCTA5 56055,90987,56055
ZCTA5 56056,105000,56056
ZCTA5 56057,91250,56057
ZCTA5 56058,86677,56058
ZCTA5 56060,80093,56060
ZCTA5 56062,76713,56062
ZCTA5 56063,102391,56063
ZCTA5 56065,92933,56065
ZCTA5 56068,74250,56068
ZCTA5 56069,87118,56069
ZCTA5 56071,115690,56071
ZCTA5 56072,80417,56072
ZCTA5 56073,70250,56073
ZCTA5 56074,92813,56074
ZCTA5 56075,73750,56075
ZCTA5 56078,80208,56078
ZCTA5 56080,105398,56080
ZCTA5 56081,67337,56081
ZCTA5 56082,71456,56082
ZCTA5 56083,69167,56083
ZCTA5 56085,73000,56085
ZCTA5 56087,64375,56087
ZCTA5 56088,71354,56088
ZCTA5 56089,56250,56089
ZCTA5 56090,73750,56090
ZCTA5 56091,56250,56091
ZCTA5 56093,73038,56093
ZCTA5 56096,87679,56096
ZCTA5 56097,62264,56097
ZCTA5 56098,69000,56098
ZCTA5 56101,77083,56101
ZCTA5 56110,77875,56110
ZCTA5 56111,98125,56111
ZCTA5 56113,74375,56113
ZCTA5 56114,71667,56114
ZCTA5 56115,64000,56115
ZCTA5 56116,95000,56116
ZCTA5 56117,63438,56117
ZCTA5 56118,91250,56118
ZCTA5 56119,83583,56119
ZCTA5 56120,77188,56120
ZCTA5 56121,49042,56121
ZCTA5 56122,97321,56122
ZCTA5 56123,56750,56123
ZCTA5 56125,51875,56125
ZCTA5 56127,42292,56127
ZCTA5 56128,71875,56128
ZCTA5 56129,62614,56129
ZCTA5 56131,73063,56131
ZCTA5 56132,73750,56132
ZCTA5 56134,59063,56134
ZCTA5 56136,68281,56136
ZCTA5 56137,71250,56137
ZCTA5 56138,78631,56138
ZCTA5 56139,78125,56139
ZCTA5 56140,66250,56140
ZCTA5 56141,54306,56141
ZCTA5 56142,57500,56142
ZCTA5 56143,70771,56143
ZCTA5 56144,58375,56144
ZCTA5 56145,58750,56145
ZCTA5 56146,50500,56146
ZCTA5 56147,66250,56147
ZCTA5 56149,65556,56149
ZCTA5 56150,76844,56150
ZCTA5 56151,74167,56151
ZCTA5 56152,75536,56152
ZCTA5 56153,78750,56153
ZCTA5 56155,59363,56155
ZCTA5 56156,71066,56156
ZCTA5 56157,91250,56157
ZCTA5 56158,53462,56158
ZCTA5 56159,71648,56159
ZCTA5 56160,66667,56160
ZCTA5 56161,86000,56161
ZCTA5 56162,88625,56162
ZCTA5 56164,74201,56164
ZCTA5 56165,106250,56165
ZCTA5 56166,75875,56166
ZCTA5 56167,73203,56167
ZCTA5 56168,71786,56168
ZCTA5 56169,82083,56169
ZCTA5 56170,58750,56170
ZCTA5 56171,72554,56171
ZCTA5 56172,71875,56172
ZCTA5 56173,59286,56173
ZCTA5 56174,74688,56174
ZCTA5 56175,73750,56175
ZCTA5 56176,59125,56176
ZCTA5 56178,87031,56178
ZCTA5 56180,67689,56180
ZCTA5 56181,55750,56181
ZCTA5 56183,45536,56183
ZCTA5 56185,62083,56185
ZCTA5 56186,65833,56186
ZCTA5 56187,64326,56187
ZCTA5 56201,68804,56201
ZCTA5 56207,87969,56207
ZCTA5 56208,59766,56208
ZCTA5 56209,86118,56209
ZCTA5 56210,83750,56210
ZCTA5 56211,83250,56211
ZCTA5 56212,81250,56212
ZCTA5 56214,90694,56214
ZCTA5 56215,56604,56215
ZCTA5 56216,77059,56216
ZCTA5 56218,79375,56218
ZCTA5 56219,68833,56219
ZCTA5 56220,61414,56220
ZCTA5 56221,74583,56221
ZCTA5 56222,71429,56222
ZCTA5 56223,71667,56223
ZCTA5 56224,71250,56224
ZCTA5 56225,95978,56225
ZCTA5 56226,111750,56226
ZCTA5 56227,97604,56227
ZCTA5 56228,69844,56228
ZCTA5 56229,104375,56229
ZCTA5 56230,64583,56230
ZCTA5 56231,110000,56231
ZCTA5 56232,75069,56232
ZCTA5 56235,72500,56235
ZCTA5 56236,79750,56236
ZCTA5 56237,89000,56237
ZCTA5 56239,99821,56239
ZCTA5 56240,76500,56240
ZCTA5 56241,66875,56241
ZCTA5 56243,71528,56243
ZCTA5 56244,85417,56244
ZCTA5 56245,84583,56245
ZCTA5 56248,83000,56248
ZCTA5 56249,72250,56249
ZCTA5 56251,76917,56251
ZCTA5 56252,82571,56252
ZCTA5 56253,75391,56253
ZCTA5 56255,66667,56255
ZCTA5 56256,65521,56256
ZCTA5 56257,75417,56257
ZCTA5 56258,72731,56258
ZCTA5 56260,75750,56260
ZCTA5 56262,70625,56262
ZCTA5 56263,73636,56263
ZCTA5 56264,81071,56264
ZCTA5 56265,74848,56265
ZCTA5 56266,74000,56266
ZCTA5 56267,74442,56267
ZCTA5 56270,61944,56270
ZCTA5 56271,64861,56271
ZCTA5 56273,90122,56273
ZCTA5 56274,118889,56274
ZCTA5 56276,76250,56276
ZCTA5 56277,70326,56277
ZCTA5 56278,63203,56278
ZCTA5 56279,84000,56279
ZCTA5 56280,78214,56280
ZCTA5 56281,106667,56281
ZCTA5 56282,69896,56282
ZCTA5 56283,66352,56283
ZCTA5 56284,72500,56284
ZCTA5 56285,83984,56285
ZCTA5 56287,73750,56287
ZCTA5 56288,111021,56288
ZCTA5 56289,78958,56289
ZCTA5 56291,63438,56291
ZCTA5 56292,68523,56292
ZCTA5 56293,67396,56293
ZCTA5 56294,82083,56294
ZCTA5 56295,44167,56295
ZCTA5 56296,53527,56296
ZCTA5 56297,82250,56297
ZCTA5 56301,73142,56301
ZCTA5 56303,65198,56303
ZCTA5 56304,58148,56304
ZCTA5 56307,84097,56307
ZCTA5 56308,78177,56308
ZCTA5 56309,84750,56309
ZCTA5 56310,105164,56310
ZCTA5 56311,74583,56311
ZCTA5 56312,70000,56312
ZCTA5 56313,48333,56313
ZCTA5 56314,95972,56314
ZCTA5 56315,89514,56315
ZCTA5 56316,71111,56316
ZCTA5 56318,84297,56318
ZCTA5 56319,89712,56319
ZCTA5 56320,87026,56320
ZCTA5 56321,-666666666,56321
ZCTA5 56323,76806,56323
ZCTA5 56324,82917,56324
ZCTA5 56325,86875,56325
ZCTA5 56326,85625,56326
ZCTA5 56327,85000,56327
ZCTA5 56328,107188,56328
ZCTA5 56329,92738,56329
ZCTA5 56330,84519,56330
ZCTA5 56331,96042,56331
ZCTA5 56332,87917,56332
ZCTA5 56334,69525,56334
ZCTA5 56335,72625,56335
ZCTA5 56336,82679,56336
ZCTA5 56338,70938,56338
ZCTA5 56339,60893,56339
ZCTA5 56340,96250,56340
ZCTA5 56342,63295,56342
ZCTA5 56343,64659,56343
ZCTA5 56345,60676,56345
ZCTA5 56347,66641,56347
ZCTA5 56349,98958,56349
ZCTA5 56350,41667,56350
ZCTA5 56352,73721,56352
ZCTA5 56353,78763,56353
ZCTA5 56354,88693,56354
ZCTA5 56355,97500,56355
ZCTA5 56356,85000,56356
ZCTA5 56357,114531,56357
ZCTA5 56358,83594,56358
ZCTA5 56359,59457,56359
ZCTA5 56360,69013,56360
ZCTA5 56361,70541,56361
ZCTA5 56362,86212,56362
ZCTA5 56363,67500,56363
ZCTA5 56364,76638,56364
ZCTA5 56367,101771,56367
ZCTA5 56368,97407,56368
ZCTA5 56369,98077,56369
ZCTA5 56371,51250,56371
ZCTA5 56373,91192,56373
ZCTA5 56374,80156,56374
ZCTA5 56375,105313,56375
ZCTA5 56376,59219,56376
ZCTA5 56377,87172,56377
ZCTA5 56378,72567,56378
ZCTA5 56379,76138,56379
ZCTA5 56381,77146,56381
ZCTA5 56382,76125,56382
ZCTA5 56384,48750,56384
ZCTA5 56385,73500,56385
ZCTA5 56386,54583,56386
ZCTA5 56387,59009,56387
ZCTA5 56389,68333,56389
ZCTA5 56401,73128,56401
ZCTA5 56425,70740,56425
ZCTA5 56431,67828,56431
ZCTA5 56433,58889,56433
ZCTA5 56434,48750,56434
ZCTA5 56435,62381,56435
ZCTA5 56437,60345,56437
ZCTA5 56438,62500,56438
ZCTA5 56440,53250,56440
ZCTA5 56441,50298,56441
ZCTA5 56442,79896,56442
ZCTA5 56443,71310,56443
ZCTA5 56444,77500,56444
ZCTA5 56446,56979,56446
ZCTA5 56447,64464,56447
ZCTA5 56448,93365,56448
ZCTA5 56449,74861,56449
ZCTA5 56450,61394,56450
ZCTA5 56452,62941,56452
ZCTA5 56453,70833,56453
ZCTA5 56455,73214,56455
ZCTA5 56458,85625,56458
ZCTA5 56461,78188,56461
ZCTA5 56464,70833,56464
ZCTA5 56465,74400,56465
ZCTA5 56466,61910,56466
ZCTA5 56467,74297,56467
ZCTA5 56468,100300,56468
ZCTA5 56469,66042,56469
ZCTA5 56470,67500,56470
ZCTA5 56472,81328,56472
ZCTA5 56473,85950,56473
ZCTA5 56474,59922,56474
ZCTA5 56475,64327,56475
ZCTA5 56477,57857,56477
ZCTA5 56479,59920,56479
ZCTA5 56481,73295,56481
ZCTA5 56482,64439,56482
ZCTA5 56484,67019,56484
ZCTA5 56501,70037,56501
ZCTA5 56510,70000,56510
ZCTA5 56511,89875,56511
ZCTA5 56514,100845,56514
ZCTA5 56515,73750,56515
ZCTA5 56516,69250,56516
ZCTA5 56517,92500,56517
ZCTA5 56518,71250,56518
ZCTA5 56519,64297,56519
ZCTA5 56520,64792,56520
ZCTA5 56521,68750,56521
ZCTA5 56522,82361,56522
ZCTA5 56523,56685,56523
ZCTA5 56524,95938,56524
ZCTA5 56525,76250,56525
ZCTA5 56527,64375,56527
ZCTA5 56528,79500,56528
ZCTA5 56529,90694,56529
ZCTA5 56531,74583,56531
ZCTA5 56533,67250,56533
ZCTA5 56534,70694,56534
ZCTA5 56535,65536,56535
ZCTA5 56536,69375,56536
ZCTA5 56537,65473,56537
ZCTA5 56540,83646,56540
ZCTA5 56541,89375,56541
ZCTA5 56542,59706,56542
ZCTA5 56543,89500,56543
ZCTA5 56544,72885,56544
ZCTA5 56545,85417,56545
ZCTA5 56546,78750,56546
ZCTA5 56547,102500,56547
ZCTA5 56548,64896,56548
ZCTA5 56549,105968,56549
ZCTA5 56550,86667,56550
ZCTA5 56551,63750,56551
ZCTA5 56552,51786,56552
ZCTA5 56553,66994,56553
ZCTA5 56554,94792,56554
ZCTA5 56556,61786,56556
ZCTA5 56557,57731,56557
ZCTA5 56560,75406,56560
ZCTA5 56562,-666666666,56562
ZCTA5 56563,-666666666,56563
ZCTA5 56565,53846,56565
ZCTA5 56566,44583,56566
ZCTA5 56567,72500,56567
ZCTA5 56568,40000,56568
ZCTA5 56569,57434,56569
ZCTA5 56570,61042,56570
ZCTA5 56571,85865,56571
ZCTA5 56572,79475,56572
ZCTA5 56573,68770,56573
ZCTA5 56574,79792,56574
ZCTA5 56575,56534,56575
ZCTA5 56576,63750,56576
ZCTA5 56578,90000,56578
ZCTA5 56579,89583,56579
ZCTA5 56580,107813,56580
ZCTA5 56581,53750,56581
ZCTA5 56583,71250,56583
ZCTA5 56584,69625,56584
ZCTA5 56585,71250,56585
ZCTA5 56586,79583,56586
ZCTA5 56587,88000,56587
ZCTA5 56588,74306,56588
ZCTA5 56589,72969,56589
ZCTA5 56590,70500,56590
ZCTA5 56591,16793,56591
ZCTA5 56592,59167,56592
ZCTA5 56594,95833,56594
ZCTA5 56601,72262,56601
ZCTA5 56621,63721,56621
ZCTA5 56623,87750,56623
ZCTA5 56626,44853,56626
ZCTA5 56627,36500,56627
ZCTA5 56628,61250,56628
ZCTA5 56629,90938,56629
ZCTA5 56630,50333,56630
ZCTA5 56633,67981,56633
ZCTA5 56634,64886,56634
ZCTA5 56636,61289,56636
ZCTA5 56637,58750,56637
ZCTA5 56639,30625,56639
ZCTA5 56641,39688,56641
ZCTA5 56644,56364,56644
ZCTA5 56646,48750,56646
ZCTA5 56647,78625,56647
ZCTA5 56649,64736,56649
ZCTA5 56650,71667,56650
ZCTA5 56651,80750,56651
ZCTA5 56652,64583,56652
ZCTA5 56653,74583,56653
ZCTA5 56654,51250,56654
ZCTA5 56655,57404,56655
ZCTA5 56657,72629,56657
ZCTA5 56658,-666666666,56658
ZCTA5 56659,98750,56659
ZCTA5 56660,64464,56660
ZCTA5 56661,65469,56661
ZCTA5 56662,69643,56662
ZCTA5 56663,50278,56663
ZCTA5 56666,-666666666,56666
ZCTA5 56667,87292,56667
ZCTA5 56668,116250,56668
ZCTA5 56669,64688,56669
ZCTA5 56670,57132,56670
ZCTA5 56671,48625,56671
ZCTA5 56672,61842,56672
ZCTA5 56673,68500,56673
ZCTA5 56676,74167,56676
ZCTA5 56678,73194,56678
ZCTA5 56680,51250,56680
ZCTA5 56681,50833,56681
ZCTA5 56683,79659,56683
ZCTA5 56684,73750,56684
ZCTA5 56685,-666666666,56685
ZCTA5 56686,80417,56686
ZCTA5 56688,71250,56688
ZCTA5 56701,78599,56701
ZCTA5 56710,68000,56710
ZCTA5 56711,33852,56711
ZCTA5 56713,87188,56713
ZCTA5 56714,70962,56714
ZCTA5 56715,77875,56715
ZCTA5 56716,59744,56716
ZCTA5 56720,-666666666,56720
ZCTA5 56721,82525,56721
ZCTA5 56722,94375,56722
ZCTA5 56723,106250,56723
ZCTA5 56724,48750,56724
ZCTA5 56725,72917,56725
ZCTA5 56726,71667,56726
ZCTA5 56727,87250,56727
ZCTA5 56728,79444,56728
ZCTA5 56729,78750,56729
ZCTA5 56731,75125,56731
ZCTA5 56732,72344,56732
ZCTA5 56733,57361,56733
ZCTA5 56734,78281,56734
ZCTA5 56735,73750,56735
ZCTA5 56736,95000,56736
ZCTA5 56737,72679,56737
ZCTA5 56738,71250,56738
ZCTA5 56742,92500,56742
ZCTA5 56744,81750,56744
ZCTA5 56748,87500,56748
ZCTA5 56750,71875,56750
ZCTA5 56751,77279,56751
ZCTA5 56754,79167,56754
ZCTA5 56755,91250,56755
ZCTA5 56756,94583,56756
ZCTA5 56757,80938,56757
ZCTA5 56758,56667,56758
ZCTA5 56759,75625,56759
ZCTA5 56760,85250,56760
ZCTA5 56761,75729,56761
ZCTA5 56762,62933,56762
ZCTA5 56763,65000,56763
ZCTA5 57001,69531,57001
ZCTA5 57002,93214,57002
ZCTA5 57003,111932,57003
ZCTA5 57004,88750,57004
ZCTA5 57005,112500,57005
ZCTA5 57006,66337,57006
ZCTA5 57007,-666666666,57007
ZCTA5 57010,93611,57010
ZCTA5 57012,94375,57012
ZCTA5 57013,76458,57013
ZCTA5 57014,77000,57014
ZCTA5 57015,110250,57015
ZCTA5 57016,95815,57016
ZCTA5 57017,96447,57017
ZCTA5 57018,97500,57018
ZCTA5 57020,101500,57020
ZCTA5 57021,76488,57021
ZCTA5 57022,100656,57022
ZCTA5 57024,98333,57024
ZCTA5 57025,94839,57025
ZCTA5 57026,80568,57026
ZCTA5 57027,-666666666,57027
ZCTA5 57028,72798,57028
ZCTA5 57029,73750,57029
ZCTA5 57030,79375,57030
ZCTA5 57031,64794,57031
ZCTA5 57032,111528,57032
ZCTA5 57033,105560,57033
ZCTA5 57034,89688,57034
ZCTA5 57035,99565,57035
ZCTA5 57036,85000,57036
ZCTA5 57037,72250,57037
ZCTA5 57038,106250,57038
ZCTA5 57039,83787,57039
ZCTA5 57040,72250,57040
ZCTA5 57041,158393,57041
ZCTA5 57042,71868,57042
ZCTA5 57043,64375,57043
ZCTA5 57045,76042,57045
ZCTA5 57046,88583,57046
ZCTA5 57047,55417,57047
ZCTA5 57048,84081,57048
ZCTA5 57049,93134,57049
ZCTA5 57050,116563,57050
ZCTA5 57051,56250,57051
ZCTA5 57052,118750,57052
ZCTA5 57053,93393,57053
ZCTA5 57054,86875,57054
ZCTA5 57055,120341,57055
ZCTA5 57057,71500,57057
ZCTA5 57058,84286,57058
ZCTA5 57059,59779,57059
ZCTA5 57061,56875,57061
ZCTA5 57062,62321,57062
ZCTA5 57063,92500,57063
ZCTA5 57064,119022,57064
ZCTA5 57065,70000,57065
ZCTA5 57066,56389,57066
ZCTA5 57067,102941,57067
ZCTA5 57068,112847,57068
ZCTA5 57069,53327,57069
ZCTA5 57070,61522,57070
ZCTA5 57071,77138,57071
ZCTA5 57072,91750,57072
ZCTA5 57073,73281,57073
ZCTA5 57075,106763,57075
ZCTA5 57076,118281,57076
ZCTA5 57077,88125,57077
ZCTA5 57078,71268,57078
ZCTA5 57103,72831,57103
ZCTA5 57104,57688,57104
ZCTA5 57105,77292,57105
ZCTA5 57106,77580,57106
ZCTA5 57107,74141,57107
ZCTA5 57108,98197,57108
ZCTA5 57110,88955,57110
ZCTA5 57117,-666666666,57117
ZCTA5 57197,-666666666,57197
ZCTA5 57201,72878,57201
ZCTA5 57212,93750,57212
ZCTA5 57213,81932,57213
ZCTA5 57214,65000,57214
ZCTA5 57216,88203,57216
ZCTA5 57217,64125,57217
ZCTA5 57218,66250,57218
ZCTA5 57219,51900,57219
ZCTA5 57220,86094,57220
ZCTA5 57221,73988,57221
ZCTA5 57223,92424,57223
ZCTA5 57224,59063,57224
ZCTA5 57225,66875,57225
ZCTA5 57226,83125,57226
ZCTA5 57227,96500,57227
ZCTA5 57231,78646,57231
ZCTA5 57232,93750,57232
ZCTA5 57233,82917,57233
ZCTA5 57234,82358,57234
ZCTA5 57235,83462,57235
ZCTA5 57236,84167,57236
ZCTA5 57237,87153,57237
ZCTA5 57238,66250,57238
ZCTA5 57239,106389,57239
ZCTA5 57241,85833,57241
ZCTA5 57242,113958,57242
ZCTA5 57243,48542,57243
ZCTA5 57245,86250,57245
ZCTA5 57246,72917,57246
ZCTA5 57247,50455,57247
ZCTA5 57248,96364,57248
ZCTA5 57249,63182,57249
ZCTA5 57251,72292,57251
ZCTA5 57252,70479,57252
ZCTA5 57255,63393,57255
ZCTA5 57256,66500,57256
ZCTA5 57257,55625,57257
ZCTA5 57258,58295,57258
ZCTA5 57259,80250,57259
ZCTA5 57260,82656,57260
ZCTA5 57261,77813,57261
ZCTA5 57262,51889,57262
ZCTA5 57263,58214,57263
ZCTA5 57264,79583,57264
ZCTA5 57265,69519,57265
ZCTA5 57266,72500,57266
ZCTA5 57268,76250,57268
ZCTA5 57269,98333,57269
ZCTA5 57270,77708,57270
ZCTA5 57271,85524,57271
ZCTA5 57272,83750,57272
ZCTA5 57273,48167,57273
ZCTA5 57274,68083,57274
ZCTA5 57276,67639,57276
ZCTA5 57278,70208,57278
ZCTA5 57279,71324,57279
ZCTA5 57301,65620,57301
ZCTA5 57311,103839,57311
ZCTA5 57312,91688,57312
ZCTA5 57313,89107,57313
ZCTA5 57314,85515,57314
ZCTA5 57315,73750,57315
ZCTA5 57317,50833,57317
ZCTA5 57319,69792,57319
ZCTA5 57321,93125,57321
ZCTA5 57322,71667,57322
ZCTA5 57323,51250,57323
ZCTA5 57324,67019,57324
ZCTA5 57325,80139,57325
ZCTA5 57328,86985,57328
ZCTA5 57329,62115,57329
ZCTA5 57330,71563,57330
ZCTA5 57331,101406,57331
ZCTA5 57332,69583,57332
ZCTA5 57334,62167,57334
ZCTA5 57335,92813,57335
ZCTA5 57337,75197,57337
ZCTA5 57339,46136,57339
ZCTA5 57340,58500,57340
ZCTA5 57341,-666666666,57341
ZCTA5 57342,75313,57342
ZCTA5 57344,-666666666,57344
ZCTA5 57345,75735,57345
ZCTA5 57346,-666666666,57346
ZCTA5 57348,83542,57348
ZCTA5 57349,75179,57349
ZCTA5 57350,66573,57350
ZCTA5 57353,75625,57353
ZCTA5 57354,-666666666,57354
ZCTA5 57355,63125,57355
ZCTA5 57356,54107,57356
ZCTA5 57358,85000,57358
ZCTA5 57359,106818,57359
ZCTA5 57361,19830,57361
ZCTA5 57362,67083,57362
ZCTA5 57363,77841,57363
ZCTA5 57364,-666666666,57364
ZCTA5 57365,76000,57365
ZCTA5 57366,78155,57366
ZCTA5 57367,87188,57367
ZCTA5 57368,74688,57368
ZCTA5 57369,78100,57369
ZCTA5 57370,58824,57370
ZCTA5 57371,74196,57371
ZCTA5 57373,46607,57373
ZCTA5 57374,79167,57374
ZCTA5 57375,70250,57375
ZCTA5 57376,61538,57376
ZCTA5 57379,107031,57379
ZCTA5 57380,62135,57380
ZCTA5 57381,79231,57381
ZCTA5 57382,79375,57382
ZCTA5 57383,62917,57383
ZCTA5 57384,64063,57384
ZCTA5 57385,70404,57385
ZCTA5 57386,76250,57386
ZCTA5 57401,68835,57401
ZCTA5 57420,40469,57420
ZCTA5 57421,-666666666,57421
ZCTA5 57422,88125,57422
ZCTA5 57424,75000,57424
ZCTA5 57426,78875,57426
ZCTA5 57427,83977,57427
ZCTA5 57428,64375,57428
ZCTA5 57429,-666666666,57429
ZCTA5 57430,70484,57430
ZCTA5 57432,112765,57432
ZCTA5 57433,50417,57433
ZCTA5 57434,73393,57434
ZCTA5 57435,97750,57435
ZCTA5 57436,73333,57436
ZCTA5 57437,49276,57437
ZCTA5 57438,70673,57438
ZCTA5 57439,-666666666,57439
ZCTA5 57440,54625,57440
ZCTA5 57441,108009,57441
ZCTA5 57442,65625,57442
ZCTA5 57445,84948,57445
ZCTA5 57446,44375,57446
ZCTA5 57448,66538,57448
ZCTA5 57449,150000,57449
ZCTA5 57450,86833,57450
ZCTA5 57451,86000,57451
ZCTA5 57452,53571,57452
ZCTA5 57454,81250,57454
ZCTA5 57455,86250,57455
ZCTA5 57456,75833,57456
ZCTA5 57457,140417,57457
ZCTA5 57460,139500,57460
ZCTA5 57461,105536,57461
ZCTA5 57465,120250,57465
ZCTA5 57466,51172,57466
ZCTA5 57467,59063,57467
ZCTA5 57468,76250,57468
ZCTA5 57469,66111,57469
ZCTA5 57470,108281,57470
ZCTA5 57471,67500,57471
ZCTA5 57472,61708,57472
ZCTA5 57473,23750,57473
ZCTA5 57474,100833,57474
ZCTA5 57475,88125,57475
ZCTA5 57476,76750,57476
ZCTA5 57477,59375,57477
ZCTA5 57479,102222,57479
ZCTA5 57481,68125,57481
ZCTA5 57501,81791,57501
ZCTA5 57520,50417,57520
ZCTA5 57521,57813,57521
ZCTA5 57522,72188,57522
ZCTA5 57523,68750,57523
ZCTA5 57528,61292,57528
ZCTA5 57529,75313,57529
ZCTA5 57531,60625,57531
ZCTA5 57532,87966,57532
ZCTA5 57533,58500,57533
ZCTA5 57534,33438,57534
ZCTA5 57536,53125,57536
ZCTA5 57537,-666666666,57537
ZCTA5 57538,46875,57538
ZCTA5 57540,-666666666,57540
ZCTA5 57541,250001,57541
ZCTA5 57543,36250,57543
ZCTA5 57544,78750,57544
ZCTA5 57547,78523,57547
ZCTA5 57548,35750,57548
ZCTA5 57551,70096,57551
ZCTA5 57552,63500,57552
ZCTA5 57553,-666666666,57553
ZCTA5 57555,40694,57555
ZCTA5 57559,66818,57559
ZCTA5 57560,-666666666,57560
ZCTA5 57562,-666666666,57562
ZCTA5 57563,-666666666,57563
ZCTA5 57564,74297,57564
ZCTA5 57566,14176,57566
ZCTA5 57567,59410,57567
ZCTA5 57568,83188,57568
ZCTA5 57569,74722,57569
ZCTA5 57570,51788,57570
ZCTA5 57571,-666666666,57571
ZCTA5 57572,40417,57572
ZCTA5 57574,2499,57574
ZCTA5 57576,100208,57576
ZCTA5 57577,20625,57577
ZCTA5 57579,56474,57579
ZCTA5 57580,59547,57580
ZCTA5 57584,38125,57584
ZCTA5 57585,-666666666,57585
ZCTA5 57601,66003,57601
ZCTA5 57620,90500,57620
ZCTA5 57621,32589,57621
ZCTA5 57622,-666666666,57622
ZCTA5 57623,59946,57623
ZCTA5 57625,43235,57625
ZCTA5 57626,68036,57626
ZCTA5 57630,-666666666,57630
ZCTA5 57631,56827,57631
ZCTA5 57632,81719,57632
ZCTA5 57633,78750,57633
ZCTA5 57634,88125,57634
ZCTA5 57636,112375,57636
ZCTA5 57638,58533,57638
ZCTA5 57639,21250,57639
ZCTA5 57640,250001,57640
ZCTA5 57641,83750,57641
ZCTA5 57642,58750,57642
ZCTA5 57644,68229,57644
ZCTA5 57645,56667,57645
ZCTA5 57646,101406,57646
ZCTA5 57648,61354,57648
ZCTA5 57649,84500,57649
ZCTA5 57650,-666666666,57650
ZCTA5 57651,94559,57651
ZCTA5 57652,19327,57652
ZCTA5 57656,66094,57656
ZCTA5 57657,-666666666,57657
ZCTA5 57658,23000,57658
ZCTA5 57659,103333,57659
ZCTA5 57660,67292,57660
ZCTA5 57661,55000,57661
ZCTA5 57701,56461,57701
ZCTA5 57702,91457,57702
ZCTA5 57703,83739,57703
ZCTA5 57706,57162,57706
ZCTA5 57714,-666666666,57714
ZCTA5 57716,-666666666,57716
ZCTA5 57717,77689,57717
ZCTA5 57718,84162,57718
ZCTA5 57719,74885,57719
ZCTA5 57720,79091,57720
ZCTA5 57722,59306,57722
ZCTA5 57724,61146,57724
ZCTA5 57725,48214,57725
ZCTA5 57730,83469,57730
ZCTA5 57732,43636,57732
ZCTA5 57735,71576,57735
ZCTA5 57737,-666666666,57737
ZCTA5 57738,52308,57738
ZCTA5 57741,-666666666,57741
ZCTA5 57744,106250,57744
ZCTA5 57745,88194,57745
ZCTA5 57747,68443,57747
ZCTA5 57748,-666666666,57748
ZCTA5 57750,-666666666,57750
ZCTA5 57751,97969,57751
ZCTA5 57752,82604,57752
ZCTA5 57754,66250,57754
ZCTA5 57755,68125,57755
ZCTA5 57756,-666666666,57756
ZCTA5 57758,-666666666,57758
ZCTA5 57759,75500,57759
ZCTA5 57760,65054,57760
ZCTA5 57761,97734,57761
ZCTA5 57762,68125,57762
ZCTA5 57763,74318,57763
ZCTA5 57764,21545,57764
ZCTA5 57766,96146,57766
ZCTA5 57767,250001,57767
ZCTA5 57769,94375,57769
ZCTA5 57770,52250,57770
ZCTA5 57772,57785,57772
ZCTA5 57773,-666666666,57773
ZCTA5 57775,77750,57775
ZCTA5 57776,-666666666,57776
ZCTA5 57779,-666666666,57779
ZCTA5 57780,40192,57780
ZCTA5 57782,65500,57782
ZCTA5 57783,74844,57783
ZCTA5 57785,63897,57785
ZCTA5 57787,53750,57787
ZCTA5 57788,85380,57788
ZCTA5 57790,75096,57790
ZCTA5 57791,42250,57791
ZCTA5 57792,103567,57792
ZCTA5 57793,87351,57793
ZCTA5 57794,-666666666,57794
ZCTA5 57799,-666666666,57799
ZCTA5 58001,64844,58001
ZCTA5 58002,-666666666,58002
ZCTA5 58004,72250,58004
ZCTA5 58005,142917,58005
ZCTA5 58006,95313,58006
ZCTA5 58007,81250,58007
ZCTA5 58008,119167,58008
ZCTA5 58009,-666666666,58009
ZCTA5 58011,99853,58011
ZCTA5 58012,75000,58012
ZCTA5 58013,78125,58013
ZCTA5 58015,103438,58015
ZCTA5 58016,109359,58016
ZCTA5 58017,61250,58017
ZCTA5 58018,105000,58018
ZCTA5 58021,108750,58021
ZCTA5 58027,75774,58027
ZCTA5 58029,145625,58029
ZCTA5 58030,75909,58030
ZCTA5 58031,57438,58031
ZCTA5 58032,85329,58032
ZCTA5 58033,90000,58033
ZCTA5 58035,131471,58035
ZCTA5 58036,100625,58036
ZCTA5 58038,112750,58038
ZCTA5 58040,67143,58040
ZCTA5 58041,85368,58041
ZCTA5 58042,137500,58042
ZCTA5 58043,130694,58043
ZCTA5 58045,86484,58045
ZCTA5 58046,65625,58046
ZCTA5 58047,142361,58047
ZCTA5 58048,100227,58048
ZCTA5 58049,103571,58049
ZCTA5 58051,107396,58051
ZCTA5 58052,87813,58052
ZCTA5 58053,51339,58053
ZCTA5 58054,75370,58054
ZCTA5 58056,29178,58056
ZCTA5 58057,70156,58057
ZCTA5 58058,79375,58058
ZCTA5 58059,115469,58059
ZCTA5 58060,77143,58060
ZCTA5 58061,93125,58061
ZCTA5 58062,72250,58062
ZCTA5 58063,99286,58063
ZCTA5 58064,75625,58064
ZCTA5 58065,-666666666,58065
ZCTA5 58067,92969,58067
ZCTA5 58068,60833,58068
ZCTA5 58069,-666666666,58069
ZCTA5 58071,109375,58071
ZCTA5 58072,64375,58072
ZCTA5 58074,-666666666,58074
ZCTA5 58075,68537,58075
ZCTA5 58076,-666666666,58076
ZCTA5 58077,108750,58077
ZCTA5 58078,91040,58078
ZCTA5 58079,126477,58079
ZCTA5 58081,87632,58081
ZCTA5 58102,59533,58102
ZCTA5 58103,58801,58103
ZCTA5 58104,85747,58104
ZCTA5 58105,123636,58105
ZCTA5 58201,68143,58201
ZCTA5 58202,29600,58202
ZCTA5 58203,60474,58203
ZCTA5 58204,73145,58204
ZCTA5 58205,-666666666,58205
ZCTA5 58210,47500,58210
ZCTA5 58212,60972,58212
ZCTA5 58214,111944,58214
ZCTA5 58216,94375,58216
ZCTA5 58218,91964,58218
ZCTA5 58219,81724,58219
ZCTA5 58220,61199,58220
ZCTA5 58222,73500,58222
ZCTA5 58223,96750,58223
ZCTA5 58224,128125,58224
ZCTA5 58225,74250,58225
ZCTA5 58227,78264,58227
ZCTA5 58228,70625,58228
ZCTA5 58229,29357,58229
ZCTA5 58230,81250,58230
ZCTA5 58231,85833,58231
ZCTA5 58233,84375,58233
ZCTA5 58235,81042,58235
ZCTA5 58236,-666666666,58236
ZCTA5 58237,70201,58237
ZCTA5 58238,134107,58238
ZCTA5 58239,146125,58239
ZCTA5 58240,85950,58240
ZCTA5 58241,54091,58241
ZCTA5 58243,85625,58243
ZCTA5 58244,175313,58244
ZCTA5 58249,64571,58249
ZCTA5 58250,108375,58250
ZCTA5 58251,100625,58251
ZCTA5 58254,86563,58254
ZCTA5 58255,-666666666,58255
ZCTA5 58256,91125,58256
ZCTA5 58257,60395,58257
ZCTA5 58258,56071,58258
ZCTA5 58259,55000,58259
ZCTA5 58260,57813,58260
ZCTA5 58261,78864,58261
ZCTA5 58262,105000,58262
ZCTA5 58265,82500,58265
ZCTA5 58266,88889,58266
ZCTA5 58267,88015,58267
ZCTA5 58269,-666666666,58269
ZCTA5 58270,69811,58270
ZCTA5 58271,102917,58271
ZCTA5 58272,76875,58272
ZCTA5 58273,52500,58273
ZCTA5 58274,105395,58274
ZCTA5 58275,105385,58275
ZCTA5 58276,83125,58276
ZCTA5 58277,70208,58277
ZCTA5 58278,111250,58278
ZCTA5 58281,128750,58281
ZCTA5 58282,52083,58282
ZCTA5 58301,59515,58301
ZCTA5 58310,-666666666,58310
ZCTA5 58311,82386,58311
ZCTA5 58313,32813,58313
ZCTA5 58316,66932,58316
ZCTA5 58317,66989,58317
ZCTA5 58318,85729,58318
ZCTA5 58321,95000,58321
ZCTA5 58323,250001,58323
ZCTA5 58324,61146,58324
ZCTA5 58325,-666666666,58325
ZCTA5 58327,96157,58327
ZCTA5 58329,51065,58329
ZCTA5 58330,70986,58330
ZCTA5 58331,-666666666,58331
ZCTA5 58332,53750,58332
ZCTA5 58335,-666666666,58335
ZCTA5 58338,64531,58338
ZCTA5 58339,-666666666,58339
ZCTA5 58341,61641,58341
ZCTA5 58343,-666666666,58343
ZCTA5 58344,66957,58344
ZCTA5 58345,93750,58345
ZCTA5 58346,85469,58346
ZCTA5 58348,62563,58348
ZCTA5 58351,72917,58351
ZCTA5 58352,94000,58352
ZCTA5 58353,-666666666,58353
ZCTA5 58355,104375,58355
ZCTA5 58356,51042,58356
ZCTA5 58357,76458,58357
ZCTA5 58361,131106,58361
ZCTA5 58362,-666666666,58362
ZCTA5 58363,90694,58363
ZCTA5 58365,53750,58365
ZCTA5 58366,91071,58366
ZCTA5 58367,63750,58367
ZCTA5 58368,58854,58368
ZCTA5 58369,68235,58369
ZCTA5 58370,43750,58370
ZCTA5 58372,155391,58372
ZCTA5 58374,64688,58374
ZCTA5 58377,91667,58377
ZCTA5 58379,42333,58379
ZCTA5 58380,67083,58380
ZCTA5 58381,90500,58381
ZCTA5 58382,70536,58382
ZCTA5 58384,87500,58384
ZCTA5 58385,87250,58385
ZCTA5 58386,85000,58386
ZCTA5 58401,60228,58401
ZCTA5 58402,-666666666,58402
ZCTA5 58405,-666666666,58405
ZCTA5 58413,51250,58413
ZCTA5 58415,70000,58415
ZCTA5 58416,58438,58416
ZCTA5 58418,55357,58418
ZCTA5 58420,114583,58420
ZCTA5 58421,89097,58421
ZCTA5 58422,131477,58422
ZCTA5 58423,-666666666,58423
ZCTA5 58424,81563,58424
ZCTA5 58425,59773,58425
ZCTA5 58426,91071,58426
ZCTA5 58428,74028,58428
ZCTA5 58429,70972,58429
ZCTA5 58430,52083,58430
ZCTA5 58431,62083,58431
ZCTA5 58433,70375,58433
ZCTA5 58436,69286,58436
ZCTA5 58438,67244,58438
ZCTA5 58439,73611,58439
ZCTA5 58440,67083,58440
ZCTA5 58441,88125,58441
ZCTA5 58442,56920,58442
ZCTA5 58443,73500,58443
ZCTA5 58444,52188,58444
ZCTA5 58445,72250,58445
ZCTA5 58448,60714,58448
ZCTA5 58451,62115,58451
ZCTA5 58452,-666666666,58452
ZCTA5 58454,61875,58454
ZCTA5 58455,76500,58455
ZCTA5 58456,66607,58456
ZCTA5 58458,73250,58458
ZCTA5 58460,47500,58460
ZCTA5 58461,65375,58461
ZCTA5 58463,61667,58463
ZCTA5 58464,55938,58464
ZCTA5 58466,77448,58466
ZCTA5 58467,60938,58467
ZCTA5 58472,103409,58472
ZCTA5 58474,72969,58474
ZCTA5 58475,-666666666,58475
ZCTA5 58476,-666666666,58476
ZCTA5 58477,82778,58477
ZCTA5 58478,-666666666,58478
ZCTA5 58479,63750,58479
ZCTA5 58480,87500,58480
ZCTA5 58481,90714,58481
ZCTA5 58482,64583,58482
ZCTA5 58483,57292,58483
ZCTA5 58484,170500,58484
ZCTA5 58486,-666666666,58486
ZCTA5 58487,56875,58487
ZCTA5 58488,79808,58488
ZCTA5 58490,115625,58490
ZCTA5 58492,117670,58492
ZCTA5 58494,90577,58494
ZCTA5 58495,73661,58495
ZCTA5 58496,110804,58496
ZCTA5 58497,115357,58497
ZCTA5 58501,68755,58501
ZCTA5 58503,102333,58503
ZCTA5 58504,85637,58504
ZCTA5 58505,-666666666,58505
ZCTA5 58520,96188,58520
ZCTA5 58521,135456,58521
ZCTA5 58523,81806,58523
ZCTA5 58524,83194,58524
ZCTA5 58528,33333,58528
ZCTA5 58529,65536,58529
ZCTA5 58530,82000,58530
ZCTA5 58531,81071,58531
ZCTA5 58532,54500,58532
ZCTA5 58533,36125,58533
ZCTA5 58535,66375,58535
ZCTA5 58538,34858,58538
ZCTA5 58540,76319,58540
ZCTA5 58541,98000,58541
ZCTA5 58542,46250,58542
ZCTA5 58544,76250,58544
ZCTA5 58545,81641,58545
ZCTA5 58549,70250,58549
ZCTA5 58552,65515,58552
ZCTA5 58554,80120,58554
ZCTA5 58558,104550,58558
ZCTA5 58559,80000,58559
ZCTA5 58560,-666666666,58560
ZCTA5 58561,61688,58561
ZCTA5 58562,62955,58562
ZCTA5 58563,78214,58563
ZCTA5 58564,80625,58564
ZCTA5 58565,73333,58565
ZCTA5 58566,52097,58566
ZCTA5 58568,58636,58568
ZCTA5 58569,-666666666,58569
ZCTA5 58570,110938,58570
ZCTA5 58571,61250,58571
ZCTA5 58572,56250,58572
ZCTA5 58573,68750,58573
ZCTA5 58575,83214,58575
ZCTA5 58576,102614,58576
ZCTA5 58577,74471,58577
ZCTA5 58579,93750,58579
ZCTA5 58580,110347,58580
ZCTA5 58581,63047,58581
ZCTA5 58601,85821,58601
ZCTA5 58620,76875,58620
ZCTA5 58621,67000,58621
ZCTA5 58622,82692,58622
ZCTA5 58623,64487,58623
ZCTA5 58625,-666666666,58625
ZCTA5 58626,93224,58626
ZCTA5 58627,93036,58627
ZCTA5 58630,62143,58630
ZCTA5 58631,58036,58631
ZCTA5 58632,60000,58632
ZCTA5 58634,157750,58634
ZCTA5 58636,62222,58636
ZCTA5 58638,63854,58638
ZCTA5 58639,63636,58639
ZCTA5 58640,100688,58640
ZCTA5 58641,60625,58641
ZCTA5 58642,101700,58642
ZCTA5 58643,62188,58643
ZCTA5 58644,-666666666,58644
ZCTA5 58645,78086,58645
ZCTA5 58646,56667,58646
ZCTA5 58647,84583,58647
ZCTA5 58649,68839,58649
ZCTA5 58650,74167,58650
ZCTA5 58651,75956,58651
ZCTA5 58652,79524,58652
ZCTA5 58653,85714,58653
ZCTA5 58654,89583,58654
ZCTA5 58655,126071,58655
ZCTA5 58656,101000,58656
ZCTA5 58701,73269,58701
ZCTA5 58703,82728,58703
ZCTA5 58704,62500,58704
ZCTA5 58705,-666666666,58705
ZCTA5 58707,-666666666,58707
ZCTA5 58710,69792,58710
ZCTA5 58711,64167,58711
ZCTA5 58712,37500,58712
ZCTA5 58713,85833,58713
ZCTA5 58716,61959,58716
ZCTA5 58718,82500,58718
ZCTA5 58721,83750,58721
ZCTA5 58722,85417,58722
ZCTA5 58723,59615,58723
ZCTA5 58725,74792,58725
ZCTA5 58727,105417,58727
ZCTA5 58730,83583,58730
ZCTA5 58731,102083,58731
ZCTA5 58733,101429,58733
ZCTA5 58734,76250,58734
ZCTA5 58735,150000,58735
ZCTA5 58736,56103,58736
ZCTA5 58737,-666666666,58737
ZCTA5 58740,87321,58740
ZCTA5 58741,83333,58741
ZCTA5 58744,80000,58744
ZCTA5 58746,70263,58746
ZCTA5 58748,66625,58748
ZCTA5 58750,62375,58750
ZCTA5 58752,88636,58752
ZCTA5 58755,138705,58755
ZCTA5 58756,77188,58756
ZCTA5 58757,81500,58757
ZCTA5 58758,64464,58758
ZCTA5 58759,87321,58759
ZCTA5 58760,59792,58760
ZCTA5 58761,66063,58761
ZCTA5 58762,105208,58762
ZCTA5 58763,58110,58763
ZCTA5 58765,118594,58765
ZCTA5 58768,83438,58768
ZCTA5 58769,36875,58769
ZCTA5 58770,65341,58770
ZCTA5 58771,88558,58771
ZCTA5 58772,115405,58772
ZCTA5 58773,103750,58773
ZCTA5 58775,49844,58775
ZCTA5 58776,83155,58776
ZCTA5 58778,148777,58778
ZCTA5 58779,62917,58779
ZCTA5 58781,97778,58781
ZCTA5 58782,68125,58782
ZCTA5 58783,129375,58783
ZCTA5 58784,116616,58784
ZCTA5 58785,105375,58785
ZCTA5 58787,78281,58787
ZCTA5 58788,80595,58788
ZCTA5 58789,91786,58789
ZCTA5 58790,83233,58790
ZCTA5 58792,105221,58792
ZCTA5 58793,69167,58793
ZCTA5 58794,97500,58794
ZCTA5 58795,117344,58795
ZCTA5 58801,84702,58801
ZCTA5 58830,54063,58830
ZCTA5 58831,98380,58831
ZCTA5 58833,117292,58833
ZCTA5 58835,137500,58835
ZCTA5 58838,59392,58838
ZCTA5 58843,118750,58843
ZCTA5 58844,40500,58844
ZCTA5 58845,91806,58845
ZCTA5 58847,84950,58847
ZCTA5 58849,82250,58849
ZCTA5 58852,80595,58852
ZCTA5 58853,107969,58853
ZCTA5 58854,99000,58854
ZCTA5 58856,104688,58856
ZCTA5 59001,82692,59001
ZCTA5 59002,36771,59002
ZCTA5 59003,44833,59003
ZCTA5 59006,53304,59006
ZCTA5 59007,113750,59007
ZCTA5 59008,100469,59008
ZCTA5 59010,73250,59010
ZCTA5 59011,78000,59011
ZCTA5 59012,56250,59012
ZCTA5 59013,200125,59013
ZCTA5 59014,55234,59014
ZCTA5 59015,69583,59015
ZCTA5 59016,58750,59016
ZCTA5 59018,79375,59018
ZCTA5 59019,84591,59019
ZCTA5 59020,50000,59020
ZCTA5 59022,53083,59022
ZCTA5 59024,78125,59024
ZCTA5 59025,36500,59025
ZCTA5 59026,90278,59026
ZCTA5 59027,62260,59027
ZCTA5 59028,72969,59028
ZCTA5 59029,72188,59029
ZCTA5 59030,56542,59030
ZCTA5 59031,-666666666,59031
ZCTA5 59032,42000,59032
ZCTA5 59033,71635,59033
ZCTA5 59034,60726,59034
ZCTA5 59035,51726,59035
ZCTA5 59036,50000,59036
ZCTA5 59037,105099,59037
ZCTA5 59038,56513,59038
ZCTA5 59039,-666666666,59039
ZCTA5 59041,80500,59041
ZCTA5 59043,29028,59043
ZCTA5 59044,87648,59044
ZCTA5 59046,74000,59046
ZCTA5 59047,71620,59047
ZCTA5 59050,62500,59050
ZCTA5 59052,60547,59052
ZCTA5 59053,44038,59053
ZCTA5 59054,54250,59054
ZCTA5 59055,163750,59055
ZCTA5 59057,80571,59057
ZCTA5 59058,-666666666,59058
ZCTA5 59059,39519,59059
ZCTA5 59061,92031,59061
ZCTA5 59062,28750,59062
ZCTA5 59063,99432,59063
ZCTA5 59064,-666666666,59064
ZCTA5 59065,-666666666,59065
ZCTA5 59066,52000,59066
ZCTA5 59067,72500,59067
ZCTA5 59068,80962,59068
ZCTA5 59069,72500,59069
ZCTA5 59070,96250,59070
ZCTA5 59071,92500,59071
ZCTA5 59072,59594,59072
ZCTA5 59074,49792,59074
ZCTA5 59075,24063,59075
ZCTA5 59076,-666666666,59076
ZCTA5 59077,-666666666,59077
ZCTA5 59078,27000,59078
ZCTA5 59079,68047,59079
ZCTA5 59081,-666666666,59081
ZCTA5 59082,-666666666,59082
ZCTA5 59083,-666666666,59083
ZCTA5 59085,-666666666,59085
ZCTA5 59086,68565,59086
ZCTA5 59087,62813,59087
ZCTA5 59088,90625,59088
ZCTA5 59089,62870,59089
ZCTA5 59101,58598,59101
ZCTA5 59102,76141,59102
ZCTA5 59105,78014,59105
ZCTA5 59106,125833,59106
ZCTA5 59201,53311,59201
ZCTA5 59211,-666666666,59211
ZCTA5 59212,94444,59212
ZCTA5 59213,63125,59213
ZCTA5 59214,-666666666,59214
ZCTA5 59215,86000,59215
ZCTA5 59217,79242,59217
ZCTA5 59218,98833,59218
ZCTA5 59219,108750,59219
ZCTA5 59221,77115,59221
ZCTA5 59222,-666666666,59222
ZCTA5 59223,-666666666,59223
ZCTA5 59225,43594,59225
ZCTA5 59226,66190,59226
ZCTA5 59230,85000,59230
ZCTA5 59231,38971,59231
ZCTA5 59240,58750,59240
ZCTA5 59241,48512,59241
ZCTA5 59242,128750,59242
ZCTA5 59243,83500,59243
ZCTA5 59244,111250,59244
ZCTA5 59247,73750,59247
ZCTA5 59248,89821,59248
ZCTA5 59250,51375,59250
ZCTA5 59252,65750,59252
ZCTA5 59253,140938,59253
ZCTA5 59254,68750,59254
ZCTA5 59255,45379,59255
ZCTA5 59256,36607,59256
ZCTA5 59257,-666666666,59257
ZCTA5 59258,148750,59258
ZCTA5 59259,83393,59259
ZCTA5 59260,85313,59260
ZCTA5 59261,53158,59261
ZCTA5 59262,76000,59262
ZCTA5 59263,53875,59263
ZCTA5 59270,72630,59270
ZCTA5 59273,-666666666,59273
ZCTA5 59274,34951,59274
ZCTA5 59275,49141,59275
ZCTA5 59276,77000,59276
ZCTA5 59301,71332,59301
ZCTA5 59311,88021,59311
ZCTA5 59312,83438,59312
ZCTA5 59313,78015,59313
ZCTA5 59314,91875,59314
ZCTA5 59315,68750,59315
ZCTA5 59316,48750,59316
ZCTA5 59317,71250,59317
ZCTA5 59318,58750,59318
ZCTA5 59319,-666666666,59319
ZCTA5 59322,50625,59322
ZCTA5 59323,82500,59323
ZCTA5 59324,57188,59324
ZCTA5 59326,-666666666,59326
ZCTA5 59327,52639,59327
ZCTA5 59330,70964,59330
ZCTA5 59332,32241,59332
ZCTA5 59333,-666666666,59333
ZCTA5 59336,64375,59336
ZCTA5 59337,75417,59337
ZCTA5 59338,69375,59338
ZCTA5 59339,88594,59339
ZCTA5 59343,-666666666,59343
ZCTA5 59344,110455,59344
ZCTA5 59345,68125,59345
ZCTA5 59347,57250,59347
ZCTA5 59349,63000,59349
ZCTA5 59351,-666666666,59351
ZCTA5 59353,68250,59353
ZCTA5 59354,64074,59354
ZCTA5 59401,55299,59401
ZCTA5 59404,83867,59404
ZCTA5 59405,59449,59405
ZCTA5 59410,42321,59410
ZCTA5 59411,61000,59411
ZCTA5 59412,82955,59412
ZCTA5 59414,69545,59414
ZCTA5 59416,89167,59416
ZCTA5 59417,37676,59417
ZCTA5 59418,-666666666,59418
ZCTA5 59419,45625,59419
ZCTA5 59420,88438,59420
ZCTA5 59421,78125,59421
ZCTA5 59422,67500,59422
ZCTA5 59424,79375,59424
ZCTA5 59425,49805,59425
ZCTA5 59427,61094,59427
ZCTA5 59430,76875,59430
ZCTA5 59432,73750,59432
ZCTA5 59433,66000,59433
ZCTA5 59434,56250,59434
ZCTA5 59435,-666666666,59435
ZCTA5 59436,80652,59436
ZCTA5 59440,-666666666,59440
ZCTA5 59441,62344,59441
ZCTA5 59442,67917,59442
ZCTA5 59443,81221,59443
ZCTA5 59444,44250,59444
ZCTA5 59446,53750,59446
ZCTA5 59447,77750,59447
ZCTA5 59448,32083,59448
ZCTA5 59450,70250,59450
ZCTA5 59451,85625,59451
ZCTA5 59452,54539,59452
ZCTA5 59453,58500,59453
ZCTA5 59454,36250,59454
ZCTA5 59456,41123,59456
ZCTA5 59457,64762,59457
ZCTA5 59460,51551,59460
ZCTA5 59461,-666666666,59461
ZCTA5 59462,51250,59462
ZCTA5 59463,-666666666,59463
ZCTA5 59464,56979,59464
ZCTA5 59465,83000,59465
ZCTA5 59466,41719,59466
ZCTA5 59467,61250,59467
ZCTA5 59468,82895,59468
ZCTA5 59469,79583,59469
ZCTA5 59471,65156,59471
ZCTA5 59472,68036,59472
ZCTA5 59474,57846,59474
ZCTA5 59477,42292,59477
ZCTA5 59479,49185,59479
ZCTA5 59480,80714,59480
ZCTA5 59482,92500,59482
ZCTA5 59483,97813,59483
ZCTA5 59484,-666666666,59484
ZCTA5 59485,90286,59485
ZCTA5 59486,56875,59486
ZCTA5 59487,56359,59487
ZCTA5 59489,64637,59489
ZCTA5 59501,51872,59501
ZCTA5 59520,62109,59520
ZCTA5 59521,50288,59521
ZCTA5 59522,57212,59522
ZCTA5 59523,73906,59523
ZCTA5 59524,48000,59524
ZCTA5 59525,48438,59525
ZCTA5 59526,63869,59526
ZCTA5 59527,54500,59527
ZCTA5 59528,89375,59528
ZCTA5 59529,87841,59529
ZCTA5 59530,61875,59530
ZCTA5 59531,67891,59531
ZCTA5 59532,58333,59532
ZCTA5 59535,-666666666,59535
ZCTA5 59537,-666666666,59537
ZCTA5 59538,57097,59538
ZCTA5 59540,74250,59540
ZCTA5 59542,57222,59542
ZCTA5 59544,39583,59544
ZCTA5 59545,100781,59545
ZCTA5 59546,49107,59546
ZCTA5 59547,-666666666,59547
ZCTA5 59601,72290,59601
ZCTA5 59602,92985,59602
ZCTA5 59623,-666666666,59623
ZCTA5 59625,-666666666,59625
ZCTA5 59631,-666666666,59631
ZCTA5 59632,68750,59632
ZCTA5 59633,-666666666,59633
ZCTA5 59634,129891,59634
ZCTA5 59635,83740,59635
ZCTA5 59636,-666666666,59636
ZCTA5 59638,126723,59638
ZCTA5 59639,57778,59639
ZCTA5 59640,99167,59640
ZCTA5 59642,46146,59642
ZCTA5 59643,49831,59643
ZCTA5 59644,68811,59644
ZCTA5 59645,77241,59645
ZCTA5 59647,-666666666,59647
ZCTA5 59648,65750,59648
ZCTA5 59701,60437,59701
ZCTA5 59710,50885,59710
ZCTA5 59711,58157,59711
ZCTA5 59713,98750,59713
ZCTA5 59714,96183,59714
ZCTA5 59715,88407,59715
ZCTA5 59716,141716,59716
ZCTA5 59718,99123,59718
ZCTA5 59720,66538,59720
ZCTA5 59721,94167,59721
ZCTA5 59722,62230,59722
ZCTA5 59724,59375,59724
ZCTA5 59725,61335,59725
ZCTA5 59727,64583,59727
ZCTA5 59728,78750,59728
ZCTA5 59729,83365,59729
ZCTA5 59730,98305,59730
ZCTA5 59731,90000,59731
ZCTA5 59732,73125,59732
ZCTA5 59733,65833,59733
ZCTA5 59735,74125,59735
ZCTA5 59736,76346,59736
ZCTA5 59739,54215,59739
ZCTA5 59740,-666666666,59740
ZCTA5 59741,90947,59741
ZCTA5 59743,-666666666,59743
ZCTA5 59745,56667,59745
ZCTA5 59746,73750,59746
ZCTA5 59747,80250,59747
ZCTA5 59748,107813,59748
ZCTA5 59749,80238,59749
ZCTA5 59750,95192,59750
ZCTA5 59751,55938,59751
ZCTA5 59752,86767,59752
ZCTA5 59754,76923,59754
ZCTA5 59755,96250,59755
ZCTA5 59756,-666666666,59756
ZCTA5 59758,66375,59758
ZCTA5 59759,60571,59759
ZCTA5 59760,63571,59760
ZCTA5 59761,62083,59761
ZCTA5 59762,61125,59762
ZCTA5 59801,58347,59801
ZCTA5 59802,67736,59802
ZCTA5 59803,111925,59803
ZCTA5 59804,76266,59804
ZCTA5 59808,80239,59808
ZCTA5 59812,-666666666,59812
ZCTA5 59820,69091,59820
ZCTA5 59821,66458,59821
ZCTA5 59823,82813,59823
ZCTA5 59824,53382,59824
ZCTA5 59825,90192,59825
ZCTA5 59826,52813,59826
ZCTA5 59827,65815,59827
ZCTA5 59828,80294,59828
ZCTA5 59829,63650,59829
ZCTA5 59830,-666666666,59830
ZCTA5 59831,46406,59831
ZCTA5 59832,64261,59832
ZCTA5 59833,94097,59833
ZCTA5 59834,94406,59834
ZCTA5 59837,50769,59837
ZCTA5 59840,61752,59840
ZCTA5 59841,66875,59841
ZCTA5 59842,-666666666,59842
ZCTA5 59843,88125,59843
ZCTA5 59844,43417,59844
ZCTA5 59845,31970,59845
ZCTA5 59846,70851,59846
ZCTA5 59847,86620,59847
ZCTA5 59848,37188,59848
ZCTA5 59851,18883,59851
ZCTA5 59853,60417,59853
ZCTA5 59854,74167,59854
ZCTA5 59855,32688,59855
ZCTA5 59856,-666666666,59856
ZCTA5 59858,56719,59858
ZCTA5 59859,64846,59859
ZCTA5 59860,62047,59860
ZCTA5 59863,78922,59863
ZCTA5 59864,61978,59864
ZCTA5 59865,56473,59865
ZCTA5 59866,73462,59866
ZCTA5 59867,-666666666,59867
ZCTA5 59868,51490,59868
ZCTA5 59870,80325,59870
ZCTA5 59871,32163,59871
ZCTA5 59872,55926,59872
ZCTA5 59873,60000,59873
ZCTA5 59874,64319,59874
ZCTA5 59875,63036,59875
ZCTA5 59901,72523,59901
ZCTA5 59910,99886,59910
ZCTA5 59911,83019,59911
ZCTA5 59912,76617,59912
ZCTA5 59913,44464,59913
ZCTA5 59914,83750,59914
ZCTA5 59915,58750,59915
ZCTA5 59916,60250,59916
ZCTA5 59917,50139,59917
ZCTA5 59918,67250,59918
ZCTA5 59919,53056,59919
ZCTA5 59920,86605,59920
ZCTA5 59922,87237,59922
ZCTA5 59923,44980,59923
ZCTA5 59925,63981,59925
ZCTA5 59926,70948,59926
ZCTA5 59927,58713,59927
ZCTA5 59928,63333,59928
ZCTA5 59929,101250,59929
ZCTA5 59930,61923,59930
ZCTA5 59931,112083,59931
ZCTA5 59932,60152,59932
ZCTA5 59933,-666666666,59933
ZCTA5 59934,108875,59934
ZCTA5 59935,39712,59935
ZCTA5 59936,85455,59936
ZCTA5 59937,75428,59937
ZCTA5 60002,104981,60002
ZCTA5 60004,128979,60004
ZCTA5 60005,99743,60005
ZCTA5 60007,93494,60007
ZCTA5 60008,94336,60008
ZCTA5 60010,177566,60010
ZCTA5 60012,159375,60012
ZCTA5 60013,120604,60013
ZCTA5 60014,109016,60014
ZCTA5 60015,183125,60015
ZCTA5 60016,86571,60016
ZCTA5 60018,90574,60018
ZCTA5 60020,73949,60020
ZCTA5 60021,119176,60021
ZCTA5 60022,250001,60022
ZCTA5 60025,126904,60025
ZCTA5 60026,137778,60026
ZCTA5 60029,242772,60029
ZCTA5 60030,104795,60030
ZCTA5 60031,111034,60031
ZCTA5 60033,68633,60033
ZCTA5 60034,87188,60034
ZCTA5 60035,168094,60035
ZCTA5 60040,107875,60040
ZCTA5 60041,93396,60041
ZCTA5 60042,99917,60042
ZCTA5 60043,250001,60043
ZCTA5 60044,134724,60044
ZCTA5 60045,233125,60045
ZCTA5 60046,126042,60046
ZCTA5 60047,176081,60047
ZCTA5 60048,173975,60048
ZCTA5 60050,88812,60050
ZCTA5 60051,100762,60051
ZCTA5 60053,111116,60053
ZCTA5 60056,101922,60056
ZCTA5 60060,110335,60060
ZCTA5 60061,124468,60061
ZCTA5 60062,143323,60062
ZCTA5 60064,49195,60064
ZCTA5 60067,125446,60067
ZCTA5 60068,143222,60068
ZCTA5 60069,162826,60069
ZCTA5 60070,84775,60070
ZCTA5 60071,74426,60071
ZCTA5 60072,119375,60072
ZCTA5 60073,98514,60073
ZCTA5 60074,84089,60074
ZCTA5 60075,-666666666,60075
ZCTA5 60076,113818,60076
ZCTA5 60077,78523,60077
ZCTA5 60081,116706,60081
ZCTA5 60083,123125,60083
ZCTA5 60084,110090,60084
ZCTA5 60085,66793,60085
ZCTA5 60087,76738,60087
ZCTA5 60088,66008,60088
ZCTA5 60089,129401,60089
ZCTA5 60090,85355,60090
ZCTA5 60091,189909,60091
ZCTA5 60093,250001,60093
ZCTA5 60096,95601,60096
ZCTA5 60097,93397,60097
ZCTA5 60098,91062,60098
ZCTA5 60099,66109,60099
ZCTA5 60101,90800,60101
ZCTA5 60102,132949,60102
ZCTA5 60103,133793,60103
ZCTA5 60104,79513,60104
ZCTA5 60106,79456,60106
ZCTA5 60107,101100,60107
ZCTA5 60108,103392,60108
ZCTA5 60109,82656,60109
ZCTA5 60110,87906,60110
ZCTA5 60111,84583,60111
ZCTA5 60112,72831,60112
ZCTA5 60113,67396,60113
ZCTA5 60115,47043,60115
ZCTA5 60118,106912,60118
ZCTA5 60119,130722,60119
ZCTA5 60120,82449,60120
ZCTA5 60123,87693,60123
ZCTA5 60124,139982,60124
ZCTA5 60126,147566,60126
ZCTA5 60129,117750,60129
ZCTA5 60130,77221,60130
ZCTA5 60131,76658,60131
ZCTA5 60133,91763,60133
ZCTA5 60134,152727,60134
ZCTA5 60135,98033,60135
ZCTA5 60136,147704,60136
ZCTA5 60137,137658,60137
ZCTA5 60139,86372,60139
ZCTA5 60140,111241,60140
ZCTA5 60141,18717,60141
ZCTA5 60142,89735,60142
ZCTA5 60143,114420,60143
ZCTA5 60144,59250,60144
ZCTA5 60145,108477,60145
ZCTA5 60146,88032,60146
ZCTA5 60148,100616,60148
ZCTA5 60150,86719,60150
ZCTA5 60151,117450,60151
ZCTA5 60152,98451,60152
ZCTA5 60153,68815,60153
ZCTA5 60154,98954,60154
ZCTA5 60155,64566,60155
ZCTA5 60156,117151,60156
ZCTA5 60157,136434,60157
ZCTA5 60160,66189,60160
ZCTA5 60162,72320,60162
ZCTA5 60163,85823,60163
ZCTA5 60164,81263,60164
ZCTA5 60165,67224,60165
ZCTA5 60169,90774,60169
ZCTA5 60171,69858,60171
ZCTA5 60172,110750,60172
ZCTA5 60173,104390,60173
ZCTA5 60174,104534,60174
ZCTA5 60175,181352,60175
ZCTA5 60176,69696,60176
ZCTA5 60177,126144,60177
ZCTA5 60178,92913,60178
ZCTA5 60180,110070,60180
ZCTA5 60181,92142,60181
ZCTA5 60183,-666666666,60183
ZCTA5 60184,163750,60184
ZCTA5 60185,107194,60185
ZCTA5 60187,119769,60187
ZCTA5 60188,103628,60188
ZCTA5 60189,128878,60189
ZCTA5 60190,142612,60190
ZCTA5 60191,91333,60191
ZCTA5 60192,153495,60192
ZCTA5 60193,95972,60193
ZCTA5 60194,97994,60194
ZCTA5 60195,90174,60195
ZCTA5 60201,90545,60201
ZCTA5 60202,98989,60202
ZCTA5 60203,170224,60203
ZCTA5 60208,-666666666,60208
ZCTA5 60301,99167,60301
ZCTA5 60302,100680,60302
ZCTA5 60304,136178,60304
ZCTA5 60305,146786,60305
ZCTA5 60401,97569,60401
ZCTA5 60402,77718,60402
ZCTA5 60403,73074,60403
ZCTA5 60404,122171,60404
ZCTA5 60406,56557,60406
ZCTA5 60407,89792,60407
ZCTA5 60408,95174,60408
ZCTA5 60409,55369,60409
ZCTA5 60410,118976,60410
ZCTA5 60411,62073,60411
ZCTA5 60415,68964,60415
ZCTA5 60416,75219,60416
ZCTA5 60417,91952,60417
ZCTA5 60418,75752,60418
ZCTA5 60419,57887,60419
ZCTA5 60420,71157,60420
ZCTA5 60421,103083,60421
ZCTA5 60422,134477,60422
ZCTA5 60423,136730,60423
ZCTA5 60424,83250,60424
ZCTA5 60425,77174,60425
ZCTA5 60426,42196,60426
ZCTA5 60428,60000,60428
ZCTA5 60429,66988,60429
ZCTA5 60430,96629,60430
ZCTA5 60431,122870,60431
ZCTA5 60432,64917,60432
ZCTA5 60433,66515,60433
ZCTA5 60435,76369,60435
ZCTA5 60436,62961,60436
ZCTA5 60437,58750,60437
ZCTA5 60438,75681,60438
ZCTA5 60439,121724,60439
ZCTA5 60440,93494,60440
ZCTA5 60441,103374,60441
ZCTA5 60442,127986,60442
ZCTA5 60443,92136,60443
ZCTA5 60444,87614,60444
ZCTA5 60445,70634,60445
ZCTA5 60446,106258,60446
ZCTA5 60447,108210,60447
ZCTA5 60448,120761,60448
ZCTA5 60449,104904,60449
ZCTA5 60450,81777,60450
ZCTA5 60451,137404,60451
ZCTA5 60452,93076,60452
ZCTA5 60453,83911,60453
ZCTA5 60455,66745,60455
ZCTA5 60456,61101,60456
ZCTA5 60457,76786,60457
ZCTA5 60458,60758,60458
ZCTA5 60459,80116,60459
ZCTA5 60460,91154,60460
ZCTA5 60461,124417,60461
ZCTA5 60462,96526,60462
ZCTA5 60463,107977,60463
ZCTA5 60464,126087,60464
ZCTA5 60465,83533,60465
ZCTA5 60466,61654,60466
ZCTA5 60467,114812,60467
ZCTA5 60468,104625,60468
ZCTA5 60469,73676,60469
ZCTA5 60470,85000,60470
ZCTA5 60471,64494,60471
ZCTA5 60472,40668,60472
ZCTA5 60473,85659,60473
ZCTA5 60474,85500,60474
ZCTA5 60475,67487,60475
ZCTA5 60476,59647,60476
ZCTA5 60477,94927,60477
ZCTA5 60478,74826,60478
ZCTA5 60479,105000,60479
ZCTA5 60480,98917,60480
ZCTA5 60481,79042,60481
ZCTA5 60482,55709,60482
ZCTA5 60484,73266,60484
ZCTA5 60487,131793,60487
ZCTA5 60490,150531,60490
ZCTA5 60491,138571,60491
ZCTA5 60501,63244,60501
ZCTA5 60502,156904,60502
ZCTA5 60503,136726,60503
ZCTA5 60504,98008,60504
ZCTA5 60505,73284,60505
ZCTA5 60506,79517,60506
ZCTA5 60510,121622,60510
ZCTA5 60511,158625,60511
ZCTA5 60512,96895,60512
ZCTA5 60513,110338,60513
ZCTA5 60514,118716,60514
ZCTA5 60515,123197,60515
ZCTA5 60516,115480,60516
ZCTA5 60517,99024,60517
ZCTA5 60518,69980,60518
ZCTA5 60519,136250,60519
ZCTA5 60520,98958,60520
ZCTA5 60521,249200,60521
ZCTA5 60523,118194,60523
ZCTA5 60525,116918,60525
ZCTA5 60526,120308,60526
ZCTA5 60527,106543,60527
ZCTA5 60530,96250,60530
ZCTA5 60531,79808,60531
ZCTA5 60532,102085,60532
ZCTA5 60534,70890,60534
ZCTA5 60536,115625,60536
ZCTA5 60537,81825,60537
ZCTA5 60538,97131,60538
ZCTA5 60539,-666666666,60539
ZCTA5 60540,157102,60540
ZCTA5 60541,118100,60541
ZCTA5 60542,114831,60542
ZCTA5 60543,119371,60543
ZCTA5 60544,108304,60544
ZCTA5 60545,86756,60545
ZCTA5 60546,113533,60546
ZCTA5 60548,82957,60548
ZCTA5 60549,108417,60549
ZCTA5 60550,81574,60550
ZCTA5 60551,86786,60551
ZCTA5 60552,113411,60552
ZCTA5 60553,109375,60553
ZCTA5 60554,122734,60554
ZCTA5 60555,101859,60555
ZCTA5 60556,100186,60556
ZCTA5 60557,-666666666,60557
ZCTA5 60558,230255,60558
ZCTA5 60559,90963,60559
ZCTA5 60560,110326,60560
ZCTA5 60561,112549,60561
ZCTA5 60563,109783,60563
ZCTA5 60564,181382,60564
ZCTA5 60565,164447,60565
ZCTA5 60585,155511,60585
ZCTA5 60586,131637,60586
ZCTA5 60601,121458,60601
ZCTA5 60602,126202,60602
ZCTA5 60603,133545,60603
ZCTA5 60604,81658,60604
ZCTA5 60605,123922,60605
ZCTA5 60606,128609,60606
ZCTA5 60607,127732,60607
ZCTA5 60608,73366,60608
ZCTA5 60609,58896,60609
ZCTA5 60610,105226,60610
ZCTA5 60611,125675,60611
ZCTA5 60612,60922,60612
ZCTA5 60613,95572,60613
ZCTA5 60614,136448,60614
ZCTA5 60615,63876,60615
ZCTA5 60616,73819,60616
ZCTA5 60617,51778,60617
ZCTA5 60618,106384,60618
ZCTA5 60619,45206,60619
ZCTA5 60620,48146,60620
ZCTA5 60621,31905,60621
ZCTA5 60622,136277,60622
ZCTA5 60623,51878,60623
ZCTA5 60624,34030,60624
ZCTA5 60625,85703,60625
ZCTA5 60626,59713,60626
ZCTA5 60628,54644,60628
ZCTA5 60629,60826,60629
ZCTA5 60630,98860,60630
ZCTA5 60631,115000,60631
ZCTA5 60632,64809,60632
ZCTA5 60633,62458,60633
ZCTA5 60634,88533,60634
ZCTA5 60636,38807,60636
ZCTA5 60637,43609,60637
ZCTA5 60638,91070,60638
ZCTA5 60639,61089,60639
ZCTA5 60640,73254,60640
ZCTA5 60641,83758,60641
ZCTA5 60642,143175,60642
ZCTA5 60643,80852,60643
ZCTA5 60644,40950,60644
ZCTA5 60645,76045,60645
ZCTA5 60646,112525,60646
ZCTA5 60647,107060,60647
ZCTA5 60649,44175,60649
ZCTA5 60651,54409,60651
ZCTA5 60652,80020,60652
ZCTA5 60653,40666,60653
ZCTA5 60654,147357,60654
ZCTA5 60655,114723,60655
ZCTA5 60656,95766,60656
ZCTA5 60657,110939,60657
ZCTA5 60659,68704,60659
ZCTA5 60660,67479,60660
ZCTA5 60661,125741,60661
ZCTA5 60706,84530,60706
ZCTA5 60707,84799,60707
ZCTA5 60712,109731,60712
ZCTA5 60714,75800,60714
ZCTA5 60803,67014,60803
ZCTA5 60804,70842,60804
ZCTA5 60805,95719,60805
ZCTA5 60827,37217,60827
ZCTA5 60901,58309,60901
ZCTA5 60910,77321,60910
ZCTA5 60911,89792,60911
ZCTA5 60912,59375,60912
ZCTA5 60913,87750,60913
ZCTA5 60914,86223,60914
ZCTA5 60915,60563,60915
ZCTA5 60917,75441,60917
ZCTA5 60918,73500,60918
ZCTA5 60919,62500,60919
ZCTA5 60920,111406,60920
ZCTA5 60921,78333,60921
ZCTA5 60922,62000,60922
ZCTA5 60924,78250,60924
ZCTA5 60926,45313,60926
ZCTA5 60927,102143,60927
ZCTA5 60928,55000,60928
ZCTA5 60929,71667,60929
ZCTA5 60930,58125,60930
ZCTA5 60931,53500,60931
ZCTA5 60932,243544,60932
ZCTA5 60933,51094,60933
ZCTA5 60934,81500,60934
ZCTA5 60935,110000,60935
ZCTA5 60936,51323,60936
ZCTA5 60938,73244,60938
ZCTA5 60939,-666666666,60939
ZCTA5 60940,97361,60940
ZCTA5 60941,85000,60941
ZCTA5 60942,61083,60942
ZCTA5 60945,52188,60945
ZCTA5 60946,74853,60946
ZCTA5 60948,106250,60948
ZCTA5 60949,60750,60949
ZCTA5 60950,89125,60950
ZCTA5 60951,81250,60951
ZCTA5 60952,67083,60952
ZCTA5 60953,59135,60953
ZCTA5 60954,65906,60954
ZCTA5 60955,79034,60955
ZCTA5 60956,51250,60956
ZCTA5 60957,69014,60957
ZCTA5 60958,32153,60958
ZCTA5 60959,54583,60959
ZCTA5 60960,56518,60960
ZCTA5 60961,77969,60961
ZCTA5 60962,61750,60962
ZCTA5 60963,66250,60963
ZCTA5 60964,82083,60964
ZCTA5 60966,46944,60966
ZCTA5 60967,-666666666,60967
ZCTA5 60968,46250,60968
ZCTA5 60969,112500,60969
ZCTA5 60970,46688,60970
ZCTA5 60973,85250,60973
ZCTA5 60974,51932,60974
ZCTA5 61001,77841,61001
ZCTA5 61006,75938,61006
ZCTA5 61007,-666666666,61007
ZCTA5 61008,76604,61008
ZCTA5 61010,93613,61010
ZCTA5 61011,127273,61011
ZCTA5 61012,98594,61012
ZCTA5 61013,67569,61013
ZCTA5 61014,69329,61014
ZCTA5 61015,97500,61015
ZCTA5 61016,84883,61016
ZCTA5 61018,76471,61018
ZCTA5 61019,105150,61019
ZCTA5 61020,105769,61020
ZCTA5 61021,69127,61021
ZCTA5 61024,70750,61024
ZCTA5 61025,70739,61025
ZCTA5 61027,-666666666,61027
ZCTA5 61028,86053,61028
ZCTA5 61030,71655,61030
ZCTA5 61031,75446,61031
ZCTA5 61032,56593,61032
ZCTA5 61036,81989,61036
ZCTA5 61037,70357,61037
ZCTA5 61038,104875,61038
ZCTA5 61039,84107,61039
ZCTA5 61041,45938,61041
ZCTA5 61042,70833,61042
ZCTA5 61043,69063,61043
ZCTA5 61044,82083,61044
ZCTA5 61046,79398,61046
ZCTA5 61047,86056,61047
ZCTA5 61048,82875,61048
ZCTA5 61049,91607,61049
ZCTA5 61050,74728,61050
ZCTA5 61051,59565,61051
ZCTA5 61052,91797,61052
ZCTA5 61053,62250,61053
ZCTA5 61054,47467,61054
ZCTA5 61057,-666666666,61057
ZCTA5 61059,54113,61059
ZCTA5 61060,76726,61060
ZCTA5 61061,87829,61061
ZCTA5 61062,66667,61062
ZCTA5 61063,84276,61063
ZCTA5 61064,75386,61064
ZCTA5 61065,97386,61065
ZCTA5 61067,66563,61067
ZCTA5 61068,73214,61068
ZCTA5 61070,84167,61070
ZCTA5 61071,60508,61071
ZCTA5 61072,104938,61072
ZCTA5 61073,102064,61073
ZCTA5 61074,50691,61074
ZCTA5 61075,75547,61075
ZCTA5 61077,-666666666,61077
ZCTA5 61078,75769,61078
ZCTA5 61079,46367,61079
ZCTA5 61080,76579,61080
ZCTA5 61081,67586,61081
ZCTA5 61084,102817,61084
ZCTA5 61085,59798,61085
ZCTA5 61087,77321,61087
ZCTA5 61088,98088,61088
ZCTA5 61089,66250,61089
ZCTA5 61091,-666666666,61091
ZCTA5 61101,46163,61101
ZCTA5 61102,46599,61102
ZCTA5 61103,51161,61103
ZCTA5 61104,33772,61104
ZCTA5 61107,78574,61107
ZCTA5 61108,64415,61108
ZCTA5 61109,62973,61109
ZCTA5 61111,61393,61111
ZCTA5 61112,40563,61112
ZCTA5 61114,85568,61114
ZCTA5 61115,75363,61115
ZCTA5 61201,59396,61201
ZCTA5 61230,62344,61230
ZCTA5 61231,70991,61231
ZCTA5 61232,73971,61232
ZCTA5 61233,71667,61233
ZCTA5 61234,79688,61234
ZCTA5 61235,61932,61235
ZCTA5 61236,77813,61236
ZCTA5 61237,-666666666,61237
ZCTA5 61238,64583,61238
ZCTA5 61239,32177,61239
ZCTA5 61240,113220,61240
ZCTA5 61241,80000,61241
ZCTA5 61242,104219,61242
ZCTA5 61243,148309,61243
ZCTA5 61244,63819,61244
ZCTA5 61250,84688,61250
ZCTA5 61251,79464,61251
ZCTA5 61252,59861,61252
ZCTA5 61254,92297,61254
ZCTA5 61256,90406,61256
ZCTA5 61257,64107,61257
ZCTA5 61258,44261,61258
ZCTA5 61259,91458,61259
ZCTA5 61260,41645,61260
ZCTA5 61261,64375,61261
ZCTA5 61262,86250,61262
ZCTA5 61263,86500,61263
ZCTA5 61264,78068,61264
ZCTA5 61265,66933,61265
ZCTA5 61270,80867,61270
ZCTA5 61272,64167,61272
ZCTA5 61273,99032,61273
ZCTA5 61274,72000,61274
ZCTA5 61275,108438,61275
ZCTA5 61276,87750,61276
ZCTA5 61277,70363,61277
ZCTA5 61278,69938,61278
ZCTA5 61279,87656,61279
ZCTA5 61281,102639,61281
ZCTA5 61282,64398,61282
ZCTA5 61283,64063,61283
ZCTA5 61284,100505,61284
ZCTA5 61285,68500,61285
ZCTA5 61301,60328,61301
ZCTA5 61310,69756,61310
ZCTA5 61311,-666666666,61311
ZCTA5 61312,80714,61312
ZCTA5 61313,121979,61313
ZCTA5 61314,52039,61314
ZCTA5 61315,56538,61315
ZCTA5 61316,74375,61316
ZCTA5 61317,58750,61317
ZCTA5 61318,63021,61318
ZCTA5 61319,82589,61319
ZCTA5 61320,76250,61320
ZCTA5 61321,80257,61321
ZCTA5 61322,65795,61322
ZCTA5 61323,47500,61323
ZCTA5 61324,-666666666,61324
ZCTA5 61325,87500,61325
ZCTA5 61326,70880,61326
ZCTA5 61327,89306,61327
ZCTA5 61328,-666666666,61328
ZCTA5 61329,67321,61329
ZCTA5 61330,69005,61330
ZCTA5 61331,-666666666,61331
ZCTA5 61332,50313,61332
ZCTA5 61333,69375,61333
ZCTA5 61334,86250,61334
ZCTA5 61335,71750,61335
ZCTA5 61336,92298,61336
ZCTA5 61337,78571,61337
ZCTA5 61338,75750,61338
ZCTA5 61340,78750,61340
ZCTA5 61341,72530,61341
ZCTA5 61342,65348,61342
ZCTA5 61344,44063,61344
ZCTA5 61345,76250,61345
ZCTA5 61346,42500,61346
ZCTA5 61348,76369,61348
ZCTA5 61349,71375,61349
ZCTA5 61350,77921,61350
ZCTA5 61353,66719,61353
ZCTA5 61354,76392,61354
ZCTA5 61356,68243,61356
ZCTA5 61358,88393,61358
ZCTA5 61359,52857,61359
ZCTA5 61360,95093,61360
ZCTA5 61361,91250,61361
ZCTA5 61362,71558,61362
ZCTA5 61363,60000,61363
ZCTA5 61364,59060,61364
ZCTA5 61367,60824,61367
ZCTA5 61368,88214,61368
ZCTA5 61369,68708,61369
ZCTA5 61370,91094,61370
ZCTA5 61371,-666666666,61371
ZCTA5 61372,83917,61372
ZCTA5 61373,109000,61373
ZCTA5 61374,59432,61374
ZCTA5 61375,81293,61375
ZCTA5 61376,61200,61376
ZCTA5 61377,57321,61377
ZCTA5 61378,85350,61378
ZCTA5 61379,63750,61379
ZCTA5 61401,50546,61401
ZCTA5 61402,-666666666,61402
ZCTA5 61410,62925,61410
ZCTA5 61411,-666666666,61411
ZCTA5 61412,82143,61412
ZCTA5 61413,73125,61413
ZCTA5 61414,48929,61414
ZCTA5 61415,68036,61415
ZCTA5 61416,28750,61416
ZCTA5 61417,105724,61417
ZCTA5 61418,84375,61418
ZCTA5 61419,56429,61419
ZCTA5 61420,69375,61420
ZCTA5 61421,65833,61421
ZCTA5 61422,68207,61422
ZCTA5 61423,78594,61423
ZCTA5 61424,-666666666,61424
ZCTA5 61425,62708,61425
ZCTA5 61426,-666666666,61426
ZCTA5 61427,65750,61427
ZCTA5 61428,77143,61428
ZCTA5 61430,79333,61430
ZCTA5 61431,53750,61431
ZCTA5 61432,56250,61432
ZCTA5 61433,-666666666,61433
ZCTA5 61434,56780,61434
ZCTA5 61435,-666666666,61435
ZCTA5 61436,76000,61436
ZCTA5 61437,66000,61437
ZCTA5 61438,68516,61438
ZCTA5 61439,59125,61439
ZCTA5 61440,66786,61440
ZCTA5 61441,65972,61441
ZCTA5 61442,48750,61442
ZCTA5 61443,52615,61443
ZCTA5 61447,82583,61447
ZCTA5 61448,82500,61448
ZCTA5 61449,51635,61449
ZCTA5 61450,59688,61450
ZCTA5 61451,44167,61451
ZCTA5 61452,-666666666,61452
ZCTA5 61453,58281,61453
ZCTA5 61454,51000,61454
ZCTA5 61455,48679,61455
ZCTA5 61458,65461,61458
ZCTA5 61459,52813,61459
ZCTA5 61460,76607,61460
ZCTA5 61462,64113,61462
ZCTA5 61465,56875,61465
ZCTA5 61466,73462,61466
ZCTA5 61467,88472,61467
ZCTA5 61468,42969,61468
ZCTA5 61469,54932,61469
ZCTA5 61470,72708,61470
ZCTA5 61471,68750,61471
ZCTA5 61472,76500,61472
ZCTA5 61473,60833,61473
ZCTA5 61474,59583,61474
ZCTA5 61475,85000,61475
ZCTA5 61476,88264,61476
ZCTA5 61477,60938,61477
ZCTA5 61478,75625,61478
ZCTA5 61479,135313,61479
ZCTA5 61480,58750,61480
ZCTA5 61482,65208,61482
ZCTA5 61483,63558,61483
ZCTA5 61484,48462,61484
ZCTA5 61485,59306,61485
ZCTA5 61486,78889,61486
ZCTA5 61488,68333,61488
ZCTA5 61489,98125,61489
ZCTA5 61490,65625,61490
ZCTA5 61491,62500,61491
ZCTA5 61501,55750,61501
ZCTA5 61516,81833,61516
ZCTA5 61517,99886,61517
ZCTA5 61519,37941,61519
ZCTA5 61520,58376,61520
ZCTA5 61523,79453,61523
ZCTA5 61524,70000,61524
ZCTA5 61525,161165,61525
ZCTA5 61526,118393,61526
ZCTA5 61528,183140,61528
ZCTA5 61529,91661,61529
ZCTA5 61530,68536,61530
ZCTA5 61531,70107,61531
ZCTA5 61532,71544,61532
ZCTA5 61533,73051,61533
ZCTA5 61534,90104,61534
ZCTA5 61535,128125,61535
ZCTA5 61536,74249,61536
ZCTA5 61537,67404,61537
ZCTA5 61539,51250,61539
ZCTA5 61540,78824,61540
ZCTA5 61541,41875,61541
ZCTA5 61542,69107,61542
ZCTA5 61543,62692,61543
ZCTA5 61544,81250,61544
ZCTA5 61545,72692,61545
ZCTA5 61546,79551,61546
ZCTA5 61547,108158,61547
ZCTA5 61548,128559,61548
ZCTA5 61550,98516,61550
ZCTA5 61552,-666666666,61552
ZCTA5 61553,44844,61553
ZCTA5 61554,65194,61554
ZCTA5 61559,101200,61559
ZCTA5 61560,73333,61560
ZCTA5 61561,86071,61561
ZCTA5 61562,-666666666,61562
ZCTA5 61563,54583,61563
ZCTA5 61564,75100,61564
ZCTA5 61565,77578,61565
ZCTA5 61567,68750,61567
ZCTA5 61568,100972,61568
ZCTA5 61569,77083,61569
ZCTA5 61570,71563,61570
ZCTA5 61571,90386,61571
ZCTA5 61572,73125,61572
ZCTA5 61602,33750,61602
ZCTA5 61603,41618,61603
ZCTA5 61604,52414,61604
ZCTA5 61605,26392,61605
ZCTA5 61606,39196,61606
ZCTA5 61607,75532,61607
ZCTA5 61610,47993,61610
ZCTA5 61611,78750,61611
ZCTA5 61614,66924,61614
ZCTA5 61615,79817,61615
ZCTA5 61616,60099,61616
ZCTA5 61625,-666666666,61625
ZCTA5 61701,57130,61701
ZCTA5 61704,95027,61704
ZCTA5 61705,120547,61705
ZCTA5 61720,91250,61720
ZCTA5 61721,91500,61721
ZCTA5 61722,111042,61722
ZCTA5 61723,85230,61723
ZCTA5 61724,81250,61724
ZCTA5 61725,126083,61725
ZCTA5 61726,77800,61726
ZCTA5 61727,70063,61727
ZCTA5 61728,97159,61728
ZCTA5 61729,101172,61729
ZCTA5 61730,76719,61730
ZCTA5 61731,-666666666,61731
ZCTA5 61732,107941,61732
ZCTA5 61733,98281,61733
ZCTA5 61734,71435,61734
ZCTA5 61735,93125,61735
ZCTA5 61736,110444,61736
ZCTA5 61737,83750,61737
ZCTA5 61738,84926,61738
ZCTA5 61739,76555,61739
ZCTA5 61740,79904,61740
ZCTA5 61741,87850,61741
ZCTA5 61742,111875,61742
ZCTA5 61743,93750,61743
ZCTA5 61744,68000,61744
ZCTA5 61745,107835,61745
ZCTA5 61747,80333,61747
ZCTA5 61748,128036,61748
ZCTA5 61749,70667,61749
ZCTA5 61750,-666666666,61750
ZCTA5 61751,-666666666,61751
ZCTA5 61752,87591,61752
ZCTA5 61753,104119,61753
ZCTA5 61754,98681,61754
ZCTA5 61755,102225,61755
ZCTA5 61756,86375,61756
ZCTA5 61759,91591,61759
ZCTA5 61760,75362,61760
ZCTA5 61761,65275,61761
ZCTA5 61764,68781,61764
ZCTA5 61769,59886,61769
ZCTA5 61770,60750,61770
ZCTA5 61771,101600,61771
ZCTA5 61772,-666666666,61772
ZCTA5 61773,83750,61773
ZCTA5 61774,86250,61774
ZCTA5 61775,-666666666,61775
ZCTA5 61776,119625,61776
ZCTA5 61777,90250,61777
ZCTA5 61778,59868,61778
ZCTA5 61801,36180,61801
ZCTA5 61802,61620,61802
ZCTA5 61810,90625,61810
ZCTA5 61811,77222,61811
ZCTA5 61812,103750,61812
ZCTA5 61813,84063,61813
ZCTA5 61814,59408,61814
ZCTA5 61815,72031,61815
ZCTA5 61816,70833,61816
ZCTA5 61817,80375,61817
ZCTA5 61818,84375,61818
ZCTA5 61820,27539,61820
ZCTA5 61821,70715,61821
ZCTA5 61822,99006,61822
ZCTA5 61830,67232,61830
ZCTA5 61831,103750,61831
ZCTA5 61832,47332,61832
ZCTA5 61833,48584,61833
ZCTA5 61834,82443,61834
ZCTA5 61839,56389,61839
ZCTA5 61840,84891,61840
ZCTA5 61841,64792,61841
ZCTA5 61842,80117,61842
ZCTA5 61843,97943,61843
ZCTA5 61844,105179,61844
ZCTA5 61845,91389,61845
ZCTA5 61846,60871,61846
ZCTA5 61847,92344,61847
ZCTA5 61848,79500,61848
ZCTA5 61849,86250,61849
ZCTA5 61850,59375,61850
ZCTA5 61851,59167,61851
ZCTA5 61852,-666666666,61852
ZCTA5 61853,115512,61853
ZCTA5 61854,86705,61854
ZCTA5 61855,-666666666,61855
ZCTA5 61856,103559,61856
ZCTA5 61857,83750,61857
ZCTA5 61858,56415,61858
ZCTA5 61859,102708,61859
ZCTA5 61862,114250,61862
ZCTA5 61863,78125,61863
ZCTA5 61864,110139,61864
ZCTA5 61865,66786,61865
ZCTA5 61866,50686,61866
ZCTA5 61870,54044,61870
ZCTA5 61871,78750,61871
ZCTA5 61872,117821,61872
ZCTA5 61873,117578,61873
ZCTA5 61874,91667,61874
ZCTA5 61875,118929,61875
ZCTA5 61876,60956,61876
ZCTA5 61877,96750,61877
ZCTA5 61878,66250,61878
ZCTA5 61880,85536,61880
ZCTA5 61882,80139,61882
ZCTA5 61883,56169,61883
ZCTA5 61884,106250,61884
ZCTA5 61910,88538,61910
ZCTA5 61911,82633,61911
ZCTA5 61912,74954,61912
ZCTA5 61913,65500,61913
ZCTA5 61914,63125,61914
ZCTA5 61917,62875,61917
ZCTA5 61919,87188,61919
ZCTA5 61920,52429,61920
ZCTA5 61924,76641,61924
ZCTA5 61925,81316,61925
ZCTA5 61928,118271,61928
ZCTA5 61929,79167,61929
ZCTA5 61930,79531,61930
ZCTA5 61931,74125,61931
ZCTA5 61932,64583,61932
ZCTA5 61933,75938,61933
ZCTA5 61936,-666666666,61936
ZCTA5 61937,61295,61937
ZCTA5 61938,57503,61938
ZCTA5 61940,55938,61940
ZCTA5 61941,-666666666,61941
ZCTA5 61942,76884,61942
ZCTA5 61943,54196,61943
ZCTA5 61944,56383,61944
ZCTA5 61949,69375,61949
ZCTA5 61951,71905,61951
ZCTA5 61953,78214,61953
ZCTA5 61955,49167,61955
ZCTA5 61956,75125,61956
ZCTA5 61957,75583,61957
ZCTA5 62001,98558,62001
ZCTA5 62002,61414,62002
ZCTA5 62006,94444,62006
ZCTA5 62009,45217,62009
ZCTA5 62010,71408,62010
ZCTA5 62011,49821,62011
ZCTA5 62012,92571,62012
ZCTA5 62013,72750,62013
ZCTA5 62014,93233,62014
ZCTA5 62015,51758,62015
ZCTA5 62016,61949,62016
ZCTA5 62017,97625,62017
ZCTA5 62018,40438,62018
ZCTA5 62019,56741,62019
ZCTA5 62021,107454,62021
ZCTA5 62022,110703,62022
ZCTA5 62023,71458,62023
ZCTA5 62024,56761,62024
ZCTA5 62025,100741,62025
ZCTA5 62026,-666666666,62026
ZCTA5 62027,64375,62027
ZCTA5 62028,72031,62028
ZCTA5 62030,44063,62030
ZCTA5 62031,84375,62031
ZCTA5 62032,61000,62032
ZCTA5 62033,78286,62033
ZCTA5 62034,101260,62034
ZCTA5 62035,93973,62035
ZCTA5 62036,103409,62036
ZCTA5 62037,73454,62037
ZCTA5 62040,60031,62040
ZCTA5 62044,71146,62044
ZCTA5 62045,85234,62045
ZCTA5 62046,108036,62046
ZCTA5 62047,116250,62047
ZCTA5 62048,40946,62048
ZCTA5 62049,55446,62049
ZCTA5 62050,84432,62050
ZCTA5 62051,64360,62051
ZCTA5 62052,74926,62052
ZCTA5 62053,61250,62053
ZCTA5 62054,61417,62054
ZCTA5 62056,62643,62056
ZCTA5 62058,62240,62058
ZCTA5 62059,30673,62059
ZCTA5 62060,46563,62060
ZCTA5 62061,87938,62061
ZCTA5 62062,98672,62062
ZCTA5 62063,63295,62063
ZCTA5 62067,72431,62067
ZCTA5 62069,59764,62069
ZCTA5 62074,79808,62074
ZCTA5 62075,65954,62075
ZCTA5 62076,46250,62076
ZCTA5 62077,72917,62077
ZCTA5 62078,-666666666,62078
ZCTA5 62079,133333,62079
ZCTA5 62080,67717,62080
ZCTA5 62081,91875,62081
ZCTA5 62082,62875,62082
ZCTA5 62083,21845,62083
ZCTA5 62084,63226,62084
ZCTA5 62085,70000,62085
ZCTA5 62086,65000,62086
ZCTA5 62087,60214,62087
ZCTA5 62088,62808,62088
ZCTA5 62089,45543,62089
ZCTA5 62090,36098,62090
ZCTA5 62091,102188,62091
ZCTA5 62092,56607,62092
ZCTA5 62093,45313,62093
ZCTA5 62094,60644,62094
ZCTA5 62095,65013,62095
ZCTA5 62097,91011,62097
ZCTA5 62098,-666666666,62098
ZCTA5 62201,27437,62201
ZCTA5 62203,42111,62203
ZCTA5 62204,35346,62204
ZCTA5 62205,45672,62205
ZCTA5 62206,33838,62206
ZCTA5 62207,29845,62207
ZCTA5 62208,80205,62208
ZCTA5 62214,104063,62214
ZCTA5 62215,107727,62215
ZCTA5 62216,120139,62216
ZCTA5 62217,84615,62217
ZCTA5 62218,91250,62218
ZCTA5 62219,63603,62219
ZCTA5 62220,65952,62220
ZCTA5 62221,82271,62221
ZCTA5 62223,73700,62223
ZCTA5 62225,103284,62225
ZCTA5 62226,70797,62226
ZCTA5 62230,91350,62230
ZCTA5 62231,84214,62231
ZCTA5 62232,64269,62232
ZCTA5 62233,84556,62233
ZCTA5 62234,69607,62234
ZCTA5 62236,108981,62236
ZCTA5 62237,55208,62237
ZCTA5 62238,67656,62238
ZCTA5 62239,61191,62239
ZCTA5 62240,96063,62240
ZCTA5 62241,83438,62241
ZCTA5 62242,60400,62242
ZCTA5 62243,103342,62243
ZCTA5 62244,107917,62244
ZCTA5 62245,91767,62245
ZCTA5 62246,66970,62246
ZCTA5 62248,79583,62248
ZCTA5 62249,90424,62249
ZCTA5 62250,66667,62250
ZCTA5 62253,47000,62253
ZCTA5 62254,96492,62254
ZCTA5 62255,80506,62255
ZCTA5 62256,126250,62256
ZCTA5 62257,78750,62257
ZCTA5 62258,94655,62258
ZCTA5 62260,91039,62260
ZCTA5 62261,-666666666,62261
ZCTA5 62262,65089,62262
ZCTA5 62263,71690,62263
ZCTA5 62264,57015,62264
ZCTA5 62265,84853,62265
ZCTA5 62266,52917,62266
ZCTA5 62268,95833,62268
ZCTA5 62269,103818,62269
ZCTA5 62271,82746,62271
ZCTA5 62272,50938,62272
ZCTA5 62273,51000,62273
ZCTA5 62274,71658,62274
ZCTA5 62275,85000,62275
ZCTA5 62277,67969,62277
ZCTA5 62278,79688,62278
ZCTA5 62279,139063,62279
ZCTA5 62280,62353,62280
ZCTA5 62281,132000,62281
ZCTA5 62282,117143,62282
ZCTA5 62284,51875,62284
ZCTA5 62285,136345,62285
ZCTA5 62286,61220,62286
ZCTA5 62288,67159,62288
ZCTA5 62289,47237,62289
ZCTA5 62292,47857,62292
ZCTA5 62293,98155,62293
ZCTA5 62294,120466,62294
ZCTA5 62295,87989,62295
ZCTA5 62297,90938,62297
ZCTA5 62298,101155,62298
ZCTA5 62301,52055,62301
ZCTA5 62305,83598,62305
ZCTA5 62311,47794,62311
ZCTA5 62312,68571,62312
ZCTA5 62313,108646,62313
ZCTA5 62314,75556,62314
ZCTA5 62316,61094,62316
ZCTA5 62319,49500,62319
ZCTA5 62320,77143,62320
ZCTA5 62321,76825,62321
ZCTA5 62323,92917,62323
ZCTA5 62324,76903,62324
ZCTA5 62325,75469,62325
ZCTA5 62326,65000,62326
ZCTA5 62330,61042,62330
ZCTA5 62334,38750,62334
ZCTA5 62336,43125,62336
ZCTA5 62338,91473,62338
ZCTA5 62339,62422,62339
ZCTA5 62340,43333,62340
ZCTA5 62341,62262,62341
ZCTA5 62343,61322,62343
ZCTA5 62344,-666666666,62344
ZCTA5 62345,61607,62345
ZCTA5 62346,-666666666,62346
ZCTA5 62347,93810,62347
ZCTA5 62348,77969,62348
ZCTA5 62349,67981,62349
ZCTA5 62351,77298,62351
ZCTA5 62352,50769,62352
ZCTA5 62353,66000,62353
ZCTA5 62354,72788,62354
ZCTA5 62355,65750,62355
ZCTA5 62356,68542,62356
ZCTA5 62357,81000,62357
ZCTA5 62358,62216,62358
ZCTA5 62359,51413,62359
ZCTA5 62360,54706,62360
ZCTA5 62361,48188,62361
ZCTA5 62362,47500,62362
ZCTA5 62363,58500,62363
ZCTA5 62365,90833,62365
ZCTA5 62366,56346,62366
ZCTA5 62367,58000,62367
ZCTA5 62370,115577,62370
ZCTA5 62373,110568,62373
ZCTA5 62374,78571,62374
ZCTA5 62375,76855,62375
ZCTA5 62376,57778,62376
ZCTA5 62378,69650,62378
ZCTA5 62379,62200,62379
ZCTA5 62380,75000,62380
ZCTA5 62401,82374,62401
ZCTA5 62410,80588,62410
ZCTA5 62411,66111,62411
ZCTA5 62413,86250,62413
ZCTA5 62414,58370,62414
ZCTA5 62417,54792,62417
ZCTA5 62418,58448,62418
ZCTA5 62419,95982,62419
ZCTA5 62420,65771,62420
ZCTA5 62421,55833,62421
ZCTA5 62422,75074,62422
ZCTA5 62423,47179,62423
ZCTA5 62424,84635,62424
ZCTA5 62425,54400,62425
ZCTA5 62426,51667,62426
ZCTA5 62427,81250,62427
ZCTA5 62428,53333,62428
ZCTA5 62431,64904,62431
ZCTA5 62432,79432,62432
ZCTA5 62433,73750,62433
ZCTA5 62434,-666666666,62434
ZCTA5 62436,63229,62436
ZCTA5 62438,71786,62438
ZCTA5 62439,53622,62439
ZCTA5 62440,79605,62440
ZCTA5 62441,80738,62441
ZCTA5 62442,70284,62442
ZCTA5 62443,86950,62443
ZCTA5 62444,62358,62444
ZCTA5 62445,81484,62445
ZCTA5 62446,78500,62446
ZCTA5 62447,87292,62447
ZCTA5 62448,74179,62448
ZCTA5 62449,59555,62449
ZCTA5 62450,62096,62450
ZCTA5 62451,63665,62451
ZCTA5 62452,78036,62452
ZCTA5 62454,74679,62454
ZCTA5 62458,48810,62458
ZCTA5 62459,86250,62459
ZCTA5 62460,66620,62460
ZCTA5 62461,74350,62461
ZCTA5 62462,102708,62462
ZCTA5 62463,58214,62463
ZCTA5 62464,60625,62464
ZCTA5 62465,84286,62465
ZCTA5 62466,78250,62466
ZCTA5 62467,96406,62467
ZCTA5 62468,75625,62468
ZCTA5 62469,116440,62469
ZCTA5 62471,61792,62471
ZCTA5 62473,74700,62473
ZCTA5 62474,67083,62474
ZCTA5 62475,-666666666,62475
ZCTA5 62476,65543,62476
ZCTA5 62477,88646,62477
ZCTA5 62478,98750,62478
ZCTA5 62479,57292,62479
ZCTA5 62480,64750,62480
ZCTA5 62481,79231,62481
ZCTA5 62501,95889,62501
ZCTA5 62510,56949,62510
ZCTA5 62512,55347,62512
ZCTA5 62513,83125,62513
ZCTA5 62514,53333,62514
ZCTA5 62515,62222,62515
ZCTA5 62517,75000,62517
ZCTA5 62518,-666666666,62518
ZCTA5 62519,-666666666,62519
ZCTA5 62520,84500,62520
ZCTA5 62521,66337,62521
ZCTA5 62522,50669,62522
ZCTA5 62523,13393,62523
ZCTA5 62526,49062,62526
ZCTA5 62530,82188,62530
ZCTA5 62531,98125,62531
ZCTA5 62532,-666666666,62532
ZCTA5 62533,77250,62533
ZCTA5 62534,68750,62534
ZCTA5 62535,112000,62535
ZCTA5 62536,95809,62536
ZCTA5 62537,70455,62537
ZCTA5 62538,85563,62538
ZCTA5 62539,82750,62539
ZCTA5 62540,70179,62540
ZCTA5 62541,-666666666,62541
ZCTA5 62543,73594,62543
ZCTA5 62544,89167,62544
ZCTA5 62545,84815,62545
ZCTA5 62546,89821,62546
ZCTA5 62547,59750,62547
ZCTA5 62548,73312,62548
ZCTA5 62549,100566,62549
ZCTA5 62550,73634,62550
ZCTA5 62551,69583,62551
ZCTA5 62553,92083,62553
ZCTA5 62554,95625,62554
ZCTA5 62555,69676,62555
ZCTA5 62556,55694,62556
ZCTA5 62557,51389,62557
ZCTA5 62558,81106,62558
ZCTA5 62560,80781,62560
ZCTA5 62561,81646,62561
ZCTA5 62563,117255,62563
ZCTA5 62565,66498,62565
ZCTA5 62567,71471,62567
ZCTA5 62568,62718,62568
ZCTA5 62570,89000,62570
ZCTA5 62571,79390,62571
ZCTA5 62572,92938,62572
ZCTA5 62573,94583,62573
ZCTA5 62601,109500,62601
ZCTA5 62610,60625,62610
ZCTA5 62611,62875,62611
ZCTA5 62612,69569,62612
ZCTA5 62613,86675,62613
ZCTA5 62615,84632,62615
ZCTA5 62617,56667,62617
ZCTA5 62618,65208,62618
ZCTA5 62621,82500,62621
ZCTA5 62622,-666666666,62622
ZCTA5 62624,58500,62624
ZCTA5 62625,167674,62625
ZCTA5 62626,70781,62626
ZCTA5 62627,63235,62627
ZCTA5 62628,89861,62628
ZCTA5 62629,107250,62629
ZCTA5 62630,112917,62630
ZCTA5 62631,63125,62631
ZCTA5 62633,44783,62633
ZCTA5 62634,93571,62634
ZCTA5 62635,77750,62635
ZCTA5 62638,86538,62638
ZCTA5 62639,62292,62639
ZCTA5 62640,66116,62640
ZCTA5 62642,77538,62642
ZCTA5 62643,75625,62643
ZCTA5 62644,57689,62644
ZCTA5 62649,71875,62649
ZCTA5 62650,65762,62650
ZCTA5 62655,56750,62655
ZCTA5 62656,62017,62656
ZCTA5 62661,80833,62661
ZCTA5 62663,81875,62663
ZCTA5 62664,70509,62664
ZCTA5 62665,46528,62665
ZCTA5 62666,89167,62666
ZCTA5 62667,63088,62667
ZCTA5 62668,70577,62668
ZCTA5 62670,78750,62670
ZCTA5 62671,98750,62671
ZCTA5 62672,46771,62672
ZCTA5 62673,68393,62673
ZCTA5 62674,55417,62674
ZCTA5 62675,84267,62675
ZCTA5 62677,102917,62677
ZCTA5 62681,65889,62681
ZCTA5 62682,60125,62682
ZCTA5 62684,139196,62684
ZCTA5 62685,64063,62685
ZCTA5 62688,73929,62688
ZCTA5 62689,61500,62689
ZCTA5 62690,84196,62690
ZCTA5 62691,78798,62691
ZCTA5 62692,66143,62692
ZCTA5 62693,121429,62693
ZCTA5 62694,58460,62694
ZCTA5 62695,65972,62695
ZCTA5 62701,32195,62701
ZCTA5 62702,51136,62702
ZCTA5 62703,45009,62703
ZCTA5 62704,69976,62704
ZCTA5 62706,-666666666,62706
ZCTA5 62707,89926,62707
ZCTA5 62711,124816,62711
ZCTA5 62712,110179,62712
ZCTA5 62801,52017,62801
ZCTA5 62803,81823,62803
ZCTA5 62806,66776,62806
ZCTA5 62807,82321,62807
ZCTA5 62808,69015,62808
ZCTA5 62809,43900,62809
ZCTA5 62810,57969,62810
ZCTA5 62811,52083,62811
ZCTA5 62812,60539,62812
ZCTA5 62814,59462,62814
ZCTA5 62815,63750,62815
ZCTA5 62816,53036,62816
ZCTA5 62817,105625,62817
ZCTA5 62818,58523,62818
ZCTA5 62819,45341,62819
ZCTA5 62820,-666666666,62820
ZCTA5 62821,55367,62821
ZCTA5 62822,47770,62822
ZCTA5 62823,59310,62823
ZCTA5 62824,61591,62824
ZCTA5 62825,48750,62825
ZCTA5 62827,52550,62827
ZCTA5 62828,70583,62828
ZCTA5 62829,-666666666,62829
ZCTA5 62830,62400,62830
ZCTA5 62831,79464,62831
ZCTA5 62832,59652,62832
ZCTA5 62833,51125,62833
ZCTA5 62835,49628,62835
ZCTA5 62836,73281,62836
ZCTA5 62837,50536,62837
ZCTA5 62838,82976,62838
ZCTA5 62839,53685,62839
ZCTA5 62841,31750,62841
ZCTA5 62842,73424,62842
ZCTA5 62843,16020,62843
ZCTA5 62844,47625,62844
ZCTA5 62846,65500,62846
ZCTA5 62848,80156,62848
ZCTA5 62849,60789,62849
ZCTA5 62850,93594,62850
ZCTA5 62851,96728,62851
ZCTA5 62852,72614,62852
ZCTA5 62853,60721,62853
ZCTA5 62854,63587,62854
ZCTA5 62856,60750,62856
ZCTA5 62858,66319,62858
ZCTA5 62859,54011,62859
ZCTA5 62860,80288,62860
ZCTA5 62861,31250,62861
ZCTA5 62862,59125,62862
ZCTA5 62863,55916,62863
ZCTA5 62864,60451,62864
ZCTA5 62865,67798,62865
ZCTA5 62867,36845,62867
ZCTA5 62868,61645,62868
ZCTA5 62869,62159,62869
ZCTA5 62870,59821,62870
ZCTA5 62871,107750,62871
ZCTA5 62872,62344,62872
ZCTA5 62874,40625,62874
ZCTA5 62875,73333,62875
ZCTA5 62876,55833,62876
ZCTA5 62877,83958,62877
ZCTA5 62878,65213,62878
ZCTA5 62879,26964,62879
ZCTA5 62880,61667,62880
ZCTA5 62881,71270,62881
ZCTA5 62882,55582,62882
ZCTA5 62883,104808,62883
ZCTA5 62884,58679,62884
ZCTA5 62885,64688,62885
ZCTA5 62886,61250,62886
ZCTA5 62887,29135,62887
ZCTA5 62888,66136,62888
ZCTA5 62889,70364,62889
ZCTA5 62890,54271,62890
ZCTA5 62891,27344,62891
ZCTA5 62892,75417,62892
ZCTA5 62893,59063,62893
ZCTA5 62894,83563,62894
ZCTA5 62895,51131,62895
ZCTA5 62896,55458,62896
ZCTA5 62897,78125,62897
ZCTA5 62898,74297,62898
ZCTA5 62899,55482,62899
ZCTA5 62901,35089,62901
ZCTA5 62902,84223,62902
ZCTA5 62903,46818,62903
ZCTA5 62905,52875,62905
ZCTA5 62906,41993,62906
ZCTA5 62907,84293,62907
ZCTA5 62908,90083,62908
ZCTA5 62910,59514,62910
ZCTA5 62912,63750,62912
ZCTA5 62914,41103,62914
ZCTA5 62915,31875,62915
ZCTA5 62916,85694,62916
ZCTA5 62917,50119,62917
ZCTA5 62918,70920,62918
ZCTA5 62919,63942,62919
ZCTA5 62920,55288,62920
ZCTA5 62921,-666666666,62921
ZCTA5 62922,74245,62922
ZCTA5 62923,51806,62923
ZCTA5 62924,70357,62924
ZCTA5 62926,64583,62926
ZCTA5 62927,54792,62927
ZCTA5 62928,27955,62928
ZCTA5 62930,52931,62930
ZCTA5 62931,49605,62931
ZCTA5 62932,46000,62932
ZCTA5 62933,67794,62933
ZCTA5 62934,54107,62934
ZCTA5 62935,60238,62935
ZCTA5 62938,63780,62938
ZCTA5 62939,65750,62939
ZCTA5 62940,64375,62940
ZCTA5 62941,47500,62941
ZCTA5 62942,36458,62942
ZCTA5 62943,83194,62943
ZCTA5 62946,51566,62946
ZCTA5 62947,47321,62947
ZCTA5 62948,60975,62948
ZCTA5 62949,37308,62949
ZCTA5 62950,69722,62950
ZCTA5 62951,50657,62951
ZCTA5 62952,64097,62952
ZCTA5 62953,41563,62953
ZCTA5 62954,67756,62954
ZCTA5 62956,73462,62956
ZCTA5 62957,46053,62957
ZCTA5 62958,65833,62958
ZCTA5 62959,71063,62959
ZCTA5 62960,63102,62960
ZCTA5 62961,151250,62961
ZCTA5 62962,-666666666,62962
ZCTA5 62963,54531,62963
ZCTA5 62964,31833,62964
ZCTA5 62965,-666666666,62965
ZCTA5 62966,55665,62966
ZCTA5 62967,62404,62967
ZCTA5 62969,-666666666,62969
ZCTA5 62970,34313,62970
ZCTA5 62972,84175,62972
ZCTA5 62974,64107,62974
ZCTA5 62975,88906,62975
ZCTA5 62976,40139,62976
ZCTA5 62977,68056,62977
ZCTA5 62979,50625,62979
ZCTA5 62982,43750,62982
ZCTA5 62983,57667,62983
ZCTA5 62984,50288,62984
ZCTA5 62985,74375,62985
ZCTA5 62987,83393,62987
ZCTA5 62988,54779,62988
ZCTA5 62990,64076,62990
ZCTA5 62992,62688,62992
ZCTA5 62994,64773,62994
ZCTA5 62995,49744,62995
ZCTA5 62996,56122,62996
ZCTA5 62997,54318,62997
ZCTA5 62998,56300,62998
ZCTA5 62999,41553,62999
ZCTA5 63005,198469,63005
ZCTA5 63010,79784,63010
ZCTA5 63011,124454,63011
ZCTA5 63012,96099,63012
ZCTA5 63013,99337,63013
ZCTA5 63014,61842,63014
ZCTA5 63015,88750,63015
ZCTA5 63016,86359,63016
ZCTA5 63017,127095,63017
ZCTA5 63019,72569,63019
ZCTA5 63020,70824,63020
ZCTA5 63021,120177,63021
ZCTA5 63023,79583,63023
ZCTA5 63025,125676,63025
ZCTA5 63026,97553,63026
ZCTA5 63028,79737,63028
ZCTA5 63030,91042,63030
ZCTA5 63031,70811,63031
ZCTA5 63033,66776,63033
ZCTA5 63034,103905,63034
ZCTA5 63036,58083,63036
ZCTA5 63037,50203,63037
ZCTA5 63038,186450,63038
ZCTA5 63039,70329,63039
ZCTA5 63040,133220,63040
ZCTA5 63041,68750,63041
ZCTA5 63042,49453,63042
ZCTA5 63043,91509,63043
ZCTA5 63044,77819,63044
ZCTA5 63045,-666666666,63045
ZCTA5 63047,-666666666,63047
ZCTA5 63048,92109,63048
ZCTA5 63049,92333,63049
ZCTA5 63050,87371,63050
ZCTA5 63051,79940,63051
ZCTA5 63052,92922,63052
ZCTA5 63053,61250,63053
ZCTA5 63055,79125,63055
ZCTA5 63056,75517,63056
ZCTA5 63060,54926,63060
ZCTA5 63061,99405,63061
ZCTA5 63068,79632,63068
ZCTA5 63069,78185,63069
ZCTA5 63070,65211,63070
ZCTA5 63071,44853,63071
ZCTA5 63072,80333,63072
ZCTA5 63073,250001,63073
ZCTA5 63074,51610,63074
ZCTA5 63077,56281,63077
ZCTA5 63079,-666666666,63079
ZCTA5 63080,66541,63080
ZCTA5 63084,75992,63084
ZCTA5 63087,60313,63087
ZCTA5 63088,65769,63088
ZCTA5 63089,72731,63089
ZCTA5 63090,85025,63090
ZCTA5 63091,80000,63091
ZCTA5 63101,66678,63101
ZCTA5 63102,65527,63102
ZCTA5 63103,40943,63103
ZCTA5 63104,68764,63104
ZCTA5 63105,116439,63105
ZCTA5 63106,20679,63106
ZCTA5 63107,43625,63107
ZCTA5 63108,55147,63108
ZCTA5 63109,69938,63109
ZCTA5 63110,81655,63110
ZCTA5 63111,47039,63111
ZCTA5 63112,45542,63112
ZCTA5 63113,39913,63113
ZCTA5 63114,55870,63114
ZCTA5 63115,30622,63115
ZCTA5 63116,61433,63116
ZCTA5 63117,90921,63117
ZCTA5 63118,57762,63118
ZCTA5 63119,106183,63119
ZCTA5 63120,35176,63120
ZCTA5 63121,42701,63121
ZCTA5 63122,136385,63122
ZCTA5 63123,77055,63123
ZCTA5 63124,193942,63124
ZCTA5 63125,61624,63125
ZCTA5 63126,98852,63126
ZCTA5 63127,122663,63127
ZCTA5 63128,92359,63128
ZCTA5 63129,94888,63129
ZCTA5 63130,85823,63130
ZCTA5 63131,225493,63131
ZCTA5 63132,87385,63132
ZCTA5 63133,39293,63133
ZCTA5 63134,44680,63134
ZCTA5 63135,52328,63135
ZCTA5 63136,41154,63136
ZCTA5 63137,43422,63137
ZCTA5 63138,56096,63138
ZCTA5 63139,75757,63139
ZCTA5 63140,45568,63140
ZCTA5 63141,133851,63141
ZCTA5 63143,65861,63143
ZCTA5 63144,104438,63144
ZCTA5 63146,84756,63146
ZCTA5 63147,41182,63147
ZCTA5 63155,-666666666,63155
ZCTA5 63301,85308,63301
ZCTA5 63303,99138,63303
ZCTA5 63304,114442,63304
ZCTA5 63330,57614,63330
ZCTA5 63332,146146,63332
ZCTA5 63333,64688,63333
ZCTA5 63334,54638,63334
ZCTA5 63336,71875,63336
ZCTA5 63339,82321,63339
ZCTA5 63341,170598,63341
ZCTA5 63343,74531,63343
ZCTA5 63344,69250,63344
ZCTA5 63345,43500,63345
ZCTA5 63347,81949,63347
ZCTA5 63348,115661,63348
ZCTA5 63349,80375,63349
ZCTA5 63350,69111,63350
ZCTA5 63351,67500,63351
ZCTA5 63352,54485,63352
ZCTA5 63353,46875,63353
ZCTA5 63357,92200,63357
ZCTA5 63359,75227,63359
ZCTA5 63361,62371,63361
ZCTA5 63362,88977,63362
ZCTA5 63363,47188,63363
ZCTA5 63365,53542,63365
ZCTA5 63366,100621,63366
ZCTA5 63367,137648,63367
ZCTA5 63368,124297,63368
ZCTA5 63369,96250,63369
ZCTA5 63373,88750,63373
ZCTA5 63376,96393,63376
ZCTA5 63377,88424,63377
ZCTA5 63379,91194,63379
ZCTA5 63380,58750,63380
ZCTA5 63381,111890,63381
ZCTA5 63382,60733,63382
ZCTA5 63383,75282,63383
ZCTA5 63384,78281,63384
ZCTA5 63385,112199,63385
ZCTA5 63386,110250,63386
ZCTA5 63387,104375,63387
ZCTA5 63388,72375,63388
ZCTA5 63389,98393,63389
ZCTA5 63390,82351,63390
ZCTA5 63401,60036,63401
ZCTA5 63430,65250,63430
ZCTA5 63431,65526,63431
ZCTA5 63432,60481,63432
ZCTA5 63433,-666666666,63433
ZCTA5 63434,50625,63434
ZCTA5 63435,62102,63435
ZCTA5 63436,56808,63436
ZCTA5 63437,36786,63437
ZCTA5 63438,42188,63438
ZCTA5 63439,34242,63439
ZCTA5 63440,60217,63440
ZCTA5 63441,77083,63441
ZCTA5 63443,42303,63443
ZCTA5 63445,48370,63445
ZCTA5 63446,60982,63446
ZCTA5 63447,43478,63447
ZCTA5 63448,61417,63448
ZCTA5 63450,69815,63450
ZCTA5 63451,80972,63451
ZCTA5 63452,62292,63452
ZCTA5 63453,74028,63453
ZCTA5 63454,88192,63454
ZCTA5 63456,64160,63456
ZCTA5 63457,57778,63457
ZCTA5 63458,69250,63458
ZCTA5 63459,67778,63459
ZCTA5 63460,-666666666,63460
ZCTA5 63461,69707,63461
ZCTA5 63462,51205,63462
ZCTA5 63463,69688,63463
ZCTA5 63465,57361,63465
ZCTA5 63466,-666666666,63466
ZCTA5 63467,-666666666,63467
ZCTA5 63468,45882,63468
ZCTA5 63469,55625,63469
ZCTA5 63471,103182,63471
ZCTA5 63472,22455,63472
ZCTA5 63473,57174,63473
ZCTA5 63474,51000,63474
ZCTA5 63501,60729,63501
ZCTA5 63530,72500,63530
ZCTA5 63531,86250,63531
ZCTA5 63532,50000,63532
ZCTA5 63533,79464,63533
ZCTA5 63534,42392,63534
ZCTA5 63535,-666666666,63535
ZCTA5 63536,60625,63536
ZCTA5 63537,59891,63537
ZCTA5 63538,47188,63538
ZCTA5 63539,35417,63539
ZCTA5 63540,96250,63540
ZCTA5 63541,57287,63541
ZCTA5 63543,57292,63543
ZCTA5 63544,44167,63544
ZCTA5 63545,40104,63545
ZCTA5 63546,72404,63546
ZCTA5 63547,38281,63547
ZCTA5 63548,66625,63548
ZCTA5 63549,59881,63549
ZCTA5 63551,76389,63551
ZCTA5 63552,65210,63552
ZCTA5 63555,67426,63555
ZCTA5 63556,58851,63556
ZCTA5 63557,60833,63557
ZCTA5 63558,65750,63558
ZCTA5 63559,60481,63559
ZCTA5 63560,56607,63560
ZCTA5 63561,56563,63561
ZCTA5 63563,61250,63563
ZCTA5 63565,69643,63565
ZCTA5 63566,97396,63566
ZCTA5 63567,61111,63567
ZCTA5 63601,54753,63601
ZCTA5 63620,42426,63620
ZCTA5 63621,87825,63621
ZCTA5 63622,31750,63622
ZCTA5 63623,44844,63623
ZCTA5 63624,41984,63624
ZCTA5 63625,-666666666,63625
ZCTA5 63626,82599,63626
ZCTA5 63627,88071,63627
ZCTA5 63628,63602,63628
ZCTA5 63629,47049,63629
ZCTA5 63630,52482,63630
ZCTA5 63631,74211,63631
ZCTA5 63633,52500,63633
ZCTA5 63636,65000,63636
ZCTA5 63637,54926,63637
ZCTA5 63638,55257,63638
ZCTA5 63640,61913,63640
ZCTA5 63645,54747,63645
ZCTA5 63648,51765,63648
ZCTA5 63650,50183,63650
ZCTA5 63653,38021,63653
ZCTA5 63654,36607,63654
ZCTA5 63655,61469,63655
ZCTA5 63656,47181,63656
ZCTA5 63660,51410,63660
ZCTA5 63662,55074,63662
ZCTA5 63663,44750,63663
ZCTA5 63664,61216,63664
ZCTA5 63665,28438,63665
ZCTA5 63670,62679,63670
ZCTA5 63673,77931,63673
ZCTA5 63674,-666666666,63674
ZCTA5 63675,16250,63675
ZCTA5 63701,66654,63701
ZCTA5 63703,38695,63703
ZCTA5 63730,70707,63730
ZCTA5 63732,76250,63732
ZCTA5 63735,28214,63735
ZCTA5 63736,59414,63736
ZCTA5 63738,-666666666,63738
ZCTA5 63739,62500,63739
ZCTA5 63740,54364,63740
ZCTA5 63742,-666666666,63742
ZCTA5 63743,122750,63743
ZCTA5 63744,36250,63744
ZCTA5 63745,-666666666,63745
ZCTA5 63746,-666666666,63746
ZCTA5 63747,106425,63747
ZCTA5 63748,59478,63748
ZCTA5 63750,120773,63750
ZCTA5 63751,34318,63751
ZCTA5 63755,78750,63755
ZCTA5 63758,56250,63758
ZCTA5 63760,80268,63760
ZCTA5 63763,-666666666,63763
ZCTA5 63764,49917,63764
ZCTA5 63766,58828,63766
ZCTA5 63767,46765,63767
ZCTA5 63769,91146,63769
ZCTA5 63770,-666666666,63770
ZCTA5 63771,70603,63771
ZCTA5 63774,48558,63774
ZCTA5 63775,63712,63775
ZCTA5 63780,72171,63780
ZCTA5 63781,72561,63781
ZCTA5 63782,78068,63782
ZCTA5 63783,-666666666,63783
ZCTA5 63784,48333,63784
ZCTA5 63785,75938,63785
ZCTA5 63787,46000,63787
ZCTA5 63801,62698,63801
ZCTA5 63820,-666666666,63820
ZCTA5 63821,40238,63821
ZCTA5 63822,57639,63822
ZCTA5 63823,62656,63823
ZCTA5 63824,38333,63824
ZCTA5 63825,52414,63825
ZCTA5 63826,-666666666,63826
ZCTA5 63827,65313,63827
ZCTA5 63828,46875,63828
ZCTA5 63829,28281,63829
ZCTA5 63830,36979,63830
ZCTA5 63833,60682,63833
ZCTA5 63834,41348,63834
ZCTA5 63837,46066,63837
ZCTA5 63839,42250,63839
ZCTA5 63840,65227,63840
ZCTA5 63841,58607,63841
ZCTA5 63845,51207,63845
ZCTA5 63846,50813,63846
ZCTA5 63847,-666666666,63847
ZCTA5 63848,43083,63848
ZCTA5 63849,90685,63849
ZCTA5 63850,-666666666,63850
ZCTA5 63851,28705,63851
ZCTA5 63852,46971,63852
ZCTA5 63853,37375,63853
ZCTA5 63855,50278,63855
ZCTA5 63857,55188,63857
ZCTA5 63860,40817,63860
ZCTA5 63862,43940,63862
ZCTA5 63863,47205,63863
ZCTA5 63866,33750,63866
ZCTA5 63867,47143,63867
ZCTA5 63868,32254,63868
ZCTA5 63869,57959,63869
ZCTA5 63870,57639,63870
ZCTA5 63873,54362,63873
ZCTA5 63874,48000,63874
ZCTA5 63876,34837,63876
ZCTA5 63877,51923,63877
ZCTA5 63878,-666666666,63878
ZCTA5 63879,41083,63879
ZCTA5 63880,-666666666,63880
ZCTA5 63882,30227,63882
ZCTA5 63901,51152,63901
ZCTA5 63932,47212,63932
ZCTA5 63933,55582,63933
ZCTA5 63934,-666666666,63934
ZCTA5 63935,42985,63935
ZCTA5 63936,51466,63936
ZCTA5 63937,61614,63937
ZCTA5 63939,44125,63939
ZCTA5 63940,53378,63940
ZCTA5 63941,29352,63941
ZCTA5 63942,47250,63942
ZCTA5 63943,40152,63943
ZCTA5 63944,58047,63944
ZCTA5 63945,44174,63945
ZCTA5 63950,-666666666,63950
ZCTA5 63951,26639,63951
ZCTA5 63952,41513,63952
ZCTA5 63953,32895,63953
ZCTA5 63954,39853,63954
ZCTA5 63955,48056,63955
ZCTA5 63956,61146,63956
ZCTA5 63957,43582,63957
ZCTA5 63960,57875,63960
ZCTA5 63961,39167,63961
ZCTA5 63962,-666666666,63962
ZCTA5 63964,41500,63964
ZCTA5 63965,37697,63965
ZCTA5 63966,59871,63966
ZCTA5 63967,42048,63967
ZCTA5 64001,68000,64001
ZCTA5 64011,82981,64011
ZCTA5 64012,71814,64012
ZCTA5 64014,90337,64014
ZCTA5 64015,84518,64015
ZCTA5 64016,98323,64016
ZCTA5 64017,68239,64017
ZCTA5 64018,110750,64018
ZCTA5 64019,91005,64019
ZCTA5 64020,59269,64020
ZCTA5 64021,97188,64021
ZCTA5 64022,78125,64022
ZCTA5 64024,77895,64024
ZCTA5 64028,124375,64028
ZCTA5 64029,91704,64029
ZCTA5 64030,53216,64030
ZCTA5 64034,120041,64034
ZCTA5 64035,86756,64035
ZCTA5 64036,46786,64036
ZCTA5 64037,91843,64037
ZCTA5 64040,71886,64040
ZCTA5 64048,103131,64048
ZCTA5 64050,48834,64050
ZCTA5 64052,59007,64052
ZCTA5 64053,47285,64053
ZCTA5 64054,59719,64054
ZCTA5 64055,62439,64055
ZCTA5 64056,67685,64056
ZCTA5 64057,71402,64057
ZCTA5 64058,82192,64058
ZCTA5 64060,112683,64060
ZCTA5 64061,85987,64061
ZCTA5 64062,92277,64062
ZCTA5 64063,80459,64063
ZCTA5 64064,117674,64064
ZCTA5 64065,-666666666,64065
ZCTA5 64066,82083,64066
ZCTA5 64067,69546,64067
ZCTA5 64068,92297,64068
ZCTA5 64070,130364,64070
ZCTA5 64071,124375,64071
ZCTA5 64072,37917,64072
ZCTA5 64074,75469,64074
ZCTA5 64075,81573,64075
ZCTA5 64076,93008,64076
ZCTA5 64077,75956,64077
ZCTA5 64078,103922,64078
ZCTA5 64079,99161,64079
ZCTA5 64080,104311,64080
ZCTA5 64081,102119,64081
ZCTA5 64082,131453,64082
ZCTA5 64083,101667,64083
ZCTA5 64084,65060,64084
ZCTA5 64085,64096,64085
ZCTA5 64086,102099,64086
ZCTA5 64088,101645,64088
ZCTA5 64089,101009,64089
ZCTA5 64090,61875,64090
ZCTA5 64092,-666666666,64092
ZCTA5 64093,61094,64093
ZCTA5 64096,52315,64096
ZCTA5 64097,74750,64097
ZCTA5 64098,92661,64098
ZCTA5 64101,-666666666,64101
ZCTA5 64102,-666666666,64102
ZCTA5 64105,67235,64105
ZCTA5 64106,52564,64106
ZCTA5 64108,80551,64108
ZCTA5 64109,41943,64109
ZCTA5 64110,63044,64110
ZCTA5 64111,61729,64111
ZCTA5 64112,100736,64112
ZCTA5 64113,179964,64113
ZCTA5 64114,81275,64114
ZCTA5 64116,64123,64116
ZCTA5 64117,59601,64117
ZCTA5 64118,74740,64118
ZCTA5 64119,83929,64119
ZCTA5 64120,76833,64120
ZCTA5 64123,54443,64123
ZCTA5 64124,46241,64124
ZCTA5 64125,41983,64125
ZCTA5 64126,39934,64126
ZCTA5 64127,33111,64127
ZCTA5 64128,36088,64128
ZCTA5 64129,51310,64129
ZCTA5 64130,42221,64130
ZCTA5 64131,64201,64131
ZCTA5 64132,45622,64132
ZCTA5 64133,67750,64133
ZCTA5 64134,58170,64134
ZCTA5 64136,51867,64136
ZCTA5 64137,66036,64137
ZCTA5 64138,58638,64138
ZCTA5 64139,122686,64139
ZCTA5 64145,95159,64145
ZCTA5 64146,66481,64146
ZCTA5 64147,-666666666,64147
ZCTA5 64149,91250,64149
ZCTA5 64150,58846,64150
ZCTA5 64151,92876,64151
ZCTA5 64152,114688,64152
ZCTA5 64153,82964,64153
ZCTA5 64154,86213,64154
ZCTA5 64155,97471,64155
ZCTA5 64156,130224,64156
ZCTA5 64157,149526,64157
ZCTA5 64158,105043,64158
ZCTA5 64161,53333,64161
ZCTA5 64163,59511,64163
ZCTA5 64164,145208,64164
ZCTA5 64165,-666666666,64165
ZCTA5 64166,163214,64166
ZCTA5 64167,202917,64167
ZCTA5 64401,99398,64401
ZCTA5 64402,54444,64402
ZCTA5 64420,73750,64420
ZCTA5 64421,53125,64421
ZCTA5 64422,68882,64422
ZCTA5 64423,58854,64423
ZCTA5 64424,53479,64424
ZCTA5 64426,87844,64426
ZCTA5 64427,62917,64427
ZCTA5 64428,56250,64428
ZCTA5 64429,68708,64429
ZCTA5 64430,75577,64430
ZCTA5 64431,75625,64431
ZCTA5 64432,76250,64432
ZCTA5 64433,50417,64433
ZCTA5 64434,73750,64434
ZCTA5 64436,113500,64436
ZCTA5 64437,51667,64437
ZCTA5 64438,-666666666,64438
ZCTA5 64439,91136,64439
ZCTA5 64440,94306,64440
ZCTA5 64441,42250,64441
ZCTA5 64442,61985,64442
ZCTA5 64443,86042,64443
ZCTA5 64444,68482,64444
ZCTA5 64445,66667,64445
ZCTA5 64446,56949,64446
ZCTA5 64448,76058,64448
ZCTA5 64449,71667,64449
ZCTA5 64451,52955,64451
ZCTA5 64453,80536,64453
ZCTA5 64454,87262,64454
ZCTA5 64455,53864,64455
ZCTA5 64456,48611,64456
ZCTA5 64457,62250,64457
ZCTA5 64458,-666666666,64458
ZCTA5 64459,78808,64459
ZCTA5 64461,63750,64461
ZCTA5 64463,59219,64463
ZCTA5 64465,80552,64465
ZCTA5 64466,54028,64466
ZCTA5 64467,-666666666,64467
ZCTA5 64468,57251,64468
ZCTA5 64469,62059,64469
ZCTA5 64470,70833,64470
ZCTA5 64471,34375,64471
ZCTA5 64473,63313,64473
ZCTA5 64474,77083,64474
ZCTA5 64475,60469,64475
ZCTA5 64476,73250,64476
ZCTA5 64477,64643,64477
ZCTA5 64479,61184,64479
ZCTA5 64480,115781,64480
ZCTA5 64481,55341,64481
ZCTA5 64482,66534,64482
ZCTA5 64483,73750,64483
ZCTA5 64484,77917,64484
ZCTA5 64485,67929,64485
ZCTA5 64486,26375,64486
ZCTA5 64487,65833,64487
ZCTA5 64489,54519,64489
ZCTA5 64490,88750,64490
ZCTA5 64491,57500,64491
ZCTA5 64492,66211,64492
ZCTA5 64493,64583,64493
ZCTA5 64494,65511,64494
ZCTA5 64496,53021,64496
ZCTA5 64497,69250,64497
ZCTA5 64498,48750,64498
ZCTA5 64499,93565,64499
ZCTA5 64501,46731,64501
ZCTA5 64503,53039,64503
ZCTA5 64504,58801,64504
ZCTA5 64505,73298,64505
ZCTA5 64506,65573,64506
ZCTA5 64507,61158,64507
ZCTA5 64601,63061,64601
ZCTA5 64620,74464,64620
ZCTA5 64622,80577,64622
ZCTA5 64623,53359,64623
ZCTA5 64624,58095,64624
ZCTA5 64625,35000,64625
ZCTA5 64628,59361,64628
ZCTA5 64630,57813,64630
ZCTA5 64631,59917,64631
ZCTA5 64632,50313,64632
ZCTA5 64633,58726,64633
ZCTA5 64635,78333,64635
ZCTA5 64636,34167,64636
ZCTA5 64637,56944,64637
ZCTA5 64638,63654,64638
ZCTA5 64639,59107,64639
ZCTA5 64640,61302,64640
ZCTA5 64641,49545,64641
ZCTA5 64642,64107,64642
ZCTA5 64643,56688,64643
ZCTA5 64644,74408,64644
ZCTA5 64645,53125,64645
ZCTA5 64646,68125,64646
ZCTA5 64647,51250,64647
ZCTA5 64648,74821,64648
ZCTA5 64649,67216,64649
ZCTA5 64650,45441,64650
ZCTA5 64651,72321,64651
ZCTA5 64652,58750,64652
ZCTA5 64653,54821,64653
ZCTA5 64654,97188,64654
ZCTA5 64655,-666666666,64655
ZCTA5 64656,58438,64656
ZCTA5 64657,59659,64657
ZCTA5 64658,75848,64658
ZCTA5 64659,73698,64659
ZCTA5 64660,80000,64660
ZCTA5 64661,54122,64661
ZCTA5 64664,73125,64664
ZCTA5 64667,47841,64667
ZCTA5 64668,73889,64668
ZCTA5 64670,52083,64670
ZCTA5 64671,75455,64671
ZCTA5 64672,43250,64672
ZCTA5 64673,61364,64673
ZCTA5 64674,70000,64674
ZCTA5 64676,59519,64676
ZCTA5 64679,53611,64679
ZCTA5 64681,70833,64681
ZCTA5 64682,54886,64682
ZCTA5 64683,52109,64683
ZCTA5 64686,71563,64686
ZCTA5 64688,67679,64688
ZCTA5 64689,62206,64689
ZCTA5 64701,78648,64701
ZCTA5 64720,75479,64720
ZCTA5 64722,67933,64722
ZCTA5 64723,63500,64723
ZCTA5 64724,49338,64724
ZCTA5 64725,84722,64725
ZCTA5 64726,54205,64726
ZCTA5 64728,67188,64728
ZCTA5 64730,49883,64730
ZCTA5 64733,77083,64733
ZCTA5 64734,88274,64734
ZCTA5 64735,58879,64735
ZCTA5 64738,61493,64738
ZCTA5 64739,85375,64739
ZCTA5 64740,61641,64740
ZCTA5 64741,44271,64741
ZCTA5 64742,71442,64742
ZCTA5 64743,53875,64743
ZCTA5 64744,47685,64744
ZCTA5 64745,-666666666,64745
ZCTA5 64746,79682,64746
ZCTA5 64747,82642,64747
ZCTA5 64748,50865,64748
ZCTA5 64750,-666666666,64750
ZCTA5 64752,66875,64752
ZCTA5 64755,77643,64755
ZCTA5 64756,46971,64756
ZCTA5 64759,50000,64759
ZCTA5 64761,73750,64761
ZCTA5 64762,58750,64762
ZCTA5 64763,54821,64763
ZCTA5 64765,-666666666,64765
ZCTA5 64767,36813,64767
ZCTA5 64769,27813,64769
ZCTA5 64770,61908,64770
ZCTA5 64771,61645,64771
ZCTA5 64772,51872,64772
ZCTA5 64776,44880,64776
ZCTA5 64778,59737,64778
ZCTA5 64779,54183,64779
ZCTA5 64780,44107,64780
ZCTA5 64781,43056,64781
ZCTA5 64783,47321,64783
ZCTA5 64784,53654,64784
ZCTA5 64788,71705,64788
ZCTA5 64790,48750,64790
ZCTA5 64801,52620,64801
ZCTA5 64804,62574,64804
ZCTA5 64830,51510,64830
ZCTA5 64831,63254,64831
ZCTA5 64832,98750,64832
ZCTA5 64833,-666666666,64833
ZCTA5 64834,85205,64834
ZCTA5 64835,58849,64835
ZCTA5 64836,61335,64836
ZCTA5 64840,65000,64840
ZCTA5 64841,59167,64841
ZCTA5 64842,57969,64842
ZCTA5 64843,55492,64843
ZCTA5 64844,63382,64844
ZCTA5 64847,37273,64847
ZCTA5 64848,97796,64848
ZCTA5 64849,71875,64849
ZCTA5 64850,63469,64850
ZCTA5 64854,44490,64854
ZCTA5 64855,90500,64855
ZCTA5 64856,45513,64856
ZCTA5 64857,-666666666,64857
ZCTA5 64858,-666666666,64858
ZCTA5 64859,61429,64859
ZCTA5 64861,63250,64861
ZCTA5 64862,59489,64862
ZCTA5 64863,58906,64863
ZCTA5 64865,60846,64865
ZCTA5 64866,59712,64866
ZCTA5 64867,55474,64867
ZCTA5 64868,87750,64868
ZCTA5 64870,68300,64870
ZCTA5 64873,74360,64873
ZCTA5 64874,38906,64874
ZCTA5 65001,80938,65001
ZCTA5 65010,95559,65010
ZCTA5 65011,40990,65011
ZCTA5 65013,57212,65013
ZCTA5 65014,61938,65014
ZCTA5 65016,78750,65016
ZCTA5 65017,39457,65017
ZCTA5 65018,67800,65018
ZCTA5 65020,62392,65020
ZCTA5 65023,72663,65023
ZCTA5 65024,68438,65024
ZCTA5 65025,51364,65025
ZCTA5 65026,48824,65026
ZCTA5 65032,63125,65032
ZCTA5 65034,86875,65034
ZCTA5 65035,90815,65035
ZCTA5 65037,66360,65037
ZCTA5 65039,125714,65039
ZCTA5 65040,89167,65040
ZCTA5 65041,70368,65041
ZCTA5 65043,85308,65043
ZCTA5 65046,76458,65046
ZCTA5 65047,53750,65047
ZCTA5 65048,88750,65048
ZCTA5 65049,86453,65049
ZCTA5 65050,56813,65050
ZCTA5 65051,53289,65051
ZCTA5 65052,87125,65052
ZCTA5 65053,120870,65053
ZCTA5 65054,-666666666,65054
ZCTA5 65058,71771,65058
ZCTA5 65059,76765,65059
ZCTA5 65061,56250,65061
ZCTA5 65062,-666666666,65062
ZCTA5 65063,77957,65063
ZCTA5 65064,66667,65064
ZCTA5 65065,60785,65065
ZCTA5 65066,56964,65066
ZCTA5 65067,-666666666,65067
ZCTA5 65068,61667,65068
ZCTA5 65069,77500,65069
ZCTA5 65072,78750,65072
ZCTA5 65074,74464,65074
ZCTA5 65075,87431,65075
ZCTA5 65076,64333,65076
ZCTA5 65077,80625,65077
ZCTA5 65078,43974,65078
ZCTA5 65079,70024,65079
ZCTA5 65080,77013,65080
ZCTA5 65081,56121,65081
ZCTA5 65082,60260,65082
ZCTA5 65083,-666666666,65083
ZCTA5 65084,55372,65084
ZCTA5 65085,103563,65085
ZCTA5 65101,74807,65101
ZCTA5 65109,74694,65109
ZCTA5 65201,48113,65201
ZCTA5 65202,72289,65202
ZCTA5 65203,79960,65203
ZCTA5 65215,-666666666,65215
ZCTA5 65216,-666666666,65216
ZCTA5 65230,51607,65230
ZCTA5 65231,57407,65231
ZCTA5 65232,83542,65232
ZCTA5 65233,68320,65233
ZCTA5 65236,46806,65236
ZCTA5 65237,76389,65237
ZCTA5 65239,83578,65239
ZCTA5 65240,71707,65240
ZCTA5 65243,68021,65243
ZCTA5 65244,48125,65244
ZCTA5 65246,-666666666,65246
ZCTA5 65247,72526,65247
ZCTA5 65248,53125,65248
ZCTA5 65250,125000,65250
ZCTA5 65251,63072,65251
ZCTA5 65254,70321,65254
ZCTA5 65255,83900,65255
ZCTA5 65256,92061,65256
ZCTA5 65257,54911,65257
ZCTA5 65258,64500,65258
ZCTA5 65259,60865,65259
ZCTA5 65260,49792,65260
ZCTA5 65261,64904,65261
ZCTA5 65262,73200,65262
ZCTA5 65263,56211,65263
ZCTA5 65264,46042,65264
ZCTA5 65265,56969,65265
ZCTA5 65270,48351,65270
ZCTA5 65274,69833,65274
ZCTA5 65275,60893,65275
ZCTA5 65276,78958,65276
ZCTA5 65278,45625,65278
ZCTA5 65279,103516,65279
ZCTA5 65280,93036,65280
ZCTA5 65281,73705,65281
ZCTA5 65282,-666666666,65282
ZCTA5 65283,39464,65283
ZCTA5 65284,97434,65284
ZCTA5 65285,98625,65285
ZCTA5 65286,-666666666,65286
ZCTA5 65287,94143,65287
ZCTA5 65301,58064,65301
ZCTA5 65305,54267,65305
ZCTA5 65320,35469,65320
ZCTA5 65321,82019,65321
ZCTA5 65322,73250,65322
ZCTA5 65323,49750,65323
ZCTA5 65324,52969,65324
ZCTA5 65325,53942,65325
ZCTA5 65326,51888,65326
ZCTA5 65327,88750,65327
ZCTA5 65329,-666666666,65329
ZCTA5 65330,42188,65330
ZCTA5 65332,66750,65332
ZCTA5 65333,59208,65333
ZCTA5 65334,65899,65334
ZCTA5 65335,78750,65335
ZCTA5 65336,66935,65336
ZCTA5 65337,71500,65337
ZCTA5 65338,51038,65338
ZCTA5 65339,43750,65339
ZCTA5 65340,58118,65340
ZCTA5 65344,61667,65344
ZCTA5 65345,55313,65345
ZCTA5 65347,103125,65347
ZCTA5 65348,52125,65348
ZCTA5 65349,45982,65349
ZCTA5 65350,60509,65350
ZCTA5 65351,55625,65351
ZCTA5 65354,37614,65354
ZCTA5 65355,50648,65355
ZCTA5 65360,53021,65360
ZCTA5 65401,56081,65401
ZCTA5 65409,-666666666,65409
ZCTA5 65436,-666666666,65436
ZCTA5 65438,54028,65438
ZCTA5 65439,21492,65439
ZCTA5 65440,37250,65440
ZCTA5 65441,65050,65441
ZCTA5 65443,-666666666,65443
ZCTA5 65444,56875,65444
ZCTA5 65446,50625,65446
ZCTA5 65449,36200,65449
ZCTA5 65452,60350,65452
ZCTA5 65453,62790,65453
ZCTA5 65456,98700,65456
ZCTA5 65457,72940,65457
ZCTA5 65459,66385,65459
ZCTA5 65461,63036,65461
ZCTA5 65462,54712,65462
ZCTA5 65463,69973,65463
ZCTA5 65464,-666666666,65464
ZCTA5 65466,40625,65466
ZCTA5 65468,-666666666,65468
ZCTA5 65470,59091,65470
ZCTA5 65473,67690,65473
ZCTA5 65479,108072,65479
ZCTA5 65483,46663,65483
ZCTA5 65484,-666666666,65484
ZCTA5 65486,71744,65486
ZCTA5 65501,25417,65501
ZCTA5 65529,111618,65529
ZCTA5 65534,72500,65534
ZCTA5 65535,56660,65535
ZCTA5 65536,53783,65536
ZCTA5 65541,54931,65541
ZCTA5 65542,46076,65542
ZCTA5 65543,50980,65543
ZCTA5 65548,48698,65548
ZCTA5 65550,71275,65550
ZCTA5 65552,63894,65552
ZCTA5 65555,43631,65555
ZCTA5 65556,38194,65556
ZCTA5 65557,97650,65557
ZCTA5 65559,61750,65559
ZCTA5 65560,56250,65560
ZCTA5 65564,-666666666,65564
ZCTA5 65565,50277,65565
ZCTA5 65566,39583,65566
ZCTA5 65567,55050,65567
ZCTA5 65570,34573,65570
ZCTA5 65571,60040,65571
ZCTA5 65580,69898,65580
ZCTA5 65582,60278,65582
ZCTA5 65583,76626,65583
ZCTA5 65584,63328,65584
ZCTA5 65586,57344,65586
ZCTA5 65588,44500,65588
ZCTA5 65589,-666666666,65589
ZCTA5 65590,56762,65590
ZCTA5 65591,50139,65591
ZCTA5 65601,46875,65601
ZCTA5 65603,63516,65603
ZCTA5 65604,68683,65604
ZCTA5 65605,53294,65605
ZCTA5 65606,51909,65606
ZCTA5 65608,44607,65608
ZCTA5 65609,53571,65609
ZCTA5 65610,77155,65610
ZCTA5 65611,59866,65611
ZCTA5 65612,78047,65612
ZCTA5 65613,59172,65613
ZCTA5 65614,61875,65614
ZCTA5 65616,60489,65616
ZCTA5 65617,76488,65617
ZCTA5 65618,-666666666,65618
ZCTA5 65619,85024,65619
ZCTA5 65620,-666666666,65620
ZCTA5 65622,50081,65622
ZCTA5 65623,59167,65623
ZCTA5 65624,61995,65624
ZCTA5 65625,63348,65625
ZCTA5 65626,40208,65626
ZCTA5 65627,44188,65627
ZCTA5 65629,63750,65629
ZCTA5 65630,107115,65630
ZCTA5 65631,86875,65631
ZCTA5 65632,57656,65632
ZCTA5 65633,49349,65633
ZCTA5 65634,35948,65634
ZCTA5 65635,92292,65635
ZCTA5 65637,50588,65637
ZCTA5 65638,58906,65638
ZCTA5 65640,61136,65640
ZCTA5 65641,55417,65641
ZCTA5 65644,71527,65644
ZCTA5 65646,52708,65646
ZCTA5 65647,46146,65647
ZCTA5 65648,86850,65648
ZCTA5 65649,46516,65649
ZCTA5 65650,50194,65650
ZCTA5 65652,78420,65652
ZCTA5 65653,46918,65653
ZCTA5 65654,47500,65654
ZCTA5 65655,37337,65655
ZCTA5 65656,67239,65656
ZCTA5 65657,-666666666,65657
ZCTA5 65658,51641,65658
ZCTA5 65660,73846,65660
ZCTA5 65661,46170,65661
ZCTA5 65662,51339,65662
ZCTA5 65663,61023,65663
ZCTA5 65664,-666666666,65664
ZCTA5 65666,-666666666,65666
ZCTA5 65667,34444,65667
ZCTA5 65668,38449,65668
ZCTA5 65669,86932,65669
ZCTA5 65672,59737,65672
ZCTA5 65674,47500,65674
ZCTA5 65675,84028,65675
ZCTA5 65676,45170,65676
ZCTA5 65679,48442,65679
ZCTA5 65680,77563,65680
ZCTA5 65681,57548,65681
ZCTA5 65682,53590,65682
ZCTA5 65685,51394,65685
ZCTA5 65686,58363,65686
ZCTA5 65688,68529,65688
ZCTA5 65689,44231,65689
ZCTA5 65690,-666666666,65690
ZCTA5 65692,40357,65692
ZCTA5 65702,62301,65702
ZCTA5 65704,49787,65704
ZCTA5 65705,61000,65705
ZCTA5 65706,74830,65706
ZCTA5 65707,57177,65707
ZCTA5 65708,57827,65708
ZCTA5 65710,77865,65710
ZCTA5 65711,50663,65711
ZCTA5 65712,69304,65712
ZCTA5 65713,63750,65713
ZCTA5 65714,86765,65714
ZCTA5 65715,-666666666,65715
ZCTA5 65717,61146,65717
ZCTA5 65720,51563,65720
ZCTA5 65721,77507,65721
ZCTA5 65722,48378,65722
ZCTA5 65723,49695,65723
ZCTA5 65724,41447,65724
ZCTA5 65725,77406,65725
ZCTA5 65726,-666666666,65726
ZCTA5 65727,81641,65727
ZCTA5 65728,-666666666,65728
ZCTA5 65729,61818,65729
ZCTA5 65730,-666666666,65730
ZCTA5 65731,-666666666,65731
ZCTA5 65732,45909,65732
ZCTA5 65733,59375,65733
ZCTA5 65734,56744,65734
ZCTA5 65735,72724,65735
ZCTA5 65737,63811,65737
ZCTA5 65738,67841,65738
ZCTA5 65739,61250,65739
ZCTA5 65740,57390,65740
ZCTA5 65741,-666666666,65741
ZCTA5 65742,83795,65742
ZCTA5 65744,50655,65744
ZCTA5 65745,52158,65745
ZCTA5 65746,55402,65746
ZCTA5 65747,55060,65747
ZCTA5 65752,48125,65752
ZCTA5 65753,80179,65753
ZCTA5 65754,88125,65754
ZCTA5 65755,35291,65755
ZCTA5 65756,113795,65756
ZCTA5 65757,85243,65757
ZCTA5 65759,60417,65759
ZCTA5 65760,42708,65760
ZCTA5 65761,43000,65761
ZCTA5 65762,73487,65762
ZCTA5 65764,26936,65764
ZCTA5 65766,-666666666,65766
ZCTA5 65767,52708,65767
ZCTA5 65768,26029,65768
ZCTA5 65769,67829,65769
ZCTA5 65770,59329,65770
ZCTA5 65771,95398,65771
ZCTA5 65772,63889,65772
ZCTA5 65773,-666666666,65773
ZCTA5 65774,31674,65774
ZCTA5 65775,52206,65775
ZCTA5 65777,-666666666,65777
ZCTA5 65778,23669,65778
ZCTA5 65779,44018,65779
ZCTA5 65781,83816,65781
ZCTA5 65783,-666666666,65783
ZCTA5 65784,-666666666,65784
ZCTA5 65785,50086,65785
ZCTA5 65786,61136,65786
ZCTA5 65787,62917,65787
ZCTA5 65788,64375,65788
ZCTA5 65789,57083,65789
ZCTA5 65790,68672,65790
ZCTA5 65791,42470,65791
ZCTA5 65793,50116,65793
ZCTA5 65801,-666666666,65801
ZCTA5 65802,55019,65802
ZCTA5 65803,50572,65803
ZCTA5 65804,62301,65804
ZCTA5 65806,28165,65806
ZCTA5 65807,53870,65807
ZCTA5 65809,111364,65809
ZCTA5 65810,95160,65810
ZCTA5 65897,-666666666,65897
ZCTA5 66002,61364,66002
ZCTA5 66006,80960,66006
ZCTA5 66007,121266,66007
ZCTA5 66008,94792,66008
ZCTA5 66010,44318,66010
ZCTA5 66012,97873,66012
ZCTA5 66013,164320,66013
ZCTA5 66014,105431,66014
ZCTA5 66015,69375,66015
ZCTA5 66016,76141,66016
ZCTA5 66017,68750,66017
ZCTA5 66018,105357,66018
ZCTA5 66020,78594,66020
ZCTA5 66021,88125,66021
ZCTA5 66023,55759,66023
ZCTA5 66024,68125,66024
ZCTA5 66025,114868,66025
ZCTA5 66026,77857,66026
ZCTA5 66027,102208,66027
ZCTA5 66030,97822,66030
ZCTA5 66031,-666666666,66031
ZCTA5 66032,69647,66032
ZCTA5 66033,91540,66033
ZCTA5 66035,97895,66035
ZCTA5 66039,60329,66039
ZCTA5 66040,56323,66040
ZCTA5 66041,56912,66041
ZCTA5 66042,67813,66042
ZCTA5 66043,103060,66043
ZCTA5 66044,55955,66044
ZCTA5 66045,13750,66045
ZCTA5 66046,65478,66046
ZCTA5 66047,65392,66047
ZCTA5 66048,72734,66048
ZCTA5 66049,90147,66049
ZCTA5 66050,91979,66050
ZCTA5 66052,82411,66052
ZCTA5 66053,89096,66053
ZCTA5 66054,98214,66054
ZCTA5 66056,57813,66056
ZCTA5 66058,96458,66058
ZCTA5 66060,77222,66060
ZCTA5 66061,110176,66061
ZCTA5 66062,117585,66062
ZCTA5 66064,67321,66064
ZCTA5 66066,79990,66066
ZCTA5 66067,77255,66067
ZCTA5 66070,85714,66070
ZCTA5 66071,84142,66071
ZCTA5 66072,101875,66072
ZCTA5 66073,86641,66073
ZCTA5 66075,62407,66075
ZCTA5 66076,73945,66076
ZCTA5 66078,80000,66078
ZCTA5 66079,54432,66079
ZCTA5 66080,90543,66080
ZCTA5 66083,116791,66083
ZCTA5 66085,152500,66085
ZCTA5 66086,98318,66086
ZCTA5 66087,56875,66087
ZCTA5 66088,75795,66088
ZCTA5 66090,87025,66090
ZCTA5 66091,77872,66091
ZCTA5 66092,87524,66092
ZCTA5 66093,65903,66093
ZCTA5 66094,72000,66094
ZCTA5 66095,71023,66095
ZCTA5 66097,66369,66097
ZCTA5 66101,42551,66101
ZCTA5 66102,52861,66102
ZCTA5 66103,52479,66103
ZCTA5 66104,61338,66104
ZCTA5 66105,34397,66105
ZCTA5 66106,61331,66106
ZCTA5 66109,102593,66109
ZCTA5 66111,65972,66111
ZCTA5 66112,62313,66112
ZCTA5 66115,-666666666,66115
ZCTA5 66118,-666666666,66118
ZCTA5 66160,-666666666,66160
ZCTA5 66202,75129,66202
ZCTA5 66203,75869,66203
ZCTA5 66204,75889,66204
ZCTA5 66205,102449,66205
ZCTA5 66206,174394,66206
ZCTA5 66207,125153,66207
ZCTA5 66208,124000,66208
ZCTA5 66209,143393,66209
ZCTA5 66210,95636,66210
ZCTA5 66211,106486,66211
ZCTA5 66212,81477,66212
ZCTA5 66213,117706,66213
ZCTA5 66214,83435,66214
ZCTA5 66215,88232,66215
ZCTA5 66216,111744,66216
ZCTA5 66217,93651,66217
ZCTA5 66218,168878,66218
ZCTA5 66219,94124,66219
ZCTA5 66220,177206,66220
ZCTA5 66221,190000,66221
ZCTA5 66223,114855,66223
ZCTA5 66224,188004,66224
ZCTA5 66226,173667,66226
ZCTA5 66227,139883,66227
ZCTA5 66251,-666666666,66251
ZCTA5 66401,73516,66401
ZCTA5 66402,88427,66402
ZCTA5 66403,71875,66403
ZCTA5 66404,89620,66404
ZCTA5 66406,67955,66406
ZCTA5 66407,67750,66407
ZCTA5 66408,91250,66408
ZCTA5 66409,104604,66409
ZCTA5 66411,57361,66411
ZCTA5 66412,86638,66412
ZCTA5 66413,65179,66413
ZCTA5 66414,74063,66414
ZCTA5 66415,70066,66415
ZCTA5 66416,74375,66416
ZCTA5 66417,86875,66417
ZCTA5 66418,77885,66418
ZCTA5 66419,100152,66419
ZCTA5 66422,73257,66422
ZCTA5 66423,60938,66423
ZCTA5 66424,58553,66424
ZCTA5 66425,61094,66425
ZCTA5 66427,79481,66427
ZCTA5 66428,100500,66428
ZCTA5 66429,68780,66429
ZCTA5 66431,93095,66431
ZCTA5 66432,108818,66432
ZCTA5 66434,76613,66434
ZCTA5 66436,71016,66436
ZCTA5 66438,76250,66438
ZCTA5 66439,53348,66439
ZCTA5 66440,97109,66440
ZCTA5 66441,59522,66441
ZCTA5 66442,51610,66442
ZCTA5 66449,90089,66449
ZCTA5 66451,76908,66451
ZCTA5 66501,59500,66501
ZCTA5 66502,54833,66502
ZCTA5 66503,97846,66503
ZCTA5 66506,-666666666,66506
ZCTA5 66507,96786,66507
ZCTA5 66508,55636,66508
ZCTA5 66509,65958,66509
ZCTA5 66510,57262,66510
ZCTA5 66512,79008,66512
ZCTA5 66514,93889,66514
ZCTA5 66515,89375,66515
ZCTA5 66516,80938,66516
ZCTA5 66517,68421,66517
ZCTA5 66518,-666666666,66518
ZCTA5 66520,94911,66520
ZCTA5 66521,61250,66521
ZCTA5 66522,57500,66522
ZCTA5 66523,74716,66523
ZCTA5 66524,84375,66524
ZCTA5 66526,78750,66526
ZCTA5 66527,60750,66527
ZCTA5 66528,73472,66528
ZCTA5 66531,79063,66531
ZCTA5 66532,76875,66532
ZCTA5 66533,62237,66533
ZCTA5 66534,73050,66534
ZCTA5 66535,78642,66535
ZCTA5 66536,85568,66536
ZCTA5 66537,70000,66537
ZCTA5 66538,78981,66538
ZCTA5 66539,87554,66539
ZCTA5 66540,52368,66540
ZCTA5 66541,36563,66541
ZCTA5 66542,108218,66542
ZCTA5 66543,75288,66543
ZCTA5 66544,97212,66544
ZCTA5 66546,86607,66546
ZCTA5 66547,103454,66547
ZCTA5 66548,70568,66548
ZCTA5 66549,79318,66549
ZCTA5 66550,59531,66550
ZCTA5 66552,78500,66552
ZCTA5 66554,97411,66554
ZCTA5 66603,44688,66603
ZCTA5 66604,60874,66604
ZCTA5 66605,59106,66605
ZCTA5 66606,57169,66606
ZCTA5 66607,29797,66607
ZCTA5 66608,49126,66608
ZCTA5 66609,67675,66609
ZCTA5 66610,132821,66610
ZCTA5 66611,55837,66611
ZCTA5 66612,26067,66612
ZCTA5 66614,71377,66614
ZCTA5 66615,107656,66615
ZCTA5 66616,51893,66616
ZCTA5 66617,86761,66617
ZCTA5 66618,109884,66618
ZCTA5 66619,51528,66619
ZCTA5 66621,-666666666,66621
ZCTA5 66622,-666666666,66622
ZCTA5 66701,56795,66701
ZCTA5 66710,49671,66710
ZCTA5 66711,58333,66711
ZCTA5 66712,53281,66712
ZCTA5 66713,61250,66713
ZCTA5 66714,47361,66714
ZCTA5 66716,77625,66716
ZCTA5 66717,70833,66717
ZCTA5 66720,56911,66720
ZCTA5 66724,58750,66724
ZCTA5 66725,48443,66725
ZCTA5 66732,87625,66732
ZCTA5 66733,52667,66733
ZCTA5 66734,42807,66734
ZCTA5 66735,66269,66735
ZCTA5 66736,62443,66736
ZCTA5 66738,41389,66738
ZCTA5 66739,52289,66739
ZCTA5 66740,-666666666,66740
ZCTA5 66741,94792,66741
ZCTA5 66742,-666666666,66742
ZCTA5 66743,55515,66743
ZCTA5 66746,54375,66746
ZCTA5 66748,59871,66748
ZCTA5 66749,60093,66749
ZCTA5 66751,48417,66751
ZCTA5 66753,73520,66753
ZCTA5 66754,43750,66754
ZCTA5 66755,74417,66755
ZCTA5 66756,54710,66756
ZCTA5 66757,68083,66757
ZCTA5 66758,50750,66758
ZCTA5 66760,-666666666,66760
ZCTA5 66761,81111,66761
ZCTA5 66762,50511,66762
ZCTA5 66763,58733,66763
ZCTA5 66767,46635,66767
ZCTA5 66769,80000,66769
ZCTA5 66770,90521,66770
ZCTA5 66771,70625,66771
ZCTA5 66772,60703,66772
ZCTA5 66773,50764,66773
ZCTA5 66775,64063,66775
ZCTA5 66776,57304,66776
ZCTA5 66777,42321,66777
ZCTA5 66778,-666666666,66778
ZCTA5 66779,65625,66779
ZCTA5 66780,55813,66780
ZCTA5 66781,58400,66781
ZCTA5 66782,36458,66782
ZCTA5 66783,48068,66783
ZCTA5 66801,56794,66801
ZCTA5 66830,57109,66830
ZCTA5 66833,57819,66833
ZCTA5 66834,60208,66834
ZCTA5 66835,81000,66835
ZCTA5 66838,43971,66838
ZCTA5 66839,63077,66839
ZCTA5 66840,56111,66840
ZCTA5 66842,73125,66842
ZCTA5 66843,37422,66843
ZCTA5 66845,51771,66845
ZCTA5 66846,61842,66846
ZCTA5 66849,61875,66849
ZCTA5 66850,93750,66850
ZCTA5 66851,48162,66851
ZCTA5 66852,61417,66852
ZCTA5 66853,51875,66853
ZCTA5 66854,96250,66854
ZCTA5 66856,75667,66856
ZCTA5 66857,62143,66857
ZCTA5 66858,76563,66858
ZCTA5 66859,80000,66859
ZCTA5 66860,60531,66860
ZCTA5 66861,60565,66861
ZCTA5 66862,-666666666,66862
ZCTA5 66863,-666666666,66863
ZCTA5 66864,37422,66864
ZCTA5 66865,93333,66865
ZCTA5 66866,58705,66866
ZCTA5 66868,103393,66868
ZCTA5 66869,51250,66869
ZCTA5 66870,34375,66870
ZCTA5 66871,71094,66871
ZCTA5 66872,58906,66872
ZCTA5 66873,75417,66873
ZCTA5 66901,60063,66901
ZCTA5 66930,43000,66930
ZCTA5 66932,-666666666,66932
ZCTA5 66933,55625,66933
ZCTA5 66935,56014,66935
ZCTA5 66936,-666666666,66936
ZCTA5 66937,63456,66937
ZCTA5 66938,55284,66938
ZCTA5 66939,69167,66939
ZCTA5 66940,44432,66940
ZCTA5 66941,70156,66941
ZCTA5 66942,97955,66942
ZCTA5 66943,67738,66943
ZCTA5 66944,75625,66944
ZCTA5 66945,69688,66945
ZCTA5 66946,53542,66946
ZCTA5 66948,84531,66948
ZCTA5 66949,46250,66949
ZCTA5 66951,66875,66951
ZCTA5 66952,52188,66952
ZCTA5 66953,66250,66953
ZCTA5 66955,85500,66955
ZCTA5 66956,57232,66956
ZCTA5 66958,77750,66958
ZCTA5 66959,54750,66959
ZCTA5 66960,50208,66960
ZCTA5 66961,-666666666,66961
ZCTA5 66962,74583,66962
ZCTA5 66963,45096,66963
ZCTA5 66964,73500,66964
ZCTA5 66966,51125,66966
ZCTA5 66967,56726,66967
ZCTA5 66968,59438,66968
ZCTA5 66970,29205,66970
ZCTA5 67001,98661,67001
ZCTA5 67002,104351,67002
ZCTA5 67003,50217,67003
ZCTA5 67004,77500,67004
ZCTA5 67005,54516,67005
ZCTA5 67008,60556,67008
ZCTA5 67009,44375,67009
ZCTA5 67010,73033,67010
ZCTA5 67012,-666666666,67012
ZCTA5 67013,69831,67013
ZCTA5 67016,82500,67016
ZCTA5 67017,88750,67017
ZCTA5 67018,-666666666,67018
ZCTA5 67019,60833,67019
ZCTA5 67020,80680,67020
ZCTA5 67021,48750,67021
ZCTA5 67022,60000,67022
ZCTA5 67023,95625,67023
ZCTA5 67024,34231,67024
ZCTA5 67025,86840,67025
ZCTA5 67026,106036,67026
ZCTA5 67028,79000,67028
ZCTA5 67029,52259,67029
ZCTA5 67030,100192,67030
ZCTA5 67031,88000,67031
ZCTA5 67035,72991,67035
ZCTA5 67036,88194,67036
ZCTA5 67037,85541,67037
ZCTA5 67038,55699,67038
ZCTA5 67039,91964,67039
ZCTA5 67041,93750,67041
ZCTA5 67042,62857,67042
ZCTA5 67045,62629,67045
ZCTA5 67047,54231,67047
ZCTA5 67049,-666666666,67049
ZCTA5 67050,86875,67050
ZCTA5 67051,77663,67051
ZCTA5 67052,103148,67052
ZCTA5 67053,50417,67053
ZCTA5 67054,71250,67054
ZCTA5 67055,48750,67055
ZCTA5 67056,78958,67056
ZCTA5 67057,50179,67057
ZCTA5 67058,62121,67058
ZCTA5 67059,73333,67059
ZCTA5 67060,73758,67060
ZCTA5 67061,61667,67061
ZCTA5 67062,75143,67062
ZCTA5 67063,72083,67063
ZCTA5 67065,77750,67065
ZCTA5 67066,40179,67066
ZCTA5 67067,108352,67067
ZCTA5 67068,57562,67068
ZCTA5 67070,58125,67070
ZCTA5 67071,-666666666,67071
ZCTA5 67072,-666666666,67072
ZCTA5 67073,86875,67073
ZCTA5 67074,72045,67074
ZCTA5 67101,73438,67101
ZCTA5 67102,90893,67102
ZCTA5 67103,53750,67103
ZCTA5 67104,66125,67104
ZCTA5 67105,70625,67105
ZCTA5 67106,100345,67106
ZCTA5 67107,71563,67107
ZCTA5 67108,87679,67108
ZCTA5 67109,92533,67109
ZCTA5 67110,85391,67110
ZCTA5 67111,96000,67111
ZCTA5 67112,53625,67112
ZCTA5 67114,70018,67114
ZCTA5 67117,87377,67117
ZCTA5 67118,57500,67118
ZCTA5 67119,61641,67119
ZCTA5 67120,96250,67120
ZCTA5 67122,137614,67122
ZCTA5 67123,52063,67123
ZCTA5 67124,66905,67124
ZCTA5 67127,68438,67127
ZCTA5 67131,62083,67131
ZCTA5 67132,111094,67132
ZCTA5 67133,110256,67133
ZCTA5 67134,75625,67134
ZCTA5 67135,74939,67135
ZCTA5 67137,48333,67137
ZCTA5 67138,61250,67138
ZCTA5 67140,47236,67140
ZCTA5 67142,84167,67142
ZCTA5 67143,56250,67143
ZCTA5 67144,73589,67144
ZCTA5 67146,79688,67146
ZCTA5 67147,88006,67147
ZCTA5 67149,121845,67149
ZCTA5 67150,-666666666,67150
ZCTA5 67151,55313,67151
ZCTA5 67152,52275,67152
ZCTA5 67154,67813,67154
ZCTA5 67155,46500,67155
ZCTA5 67156,58821,67156
ZCTA5 67159,44688,67159
ZCTA5 67202,58234,67202
ZCTA5 67203,52028,67203
ZCTA5 67204,71999,67204
ZCTA5 67205,121245,67205
ZCTA5 67206,82252,67206
ZCTA5 67207,67889,67207
ZCTA5 67208,60914,67208
ZCTA5 67209,77940,67209
ZCTA5 67210,59082,67210
ZCTA5 67211,44120,67211
ZCTA5 67212,68145,67212
ZCTA5 67213,50170,67213
ZCTA5 67214,35192,67214
ZCTA5 67215,118346,67215
ZCTA5 67216,48902,67216
ZCTA5 67217,55565,67217
ZCTA5 67218,49059,67218
ZCTA5 67219,70557,67219
ZCTA5 67220,64338,67220
ZCTA5 67221,-666666666,67221
ZCTA5 67223,136250,67223
ZCTA5 67226,92341,67226
ZCTA5 67227,77386,67227
ZCTA5 67228,162857,67228
ZCTA5 67230,149536,67230
ZCTA5 67232,-666666666,67232
ZCTA5 67235,118050,67235
ZCTA5 67260,-666666666,67260
ZCTA5 67301,54950,67301
ZCTA5 67330,75208,67330
ZCTA5 67332,80313,67332
ZCTA5 67333,63103,67333
ZCTA5 67334,-666666666,67334
ZCTA5 67335,56295,67335
ZCTA5 67336,26667,67336
ZCTA5 67337,51500,67337
ZCTA5 67340,50313,67340
ZCTA5 67341,77500,67341
ZCTA5 67342,56597,67342
ZCTA5 67344,60000,67344
ZCTA5 67345,75714,67345
ZCTA5 67346,76167,67346
ZCTA5 67347,91250,67347
ZCTA5 67349,67727,67349
ZCTA5 67351,88889,67351
ZCTA5 67352,45179,67352
ZCTA5 67353,56964,67353
ZCTA5 67354,46250,67354
ZCTA5 67355,75577,67355
ZCTA5 67356,52882,67356
ZCTA5 67357,56438,67357
ZCTA5 67360,52857,67360
ZCTA5 67361,53917,67361
ZCTA5 67363,-666666666,67363
ZCTA5 67364,-666666666,67364
ZCTA5 67401,64606,67401
ZCTA5 67410,65855,67410
ZCTA5 67416,73875,67416
ZCTA5 67417,85441,67417
ZCTA5 67418,52083,67418
ZCTA5 67420,62938,67420
ZCTA5 67422,85556,67422
ZCTA5 67423,57308,67423
ZCTA5 67425,95729,67425
ZCTA5 67427,49250,67427
ZCTA5 67428,75815,67428
ZCTA5 67430,50833,67430
ZCTA5 67431,82500,67431
ZCTA5 67432,70275,67432
ZCTA5 67436,58309,67436
ZCTA5 67437,64271,67437
ZCTA5 67438,74531,67438
ZCTA5 67439,73409,67439
ZCTA5 67441,65536,67441
ZCTA5 67442,58417,67442
ZCTA5 67443,88938,67443
ZCTA5 67444,58889,67444
ZCTA5 67445,46250,67445
ZCTA5 67446,98077,67446
ZCTA5 67447,65288,67447
ZCTA5 67448,89076,67448
ZCTA5 67449,69357,67449
ZCTA5 67450,43958,67450
ZCTA5 67451,51625,67451
ZCTA5 67452,113125,67452
ZCTA5 67454,55938,67454
ZCTA5 67455,56635,67455
ZCTA5 67456,82409,67456
ZCTA5 67457,89167,67457
ZCTA5 67458,64097,67458
ZCTA5 67459,-666666666,67459
ZCTA5 67460,80720,67460
ZCTA5 67464,74432,67464
ZCTA5 67466,56161,67466
ZCTA5 67467,61750,67467
ZCTA5 67468,58068,67468
ZCTA5 67470,90523,67470
ZCTA5 67473,64531,67473
ZCTA5 67474,81250,67474
ZCTA5 67475,59375,67475
ZCTA5 67476,-666666666,67476
ZCTA5 67478,63047,67478
ZCTA5 67480,67750,67480
ZCTA5 67481,55685,67481
ZCTA5 67482,-666666666,67482
ZCTA5 67483,71250,67483
ZCTA5 67484,61667,67484
ZCTA5 67485,39916,67485
ZCTA5 67487,67813,67487
ZCTA5 67490,67115,67490
ZCTA5 67491,60750,67491
ZCTA5 67492,73750,67492
ZCTA5 67501,50859,67501
ZCTA5 67502,74955,67502
ZCTA5 67505,50882,67505
ZCTA5 67510,87750,67510
ZCTA5 67511,49716,67511
ZCTA5 67512,95000,67512
ZCTA5 67513,250001,67513
ZCTA5 67514,53750,67514
ZCTA5 67515,-666666666,67515
ZCTA5 67516,64018,67516
ZCTA5 67518,-666666666,67518
ZCTA5 67519,110938,67519
ZCTA5 67520,66118,67520
ZCTA5 67521,111848,67521
ZCTA5 67522,72622,67522
ZCTA5 67523,57813,67523
ZCTA5 67524,63333,67524
ZCTA5 67525,72031,67525
ZCTA5 67526,57824,67526
ZCTA5 67529,77500,67529
ZCTA5 67530,58780,67530
ZCTA5 67543,64219,67543
ZCTA5 67544,57568,67544
ZCTA5 67545,67159,67545
ZCTA5 67546,76739,67546
ZCTA5 67547,52917,67547
ZCTA5 67548,55313,67548
ZCTA5 67550,65400,67550
ZCTA5 67552,39922,67552
ZCTA5 67553,51250,67553
ZCTA5 67554,64125,67554
ZCTA5 67556,55234,67556
ZCTA5 67557,56308,67557
ZCTA5 67559,71625,67559
ZCTA5 67560,68654,67560
ZCTA5 67561,57434,67561
ZCTA5 67563,70833,67563
ZCTA5 67564,97273,67564
ZCTA5 67565,59375,67565
ZCTA5 67566,29283,67566
ZCTA5 67567,54167,67567
ZCTA5 67568,66750,67568
ZCTA5 67570,81000,67570
ZCTA5 67572,58813,67572
ZCTA5 67573,61964,67573
ZCTA5 67574,49375,67574
ZCTA5 67575,59125,67575
ZCTA5 67576,76125,67576
ZCTA5 67578,53750,67578
ZCTA5 67579,65294,67579
ZCTA5 67581,44583,67581
ZCTA5 67583,53750,67583
ZCTA5 67584,61250,67584
ZCTA5 67601,61417,67601
ZCTA5 67621,45000,67621
ZCTA5 67622,66324,67622
ZCTA5 67623,102933,67623
ZCTA5 67625,35703,67625
ZCTA5 67626,61349,67626
ZCTA5 67627,-666666666,67627
ZCTA5 67628,-666666666,67628
ZCTA5 67629,74250,67629
ZCTA5 67631,82083,67631
ZCTA5 67632,64583,67632
ZCTA5 67634,78750,67634
ZCTA5 67635,-666666666,67635
ZCTA5 67637,74281,67637
ZCTA5 67638,57083,67638
ZCTA5 67639,84091,67639
ZCTA5 67640,73750,67640
ZCTA5 67642,49896,67642
ZCTA5 67643,-666666666,67643
ZCTA5 67644,52708,67644
ZCTA5 67645,48750,67645
ZCTA5 67646,68480,67646
ZCTA5 67647,63056,67647
ZCTA5 67648,56042,67648
ZCTA5 67649,49464,67649
ZCTA5 67650,53808,67650
ZCTA5 67651,63125,67651
ZCTA5 67653,53281,67653
ZCTA5 67654,54418,67654
ZCTA5 67656,73542,67656
ZCTA5 67657,67292,67657
ZCTA5 67658,66250,67658
ZCTA5 67659,86042,67659
ZCTA5 67660,21397,67660
ZCTA5 67661,60925,67661
ZCTA5 67663,61576,67663
ZCTA5 67664,97083,67664
ZCTA5 67665,60662,67665
ZCTA5 67667,63750,67667
ZCTA5 67669,62633,67669
ZCTA5 67671,77702,67671
ZCTA5 67672,83917,67672
ZCTA5 67673,49063,67673
ZCTA5 67674,-666666666,67674
ZCTA5 67675,52300,67675
ZCTA5 67701,70250,67701
ZCTA5 67730,66250,67730
ZCTA5 67731,56333,67731
ZCTA5 67732,64938,67732
ZCTA5 67733,95938,67733
ZCTA5 67734,-666666666,67734
ZCTA5 67735,61042,67735
ZCTA5 67736,55972,67736
ZCTA5 67737,52917,67737
ZCTA5 67738,71625,67738
ZCTA5 67739,60714,67739
ZCTA5 67740,75417,67740
ZCTA5 67741,44958,67741
ZCTA5 67743,56910,67743
ZCTA5 67744,91806,67744
ZCTA5 67745,87083,67745
ZCTA5 67747,74583,67747
ZCTA5 67748,78083,67748
ZCTA5 67749,54000,67749
ZCTA5 67751,61806,67751
ZCTA5 67752,74861,67752
ZCTA5 67753,62396,67753
ZCTA5 67756,54868,67756
ZCTA5 67757,57750,67757
ZCTA5 67758,58500,67758
ZCTA5 67761,74091,67761
ZCTA5 67762,74844,67762
ZCTA5 67764,65625,67764
ZCTA5 67801,71821,67801
ZCTA5 67831,63846,67831
ZCTA5 67834,61276,67834
ZCTA5 67835,79877,67835
ZCTA5 67836,81250,67836
ZCTA5 67837,67050,67837
ZCTA5 67838,81563,67838
ZCTA5 67839,54028,67839
ZCTA5 67840,37813,67840
ZCTA5 67841,71250,67841
ZCTA5 67842,86250,67842
ZCTA5 67843,-666666666,67843
ZCTA5 67844,56071,67844
ZCTA5 67846,73218,67846
ZCTA5 67849,67917,67849
ZCTA5 67850,59286,67850
ZCTA5 67851,83906,67851
ZCTA5 67853,98309,67853
ZCTA5 67854,57104,67854
ZCTA5 67855,72184,67855
ZCTA5 67857,-666666666,67857
ZCTA5 67859,59500,67859
ZCTA5 67860,88264,67860
ZCTA5 67861,78920,67861
ZCTA5 67862,66806,67862
ZCTA5 67863,-666666666,67863
ZCTA5 67864,75929,67864
ZCTA5 67865,65125,67865
ZCTA5 67867,67000,67867
ZCTA5 67868,36250,67868
ZCTA5 67869,72760,67869
ZCTA5 67870,58125,67870
ZCTA5 67871,68339,67871
ZCTA5 67876,71964,67876
ZCTA5 67877,66492,67877
ZCTA5 67878,71850,67878
ZCTA5 67879,80536,67879
ZCTA5 67880,66923,67880
ZCTA5 67882,31891,67882
ZCTA5 67901,64783,67901
ZCTA5 67950,65625,67950
ZCTA5 67951,63527,67951
ZCTA5 67952,86250,67952
ZCTA5 67953,45000,67953
ZCTA5 67954,66607,67954
ZCTA5 68001,55938,68001
ZCTA5 68002,93220,68002
ZCTA5 68003,95709,68003
ZCTA5 68004,64408,68004
ZCTA5 68005,66551,68005
ZCTA5 68007,141042,68007
ZCTA5 68008,89583,68008
ZCTA5 68010,73750,68010
ZCTA5 68014,116125,68014
ZCTA5 68015,85357,68015
ZCTA5 68016,118456,68016
ZCTA5 68017,69375,68017
ZCTA5 68018,94141,68018
ZCTA5 68019,57656,68019
ZCTA5 68020,48750,68020
ZCTA5 68022,148111,68022
ZCTA5 68023,116287,68023
ZCTA5 68025,72254,68025
ZCTA5 68028,143604,68028
ZCTA5 68029,82423,68029
ZCTA5 68030,76442,68030
ZCTA5 68031,80605,68031
ZCTA5 68033,64375,68033
ZCTA5 68034,110000,68034
ZCTA5 68036,77273,68036
ZCTA5 68037,107839,68037
ZCTA5 68038,51362,68038
ZCTA5 68039,46313,68039
ZCTA5 68040,68938,68040
ZCTA5 68041,74000,68041
ZCTA5 68042,73750,68042
ZCTA5 68044,141250,68044
ZCTA5 68045,75893,68045
ZCTA5 68046,116907,68046
ZCTA5 68047,87375,68047
ZCTA5 68048,89931,68048
ZCTA5 68050,66111,68050
ZCTA5 68055,62292,68055
ZCTA5 68056,-666666666,68056
ZCTA5 68057,74213,68057
ZCTA5 68058,138281,68058
ZCTA5 68059,98238,68059
ZCTA5 68061,64556,68061
ZCTA5 68062,72292,68062
ZCTA5 68063,61429,68063
ZCTA5 68064,100450,68064
ZCTA5 68065,108689,68065
ZCTA5 68066,101438,68066
ZCTA5 68067,67159,68067
ZCTA5 68068,106458,68068
ZCTA5 68069,111974,68069
ZCTA5 68070,63750,68070
ZCTA5 68071,67632,68071
ZCTA5 68072,71169,68072
ZCTA5 68073,112460,68073
ZCTA5 68102,64111,68102
ZCTA5 68104,60549,68104
ZCTA5 68105,57533,68105
ZCTA5 68106,69806,68106
ZCTA5 68107,62560,68107
ZCTA5 68108,53609,68108
ZCTA5 68110,39813,68110
ZCTA5 68111,42185,68111
ZCTA5 68112,56159,68112
ZCTA5 68113,62409,68113
ZCTA5 68114,69469,68114
ZCTA5 68116,121165,68116
ZCTA5 68117,75237,68117
ZCTA5 68118,133281,68118
ZCTA5 68122,102591,68122
ZCTA5 68123,93188,68123
ZCTA5 68124,98750,68124
ZCTA5 68127,66384,68127
ZCTA5 68128,86410,68128
ZCTA5 68130,133570,68130
ZCTA5 68131,48925,68131
ZCTA5 68132,68221,68132
ZCTA5 68133,134426,68133
ZCTA5 68134,66989,68134
ZCTA5 68135,143676,68135
ZCTA5 68136,133472,68136
ZCTA5 68137,80739,68137
ZCTA5 68138,86007,68138
ZCTA5 68142,109142,68142
ZCTA5 68144,83576,68144
ZCTA5 68147,90255,68147
ZCTA5 68152,84958,68152
ZCTA5 68154,81385,68154
ZCTA5 68157,98015,68157
ZCTA5 68164,88927,68164
ZCTA5 68178,-666666666,68178
ZCTA5 68182,-666666666,68182
ZCTA5 68183,-666666666,68183
ZCTA5 68301,114408,68301
ZCTA5 68303,60313,68303
ZCTA5 68304,79000,68304
ZCTA5 68305,57906,68305
ZCTA5 68307,61250,68307
ZCTA5 68309,49583,68309
ZCTA5 68310,60928,68310
ZCTA5 68313,72132,68313
ZCTA5 68314,73333,68314
ZCTA5 68315,61023,68315
ZCTA5 68316,79792,68316
ZCTA5 68317,108056,68317
ZCTA5 68318,65179,68318
ZCTA5 68319,73050,68319
ZCTA5 68320,44375,68320
ZCTA5 68321,-666666666,68321
ZCTA5 68322,88472,68322
ZCTA5 68323,102083,68323
ZCTA5 68324,83665,68324
ZCTA5 68325,73750,68325
ZCTA5 68326,85486,68326
ZCTA5 68327,55750,68327
ZCTA5 68328,66719,68328
ZCTA5 68329,77614,68329
ZCTA5 68330,49000,68330
ZCTA5 68331,96250,68331
ZCTA5 68332,66563,68332
ZCTA5 68333,81083,68333
ZCTA5 68335,72946,68335
ZCTA5 68336,-666666666,68336
ZCTA5 68337,60577,68337
ZCTA5 68338,76875,68338
ZCTA5 68339,101146,68339
ZCTA5 68340,61458,68340
ZCTA5 68341,82917,68341
ZCTA5 68342,75000,68342
ZCTA5 68343,74554,68343
ZCTA5 68344,88942,68344
ZCTA5 68345,68125,68345
ZCTA5 68346,91591,68346
ZCTA5 68347,88281,68347
ZCTA5 68348,71597,68348
ZCTA5 68349,76369,68349
ZCTA5 68350,77344,68350
ZCTA5 68351,76583,68351
ZCTA5 68352,55370,68352
ZCTA5 68354,73906,68354
ZCTA5 68355,56607,68355
ZCTA5 68357,95179,68357
ZCTA5 68358,111705,68358
ZCTA5 68359,90909,68359
ZCTA5 68360,72000,68360
ZCTA5 68361,80909,68361
ZCTA5 68362,62500,68362
ZCTA5 68364,96767,68364
ZCTA5 68365,78250,68365
ZCTA5 68366,90952,68366
ZCTA5 68367,67500,68367
ZCTA5 68368,110375,68368
ZCTA5 68370,67000,68370
ZCTA5 68371,83523,68371
ZCTA5 68372,114420,68372
ZCTA5 68375,48594,68375
ZCTA5 68376,52000,68376
ZCTA5 68377,72500,68377
ZCTA5 68378,76071,68378
ZCTA5 68379,41250,68379
ZCTA5 68380,51250,68380
ZCTA5 68381,74583,68381
ZCTA5 68382,-666666666,68382
ZCTA5 68401,111500,68401
ZCTA5 68402,123000,68402
ZCTA5 68403,65000,68403
ZCTA5 68404,112643,68404
ZCTA5 68405,75250,68405
ZCTA5 68406,69318,68406
ZCTA5 68407,99773,68407
ZCTA5 68409,92045,68409
ZCTA5 68410,71640,68410
ZCTA5 68413,81944,68413
ZCTA5 68414,82188,68414
ZCTA5 68415,75000,68415
ZCTA5 68416,70000,68416
ZCTA5 68417,68250,68417
ZCTA5 68418,86065,68418
ZCTA5 68419,98750,68419
ZCTA5 68420,56250,68420
ZCTA5 68421,61600,68421
ZCTA5 68422,93750,68422
ZCTA5 68423,101250,68423
ZCTA5 68424,68654,68424
ZCTA5 68428,115000,68428
ZCTA5 68429,43611,68429
ZCTA5 68430,145729,68430
ZCTA5 68431,75000,68431
ZCTA5 68433,46250,68433
ZCTA5 68434,81466,68434
ZCTA5 68436,72969,68436
ZCTA5 68437,43750,68437
ZCTA5 68438,81250,68438
ZCTA5 68439,82759,68439
ZCTA5 68440,-666666666,68440
ZCTA5 68441,50583,68441
ZCTA5 68442,65000,68442
ZCTA5 68443,67969,68443
ZCTA5 68444,120000,68444
ZCTA5 68445,60625,68445
ZCTA5 68446,90746,68446
ZCTA5 68447,64063,68447
ZCTA5 68448,74500,68448
ZCTA5 68450,46132,68450
ZCTA5 68452,63000,68452
ZCTA5 68453,83750,68453
ZCTA5 68454,84375,68454
ZCTA5 68455,114643,68455
ZCTA5 68456,89550,68456
ZCTA5 68457,89219,68457
ZCTA5 68458,90526,68458
ZCTA5 68460,92610,68460
ZCTA5 68461,-666666666,68461
ZCTA5 68462,119712,68462
ZCTA5 68463,85972,68463
ZCTA5 68464,59750,68464
ZCTA5 68465,91964,68465
ZCTA5 68466,61574,68466
ZCTA5 68467,70525,68467
ZCTA5 68502,68523,68502
ZCTA5 68503,54232,68503
ZCTA5 68504,56213,68504
ZCTA5 68505,75980,68505
ZCTA5 68506,72637,68506
ZCTA5 68507,69488,68507
ZCTA5 68508,31191,68508
ZCTA5 68510,65951,68510
ZCTA5 68512,104448,68512
ZCTA5 68514,122125,68514
ZCTA5 68516,100821,68516
ZCTA5 68517,147209,68517
ZCTA5 68520,94244,68520
ZCTA5 68521,67483,68521
ZCTA5 68522,77597,68522
ZCTA5 68523,141786,68523
ZCTA5 68524,81045,68524
ZCTA5 68526,113910,68526
ZCTA5 68527,145357,68527
ZCTA5 68528,75740,68528
ZCTA5 68531,167500,68531
ZCTA5 68532,179554,68532
ZCTA5 68588,-666666666,68588
ZCTA5 68601,68480,68601
ZCTA5 68620,83450,68620
ZCTA5 68621,93235,68621
ZCTA5 68622,77917,68622
ZCTA5 68623,69167,68623
ZCTA5 68624,69167,68624
ZCTA5 68626,96250,68626
ZCTA5 68627,72159,68627
ZCTA5 68628,58438,68628
ZCTA5 68629,78438,68629
ZCTA5 68631,86750,68631
ZCTA5 68632,70242,68632
ZCTA5 68633,82125,68633
ZCTA5 68634,74125,68634
ZCTA5 68635,81563,68635
ZCTA5 68636,78056,68636
ZCTA5 68637,73750,68637
ZCTA5 68638,56917,68638
ZCTA5 68640,68036,68640
ZCTA5 68641,80625,68641
ZCTA5 68642,93798,68642
ZCTA5 68643,77125,68643
ZCTA5 68644,81750,68644
ZCTA5 68647,103038,68647
ZCTA5 68648,85214,68648
ZCTA5 68649,87132,68649
ZCTA5 68651,78487,68651
ZCTA5 68652,79271,68652
ZCTA5 68653,99500,68653
ZCTA5 68654,64643,68654
ZCTA5 68655,84167,68655
ZCTA5 68658,103125,68658
ZCTA5 68659,67500,68659
ZCTA5 68660,55577,68660
ZCTA5 68661,83279,68661
ZCTA5 68662,89706,68662
ZCTA5 68663,57333,68663
ZCTA5 68664,87917,68664
ZCTA5 68665,70000,68665
ZCTA5 68666,63529,68666
ZCTA5 68667,120625,68667
ZCTA5 68669,86397,68669
ZCTA5 68701,62633,68701
ZCTA5 68710,65441,68710
ZCTA5 68711,58517,68711
ZCTA5 68713,77500,68713
ZCTA5 68714,52031,68714
ZCTA5 68715,95714,68715
ZCTA5 68716,65833,68716
ZCTA5 68717,65919,68717
ZCTA5 68718,60250,68718
ZCTA5 68719,-666666666,68719
ZCTA5 68720,81250,68720
ZCTA5 68722,60125,68722
ZCTA5 68723,74512,68723
ZCTA5 68724,104167,68724
ZCTA5 68725,54583,68725
ZCTA5 68726,69107,68726
ZCTA5 68727,53664,68727
ZCTA5 68728,82321,68728
ZCTA5 68729,63292,68729
ZCTA5 68730,76944,68730
ZCTA5 68731,79924,68731
ZCTA5 68732,82083,68732
ZCTA5 68733,64479,68733
ZCTA5 68734,-666666666,68734
ZCTA5 68735,73438,68735
ZCTA5 68736,84063,68736
ZCTA5 68739,90500,68739
ZCTA5 68740,103500,68740
ZCTA5 68741,79583,68741
ZCTA5 68742,54375,68742
ZCTA5 68743,71667,68743
ZCTA5 68745,63953,68745
ZCTA5 68746,40625,68746
ZCTA5 68747,88438,68747
ZCTA5 68748,69740,68748
ZCTA5 68749,59063,68749
ZCTA5 68751,61250,68751
ZCTA5 68752,66250,68752
ZCTA5 68753,56750,68753
ZCTA5 68755,119100,68755
ZCTA5 68756,61667,68756
ZCTA5 68757,88472,68757
ZCTA5 68758,56667,68758
ZCTA5 68759,88750,68759
ZCTA5 68760,53409,68760
ZCTA5 68761,82604,68761
ZCTA5 68763,65362,68763
ZCTA5 68764,70833,68764
ZCTA5 68765,70694,68765
ZCTA5 68766,86250,68766
ZCTA5 68767,81761,68767
ZCTA5 68768,78125,68768
ZCTA5 68769,61833,68769
ZCTA5 68770,71607,68770
ZCTA5 68771,83580,68771
ZCTA5 68773,51607,68773
ZCTA5 68774,86167,68774
ZCTA5 68776,68750,68776
ZCTA5 68777,73125,68777
ZCTA5 68778,61500,68778
ZCTA5 68779,78594,68779
ZCTA5 68780,75833,68780
ZCTA5 68781,67212,68781
ZCTA5 68783,46328,68783
ZCTA5 68784,62216,68784
ZCTA5 68785,113750,68785
ZCTA5 68786,78750,68786
ZCTA5 68787,60275,68787
ZCTA5 68788,69867,68788
ZCTA5 68789,96429,68789
ZCTA5 68790,66601,68790
ZCTA5 68791,69018,68791
ZCTA5 68792,70000,68792
ZCTA5 68801,63617,68801
ZCTA5 68803,73463,68803
ZCTA5 68810,64107,68810
ZCTA5 68812,69808,68812
ZCTA5 68813,73160,68813
ZCTA5 68814,73295,68814
ZCTA5 68815,69808,68815
ZCTA5 68816,61685,68816
ZCTA5 68817,74375,68817
ZCTA5 68818,81045,68818
ZCTA5 68820,82212,68820
ZCTA5 68821,-666666666,68821
ZCTA5 68822,67500,68822
ZCTA5 68823,61974,68823
ZCTA5 68824,77989,68824
ZCTA5 68825,64432,68825
ZCTA5 68826,74583,68826
ZCTA5 68827,89063,68827
ZCTA5 68828,61667,68828
ZCTA5 68831,68977,68831
ZCTA5 68832,96641,68832
ZCTA5 68833,62813,68833
ZCTA5 68834,78750,68834
ZCTA5 68835,52292,68835
ZCTA5 68836,86806,68836
ZCTA5 68837,80833,68837
ZCTA5 68838,103750,68838
ZCTA5 68840,76394,68840
ZCTA5 68841,76875,68841
ZCTA5 68842,57875,68842
ZCTA5 68843,92778,68843
ZCTA5 68844,67303,68844
ZCTA5 68845,76978,68845
ZCTA5 68846,68333,68846
ZCTA5 68847,73818,68847
ZCTA5 68849,-666666666,68849
ZCTA5 68850,69238,68850
ZCTA5 68852,76250,68852
ZCTA5 68853,54674,68853
ZCTA5 68854,91875,68854
ZCTA5 68855,78750,68855
ZCTA5 68856,73000,68856
ZCTA5 68858,82083,68858
ZCTA5 68859,50000,68859
ZCTA5 68860,95750,68860
ZCTA5 68861,39792,68861
ZCTA5 68862,60321,68862
ZCTA5 68863,100929,68863
ZCTA5 68864,83365,68864
ZCTA5 68865,109554,68865
ZCTA5 68866,94792,68866
ZCTA5 68869,65208,68869
ZCTA5 68870,87159,68870
ZCTA5 68871,53125,68871
ZCTA5 68872,84500,68872
ZCTA5 68873,75000,68873
ZCTA5 68874,60139,68874
ZCTA5 68875,61818,68875
ZCTA5 68876,82207,68876
ZCTA5 68878,91786,68878
ZCTA5 68879,80893,68879
ZCTA5 68881,-666666666,68881
ZCTA5 68882,67778,68882
ZCTA5 68883,90966,68883
ZCTA5 68901,66585,68901
ZCTA5 68920,80938,68920
ZCTA5 68922,57426,68922
ZCTA5 68923,65750,68923
ZCTA5 68924,85000,68924
ZCTA5 68925,81250,68925
ZCTA5 68926,63684,68926
ZCTA5 68927,69167,68927
ZCTA5 68928,75417,68928
ZCTA5 68929,66042,68929
ZCTA5 68930,65875,68930
ZCTA5 68932,80625,68932
ZCTA5 68933,89583,68933
ZCTA5 68934,-666666666,68934
ZCTA5 68935,61667,68935
ZCTA5 68936,54583,68936
ZCTA5 68937,85260,68937
ZCTA5 68938,68250,68938
ZCTA5 68939,54083,68939
ZCTA5 68940,107841,68940
ZCTA5 68941,72460,68941
ZCTA5 68942,63333,68942
ZCTA5 68943,180577,68943
ZCTA5 68944,69432,68944
ZCTA5 68945,64792,68945
ZCTA5 68946,11667,68946
ZCTA5 68947,63472,68947
ZCTA5 68948,63958,68948
ZCTA5 68949,63273,68949
ZCTA5 68950,78500,68950
ZCTA5 68952,126250,68952
ZCTA5 68954,45893,68954
ZCTA5 68955,90850,68955
ZCTA5 68956,94231,68956
ZCTA5 68957,109900,68957
ZCTA5 68958,73021,68958
ZCTA5 68959,70167,68959
ZCTA5 68960,85278,68960
ZCTA5 68961,55673,68961
ZCTA5 68964,85000,68964
ZCTA5 68966,62250,68966
ZCTA5 68967,55595,68967
ZCTA5 68970,58523,68970
ZCTA5 68971,64375,68971
ZCTA5 68972,50000,68972
ZCTA5 68973,87031,68973
ZCTA5 68974,79643,68974
ZCTA5 68975,92500,68975
ZCTA5 68976,54063,68976
ZCTA5 68977,45208,68977
ZCTA5 68978,65764,68978
ZCTA5 68979,85862,68979
ZCTA5 68980,124375,68980
ZCTA5 68981,62917,68981
ZCTA5 68982,66250,68982
ZCTA5 69001,62982,69001
ZCTA5 69020,90625,69020
ZCTA5 69021,54375,69021
ZCTA5 69022,64719,69022
ZCTA5 69023,114107,69023
ZCTA5 69024,52337,69024
ZCTA5 69025,65729,69025
ZCTA5 69026,38182,69026
ZCTA5 69027,-666666666,69027
ZCTA5 69028,85938,69028
ZCTA5 69029,44375,69029
ZCTA5 69030,49861,69030
ZCTA5 69032,63750,69032
ZCTA5 69033,67135,69033
ZCTA5 69034,61058,69034
ZCTA5 69036,-666666666,69036
ZCTA5 69037,73125,69037
ZCTA5 69038,71250,69038
ZCTA5 69039,48500,69039
ZCTA5 69040,73750,69040
ZCTA5 69041,60688,69041
ZCTA5 69042,-666666666,69042
ZCTA5 69043,48438,69043
ZCTA5 69044,48188,69044
ZCTA5 69045,49250,69045
ZCTA5 69046,117604,69046
ZCTA5 69101,62268,69101
ZCTA5 69120,69886,69120
ZCTA5 69121,73750,69121
ZCTA5 69122,73194,69122
ZCTA5 69123,85893,69123
ZCTA5 69125,60750,69125
ZCTA5 69127,50430,69127
ZCTA5 69128,42396,69128
ZCTA5 69129,67105,69129
ZCTA5 69130,63388,69130
ZCTA5 69131,66111,69131
ZCTA5 69132,96964,69132
ZCTA5 69133,55000,69133
ZCTA5 69134,86250,69134
ZCTA5 69135,-666666666,69135
ZCTA5 69138,77604,69138
ZCTA5 69140,70417,69140
ZCTA5 69141,82500,69141
ZCTA5 69142,-666666666,69142
ZCTA5 69143,90625,69143
ZCTA5 69144,62500,69144
ZCTA5 69145,58846,69145
ZCTA5 69146,43068,69146
ZCTA5 69147,41196,69147
ZCTA5 69148,-666666666,69148
ZCTA5 69149,45938,69149
ZCTA5 69150,81667,69150
ZCTA5 69151,87500,69151
ZCTA5 69152,49107,69152
ZCTA5 69153,61946,69153
ZCTA5 69154,41348,69154
ZCTA5 69155,64432,69155
ZCTA5 69156,81346,69156
ZCTA5 69157,95714,69157
ZCTA5 69161,36583,69161
ZCTA5 69162,60050,69162
ZCTA5 69163,73750,69163
ZCTA5 69165,75795,69165
ZCTA5 69166,58929,69166
ZCTA5 69167,46979,69167
ZCTA5 69168,72875,69168
ZCTA5 69169,49375,69169
ZCTA5 69170,58750,69170
ZCTA5 69171,-666666666,69171
ZCTA5 69201,62101,69201
ZCTA5 69210,56625,69210
ZCTA5 69211,74688,69211
ZCTA5 69212,-666666666,69212
ZCTA5 69214,64293,69214
ZCTA5 69216,53500,69216
ZCTA5 69217,39438,69217
ZCTA5 69218,78672,69218
ZCTA5 69219,-666666666,69219
ZCTA5 69220,-666666666,69220
ZCTA5 69221,53438,69221
ZCTA5 69301,68371,69301
ZCTA5 69331,-666666666,69331
ZCTA5 69333,70481,69333
ZCTA5 69334,62232,69334
ZCTA5 69335,82000,69335
ZCTA5 69336,53051,69336
ZCTA5 69337,54306,69337
ZCTA5 69339,65529,69339
ZCTA5 69340,75329,69340
ZCTA5 69341,73638,69341
ZCTA5 69343,59741,69343
ZCTA5 69345,77946,69345
ZCTA5 69346,62083,69346
ZCTA5 69347,76133,69347
ZCTA5 69348,76719,69348
ZCTA5 69350,53194,69350
ZCTA5 69351,84500,69351
ZCTA5 69352,56229,69352
ZCTA5 69353,26042,69353
ZCTA5 69354,99018,69354
ZCTA5 69355,47000,69355
ZCTA5 69356,73787,69356
ZCTA5 69357,70104,69357
ZCTA5 69358,52159,69358
ZCTA5 69360,52402,69360
ZCTA5 69361,58623,69361
ZCTA5 69365,-666666666,69365
ZCTA5 69366,93750,69366
ZCTA5 69367,82656,69367
ZCTA5 70001,67923,70001
ZCTA5 70002,65436,70002
ZCTA5 70003,76261,70003
ZCTA5 70005,89194,70005
ZCTA5 70006,76505,70006
ZCTA5 70030,118867,70030
ZCTA5 70031,73359,70031
ZCTA5 70032,56813,70032
ZCTA5 70036,78869,70036
ZCTA5 70037,98983,70037
ZCTA5 70038,-666666666,70038
ZCTA5 70039,67727,70039
ZCTA5 70040,83649,70040
ZCTA5 70041,34615,70041
ZCTA5 70043,55068,70043
ZCTA5 70047,87333,70047
ZCTA5 70049,68953,70049
ZCTA5 70050,-666666666,70050
ZCTA5 70051,87888,70051
ZCTA5 70052,67392,70052
ZCTA5 70053,39950,70053
ZCTA5 70056,59027,70056
ZCTA5 70057,90236,70057
ZCTA5 70058,62416,70058
ZCTA5 70062,51477,70062
ZCTA5 70065,67285,70065
ZCTA5 70067,63125,70067
ZCTA5 70068,68459,70068
ZCTA5 70070,76539,70070
ZCTA5 70071,60569,70071
ZCTA5 70072,54885,70072
ZCTA5 70075,73067,70075
ZCTA5 70076,-666666666,70076
ZCTA5 70079,71433,70079
ZCTA5 70080,61637,70080
ZCTA5 70082,-666666666,70082
ZCTA5 70083,53100,70083
ZCTA5 70084,62047,70084
ZCTA5 70085,55167,70085
ZCTA5 70086,35739,70086
ZCTA5 70087,73406,70087
ZCTA5 70090,61654,70090
ZCTA5 70091,67216,70091
ZCTA5 70092,57188,70092
ZCTA5 70094,53597,70094
ZCTA5 70112,19395,70112
ZCTA5 70113,39333,70113
ZCTA5 70114,43493,70114
ZCTA5 70115,90182,70115
ZCTA5 70116,52306,70116
ZCTA5 70117,45764,70117
ZCTA5 70118,63750,70118
ZCTA5 70119,53143,70119
ZCTA5 70121,59562,70121
ZCTA5 70122,49455,70122
ZCTA5 70123,83585,70123
ZCTA5 70124,121228,70124
ZCTA5 70125,61174,70125
ZCTA5 70126,41709,70126
ZCTA5 70127,40765,70127
ZCTA5 70128,56431,70128
ZCTA5 70129,55972,70129
ZCTA5 70130,80212,70130
ZCTA5 70131,62389,70131
ZCTA5 70139,-666666666,70139
ZCTA5 70148,2499,70148
ZCTA5 70163,-666666666,70163
ZCTA5 70301,58394,70301
ZCTA5 70310,-666666666,70310
ZCTA5 70339,51659,70339
ZCTA5 70340,-666666666,70340
ZCTA5 70341,35346,70341
ZCTA5 70342,51580,70342
ZCTA5 70343,73815,70343
ZCTA5 70344,51771,70344
ZCTA5 70345,62216,70345
ZCTA5 70346,35280,70346
ZCTA5 70352,-666666666,70352
ZCTA5 70353,35500,70353
ZCTA5 70354,48462,70354
ZCTA5 70355,56188,70355
ZCTA5 70356,32756,70356
ZCTA5 70357,71383,70357
ZCTA5 70358,-666666666,70358
ZCTA5 70359,56121,70359
ZCTA5 70360,84890,70360
ZCTA5 70363,46748,70363
ZCTA5 70364,68843,70364
ZCTA5 70372,40659,70372
ZCTA5 70373,87143,70373
ZCTA5 70374,70833,70374
ZCTA5 70375,-666666666,70375
ZCTA5 70377,60665,70377
ZCTA5 70380,54595,70380
ZCTA5 70390,58667,70390
ZCTA5 70391,-666666666,70391
ZCTA5 70392,57959,70392
ZCTA5 70393,19256,70393
ZCTA5 70394,64337,70394
ZCTA5 70395,78488,70395
ZCTA5 70397,115455,70397
ZCTA5 70401,50653,70401
ZCTA5 70402,-666666666,70402
ZCTA5 70403,50976,70403
ZCTA5 70420,78171,70420
ZCTA5 70422,50560,70422
ZCTA5 70426,29821,70426
ZCTA5 70427,38074,70427
ZCTA5 70431,69813,70431
ZCTA5 70433,81241,70433
ZCTA5 70435,80926,70435
ZCTA5 70436,-666666666,70436
ZCTA5 70437,61280,70437
ZCTA5 70438,52864,70438
ZCTA5 70441,39438,70441
ZCTA5 70442,65268,70442
ZCTA5 70443,57464,70443
ZCTA5 70444,52148,70444
ZCTA5 70445,78394,70445
ZCTA5 70446,71892,70446
ZCTA5 70447,122574,70447
ZCTA5 70448,95682,70448
ZCTA5 70449,78405,70449
ZCTA5 70450,61333,70450
ZCTA5 70451,-666666666,70451
ZCTA5 70452,62917,70452
ZCTA5 70453,60526,70453
ZCTA5 70454,71611,70454
ZCTA5 70455,57182,70455
ZCTA5 70456,47399,70456
ZCTA5 70457,-666666666,70457
ZCTA5 70458,72843,70458
ZCTA5 70460,62565,70460
ZCTA5 70461,89003,70461
ZCTA5 70462,68045,70462
ZCTA5 70463,25625,70463
ZCTA5 70464,-666666666,70464
ZCTA5 70465,20144,70465
ZCTA5 70466,65807,70466
ZCTA5 70471,96501,70471
ZCTA5 70501,33365,70501
ZCTA5 70503,94688,70503
ZCTA5 70506,57379,70506
ZCTA5 70507,64049,70507
ZCTA5 70508,86005,70508
ZCTA5 70510,49717,70510
ZCTA5 70512,47313,70512
ZCTA5 70513,43886,70513
ZCTA5 70514,31817,70514
ZCTA5 70515,65991,70515
ZCTA5 70516,53750,70516
ZCTA5 70517,60778,70517
ZCTA5 70518,106710,70518
ZCTA5 70519,-666666666,70519
ZCTA5 70520,62575,70520
ZCTA5 70522,26321,70522
ZCTA5 70523,63408,70523
ZCTA5 70524,-666666666,70524
ZCTA5 70525,44697,70525
ZCTA5 70526,37747,70526
ZCTA5 70528,49676,70528
ZCTA5 70529,51632,70529
ZCTA5 70531,-666666666,70531
ZCTA5 70532,44095,70532
ZCTA5 70533,56995,70533
ZCTA5 70534,45833,70534
ZCTA5 70535,44381,70535
ZCTA5 70537,-666666666,70537
ZCTA5 70538,52407,70538
ZCTA5 70541,48264,70541
ZCTA5 70542,41971,70542
ZCTA5 70543,62083,70543
ZCTA5 70544,54601,70544
ZCTA5 70546,52229,70546
ZCTA5 70548,51875,70548
ZCTA5 70549,57692,70549
ZCTA5 70550,-666666666,70550
ZCTA5 70551,44924,70551
ZCTA5 70552,50313,70552
ZCTA5 70554,28638,70554
ZCTA5 70555,76213,70555
ZCTA5 70556,117764,70556
ZCTA5 70558,-666666666,70558
ZCTA5 70559,71563,70559
ZCTA5 70560,45509,70560
ZCTA5 70563,76477,70563
ZCTA5 70570,44612,70570
ZCTA5 70575,-666666666,70575
ZCTA5 70576,34148,70576
ZCTA5 70577,47072,70577
ZCTA5 70578,49875,70578
ZCTA5 70580,-666666666,70580
ZCTA5 70581,71176,70581
ZCTA5 70582,49837,70582
ZCTA5 70583,51470,70583
ZCTA5 70584,62281,70584
ZCTA5 70585,-666666666,70585
ZCTA5 70586,40129,70586
ZCTA5 70589,49650,70589
ZCTA5 70591,78393,70591
ZCTA5 70592,93204,70592
ZCTA5 70601,49992,70601
ZCTA5 70605,86015,70605
ZCTA5 70607,60351,70607
ZCTA5 70609,-666666666,70609
ZCTA5 70611,101844,70611
ZCTA5 70615,40047,70615
ZCTA5 70629,-666666666,70629
ZCTA5 70630,74258,70630
ZCTA5 70631,63387,70631
ZCTA5 70632,30603,70632
ZCTA5 70633,67203,70633
ZCTA5 70634,62940,70634
ZCTA5 70637,125456,70637
ZCTA5 70638,37708,70638
ZCTA5 70639,63125,70639
ZCTA5 70640,21938,70640
ZCTA5 70643,58125,70643
ZCTA5 70644,21825,70644
ZCTA5 70645,105263,70645
ZCTA5 70646,128906,70646
ZCTA5 70647,71045,70647
ZCTA5 70648,48750,70648
ZCTA5 70650,-666666666,70650
ZCTA5 70651,42865,70651
ZCTA5 70652,69196,70652
ZCTA5 70653,69318,70653
ZCTA5 70654,-666666666,70654
ZCTA5 70655,50893,70655
ZCTA5 70656,61693,70656
ZCTA5 70657,60795,70657
ZCTA5 70658,65759,70658
ZCTA5 70659,65640,70659
ZCTA5 70660,111707,70660
ZCTA5 70661,24917,70661
ZCTA5 70662,95769,70662
ZCTA5 70663,64707,70663
ZCTA5 70665,86573,70665
ZCTA5 70668,49455,70668
ZCTA5 70669,69106,70669
ZCTA5 70706,91070,70706
ZCTA5 70710,108041,70710
ZCTA5 70711,93623,70711
ZCTA5 70712,89083,70712
ZCTA5 70714,57608,70714
ZCTA5 70715,50050,70715
ZCTA5 70719,105522,70719
ZCTA5 70721,2499,70721
ZCTA5 70722,76144,70722
ZCTA5 70723,47444,70723
ZCTA5 70725,-666666666,70725
ZCTA5 70726,78621,70726
ZCTA5 70729,109653,70729
ZCTA5 70730,64977,70730
ZCTA5 70732,68636,70732
ZCTA5 70733,74853,70733
ZCTA5 70734,128975,70734
ZCTA5 70736,30784,70736
ZCTA5 70737,82521,70737
ZCTA5 70739,106671,70739
ZCTA5 70740,57371,70740
ZCTA5 70743,138879,70743
ZCTA5 70744,61375,70744
ZCTA5 70747,-666666666,70747
ZCTA5 70748,77500,70748
ZCTA5 70749,54375,70749
ZCTA5 70750,38466,70750
ZCTA5 70752,111250,70752
ZCTA5 70753,33587,70753
ZCTA5 70754,56011,70754
ZCTA5 70755,86071,70755
ZCTA5 70756,-666666666,70756
ZCTA5 70757,51707,70757
ZCTA5 70759,49125,70759
ZCTA5 70760,61141,70760
ZCTA5 70761,88872,70761
ZCTA5 70762,88313,70762
ZCTA5 70763,89468,70763
ZCTA5 70764,55352,70764
ZCTA5 70767,68384,70767
ZCTA5 70769,109404,70769
ZCTA5 70770,92311,70770
ZCTA5 70772,-666666666,70772
ZCTA5 70773,-666666666,70773
ZCTA5 70774,102422,70774
ZCTA5 70775,80417,70775
ZCTA5 70776,96843,70776
ZCTA5 70777,85550,70777
ZCTA5 70778,101967,70778
ZCTA5 70780,88878,70780
ZCTA5 70782,39531,70782
ZCTA5 70783,103583,70783
ZCTA5 70785,89103,70785
ZCTA5 70786,-666666666,70786
ZCTA5 70787,-666666666,70787
ZCTA5 70788,33079,70788
ZCTA5 70789,35000,70789
ZCTA5 70791,78263,70791
ZCTA5 70801,115708,70801
ZCTA5 70802,34458,70802
ZCTA5 70803,-666666666,70803
ZCTA5 70805,25397,70805
ZCTA5 70806,55642,70806
ZCTA5 70807,27534,70807
ZCTA5 70808,69418,70808
ZCTA5 70809,79967,70809
ZCTA5 70810,92098,70810
ZCTA5 70811,45523,70811
ZCTA5 70812,37006,70812
ZCTA5 70813,-666666666,70813
ZCTA5 70814,51529,70814
ZCTA5 70815,59254,70815
ZCTA5 70816,67353,70816
ZCTA5 70817,102639,70817
ZCTA5 70818,78432,70818
ZCTA5 70819,73561,70819
ZCTA5 70820,47429,70820
ZCTA5 70825,-666666666,70825
ZCTA5 70836,46976,70836
ZCTA5 71001,30490,71001
ZCTA5 71002,43239,71002
ZCTA5 71003,37692,71003
ZCTA5 71004,83333,71004
ZCTA5 71006,94266,71006
ZCTA5 71007,66477,71007
ZCTA5 71008,36029,71008
ZCTA5 71009,45750,71009
ZCTA5 71016,41806,71016
ZCTA5 71018,41638,71018
ZCTA5 71019,49943,71019
ZCTA5 71021,22500,71021
ZCTA5 71023,46055,71023
ZCTA5 71024,47366,71024
ZCTA5 71027,42781,71027
ZCTA5 71028,36394,71028
ZCTA5 71029,47222,71029
ZCTA5 71030,64146,71030
ZCTA5 71031,50718,71031
ZCTA5 71032,60972,71032
ZCTA5 71033,54243,71033
ZCTA5 71034,-666666666,71034
ZCTA5 71037,78571,71037
ZCTA5 71038,25958,71038
ZCTA5 71039,48393,71039
ZCTA5 71040,31678,71040
ZCTA5 71043,59432,71043
ZCTA5 71044,59135,71044
ZCTA5 71045,73044,71045
ZCTA5 71046,52679,71046
ZCTA5 71047,58467,71047
ZCTA5 71048,90740,71048
ZCTA5 71049,37455,71049
ZCTA5 71051,85331,71051
ZCTA5 71052,38509,71052
ZCTA5 71055,36953,71055
ZCTA5 71060,61417,71060
ZCTA5 71061,35536,71061
ZCTA5 71063,-666666666,71063
ZCTA5 71064,49878,71064
ZCTA5 71065,26333,71065
ZCTA5 71066,-666666666,71066
ZCTA5 71067,61161,71067
ZCTA5 71068,33125,71068
ZCTA5 71069,28125,71069
ZCTA5 71070,59259,71070
ZCTA5 71071,36900,71071
ZCTA5 71072,83472,71072
ZCTA5 71073,42472,71073
ZCTA5 71075,40246,71075
ZCTA5 71078,86042,71078
ZCTA5 71079,41307,71079
ZCTA5 71082,27616,71082
ZCTA5 71101,19351,71101
ZCTA5 71103,27380,71103
ZCTA5 71104,56833,71104
ZCTA5 71105,67968,71105
ZCTA5 71106,81452,71106
ZCTA5 71107,48365,71107
ZCTA5 71108,32055,71108
ZCTA5 71109,32939,71109
ZCTA5 71110,62647,71110
ZCTA5 71111,65292,71111
ZCTA5 71112,61760,71112
ZCTA5 71115,65509,71115
ZCTA5 71118,50287,71118
ZCTA5 71119,58538,71119
ZCTA5 71129,51013,71129
ZCTA5 71201,65446,71201
ZCTA5 71202,28213,71202
ZCTA5 71203,52326,71203
ZCTA5 71209,-666666666,71209
ZCTA5 71212,-666666666,71212
ZCTA5 71218,-666666666,71218
ZCTA5 71219,52448,71219
ZCTA5 71220,38037,71220
ZCTA5 71222,35051,71222
ZCTA5 71223,22308,71223
ZCTA5 71225,74873,71225
ZCTA5 71226,49669,71226
ZCTA5 71227,64195,71227
ZCTA5 71229,83125,71229
ZCTA5 71230,-666666666,71230
ZCTA5 71232,55754,71232
ZCTA5 71233,-666666666,71233
ZCTA5 71234,84740,71234
ZCTA5 71235,58293,71235
ZCTA5 71237,50057,71237
ZCTA5 71238,34018,71238
ZCTA5 71241,44128,71241
ZCTA5 71242,38833,71242
ZCTA5 71243,77847,71243
ZCTA5 71245,-666666666,71245
ZCTA5 71247,34531,71247
ZCTA5 71250,45500,71250
ZCTA5 71251,40128,71251
ZCTA5 71253,-666666666,71253
ZCTA5 71254,31433,71254
ZCTA5 71256,43611,71256
ZCTA5 71259,58958,71259
ZCTA5 71260,36366,71260
ZCTA5 71261,-666666666,71261
ZCTA5 71263,44260,71263
ZCTA5 71264,68750,71264
ZCTA5 71266,59554,71266
ZCTA5 71268,69018,71268
ZCTA5 71269,49668,71269
ZCTA5 71270,36791,71270
ZCTA5 71272,-666666666,71272
ZCTA5 71275,36225,71275
ZCTA5 71276,83750,71276
ZCTA5 71277,26686,71277
ZCTA5 71279,-666666666,71279
ZCTA5 71280,78531,71280
ZCTA5 71282,35244,71282
ZCTA5 71286,37841,71286
ZCTA5 71291,71639,71291
ZCTA5 71292,51355,71292
ZCTA5 71295,48211,71295
ZCTA5 71301,43098,71301
ZCTA5 71302,34669,71302
ZCTA5 71303,67156,71303
ZCTA5 71316,-666666666,71316
ZCTA5 71320,-666666666,71320
ZCTA5 71322,27030,71322
ZCTA5 71323,-666666666,71323
ZCTA5 71325,48056,71325
ZCTA5 71326,-666666666,71326
ZCTA5 71327,31953,71327
ZCTA5 71328,56170,71328
ZCTA5 71330,-666666666,71330
ZCTA5 71331,56458,71331
ZCTA5 71333,23611,71333
ZCTA5 71334,34804,71334
ZCTA5 71336,45868,71336
ZCTA5 71339,-666666666,71339
ZCTA5 71340,65121,71340
ZCTA5 71341,50029,71341
ZCTA5 71342,72154,71342
ZCTA5 71343,48927,71343
ZCTA5 71345,-666666666,71345
ZCTA5 71346,48240,71346
ZCTA5 71350,50000,71350
ZCTA5 71351,46378,71351
ZCTA5 71353,37405,71353
ZCTA5 71354,87059,71354
ZCTA5 71355,50417,71355
ZCTA5 71356,-666666666,71356
ZCTA5 71357,28750,71357
ZCTA5 71358,44243,71358
ZCTA5 71359,-666666666,71359
ZCTA5 71360,60527,71360
ZCTA5 71362,44464,71362
ZCTA5 71366,48977,71366
ZCTA5 71367,62159,71367
ZCTA5 71368,39129,71368
ZCTA5 71369,36856,71369
ZCTA5 71371,69415,71371
ZCTA5 71373,45690,71373
ZCTA5 71375,24231,71375
ZCTA5 71378,36950,71378
ZCTA5 71401,-666666666,71401
ZCTA5 71403,67929,71403
ZCTA5 71404,46000,71404
ZCTA5 71405,76318,71405
ZCTA5 71406,-666666666,71406
ZCTA5 71407,-666666666,71407
ZCTA5 71409,61605,71409
ZCTA5 71410,-666666666,71410
ZCTA5 71411,37500,71411
ZCTA5 71414,-666666666,71414
ZCTA5 71415,31944,71415
ZCTA5 71416,41413,71416
ZCTA5 71417,50072,71417
ZCTA5 71418,40785,71418
ZCTA5 71419,71875,71419
ZCTA5 71422,36111,71422
ZCTA5 71423,71729,71423
ZCTA5 71424,56179,71424
ZCTA5 71425,32031,71425
ZCTA5 71426,52813,71426
ZCTA5 71427,48750,71427
ZCTA5 71428,-666666666,71428
ZCTA5 71429,58601,71429
ZCTA5 71430,63636,71430
ZCTA5 71432,38125,71432
ZCTA5 71433,46023,71433
ZCTA5 71434,51705,71434
ZCTA5 71435,52787,71435
ZCTA5 71438,63750,71438
ZCTA5 71439,43638,71439
ZCTA5 71441,170036,71441
ZCTA5 71446,55925,71446
ZCTA5 71447,43547,71447
ZCTA5 71449,49020,71449
ZCTA5 71450,44055,71450
ZCTA5 71452,-666666666,71452
ZCTA5 71454,59833,71454
ZCTA5 71455,-666666666,71455
ZCTA5 71456,86875,71456
ZCTA5 71457,46668,71457
ZCTA5 71459,56038,71459
ZCTA5 71461,51042,71461
ZCTA5 71462,52000,71462
ZCTA5 71463,43594,71463
ZCTA5 71465,42366,71465
ZCTA5 71466,-666666666,71466
ZCTA5 71467,70583,71467
ZCTA5 71468,101500,71468
ZCTA5 71469,50994,71469
ZCTA5 71472,-666666666,71472
ZCTA5 71473,40956,71473
ZCTA5 71474,85417,71474
ZCTA5 71475,-666666666,71475
ZCTA5 71479,55990,71479
ZCTA5 71480,47083,71480
ZCTA5 71483,54267,71483
ZCTA5 71485,82000,71485
ZCTA5 71486,45918,71486
ZCTA5 71497,2499,71497
ZCTA5 71601,37528,71601
ZCTA5 71602,55204,71602
ZCTA5 71603,53130,71603
ZCTA5 71630,41900,71630
ZCTA5 71631,18722,71631
ZCTA5 71635,47148,71635
ZCTA5 71638,31667,71638
ZCTA5 71639,37173,71639
ZCTA5 71640,28461,71640
ZCTA5 71642,-666666666,71642
ZCTA5 71643,32899,71643
ZCTA5 71644,76113,71644
ZCTA5 71646,40823,71646
ZCTA5 71647,50441,71647
ZCTA5 71651,133393,71651
ZCTA5 71652,52857,71652
ZCTA5 71653,51797,71653
ZCTA5 71654,41645,71654
ZCTA5 71655,43346,71655
ZCTA5 71658,54107,71658
ZCTA5 71659,-666666666,71659
ZCTA5 71660,57188,71660
ZCTA5 71661,28750,71661
ZCTA5 71662,-666666666,71662
ZCTA5 71663,37150,71663
ZCTA5 71665,53472,71665
ZCTA5 71666,-666666666,71666
ZCTA5 71667,59375,71667
ZCTA5 71670,34570,71670
ZCTA5 71671,43419,71671
ZCTA5 71674,52125,71674
ZCTA5 71675,37396,71675
ZCTA5 71676,26184,71676
ZCTA5 71677,43333,71677
ZCTA5 71678,-666666666,71678
ZCTA5 71701,49110,71701
ZCTA5 71720,61250,71720
ZCTA5 71721,-666666666,71721
ZCTA5 71722,59063,71722
ZCTA5 71724,26346,71724
ZCTA5 71725,-666666666,71725
ZCTA5 71726,31328,71726
ZCTA5 71728,-666666666,71728
ZCTA5 71730,55770,71730
ZCTA5 71740,65455,71740
ZCTA5 71742,38843,71742
ZCTA5 71743,48253,71743
ZCTA5 71744,68882,71744
ZCTA5 71745,75987,71745
ZCTA5 71747,61208,71747
ZCTA5 71748,142813,71748
ZCTA5 71749,68188,71749
ZCTA5 71751,-666666666,71751
ZCTA5 71752,39803,71752
ZCTA5 71753,50504,71753
ZCTA5 71758,-666666666,71758
ZCTA5 71759,-666666666,71759
ZCTA5 71762,50577,71762
ZCTA5 71763,73438,71763
ZCTA5 71764,62308,71764
ZCTA5 71765,38636,71765
ZCTA5 71766,76875,71766
ZCTA5 71770,44569,71770
ZCTA5 71772,-666666666,71772
ZCTA5 71801,45345,71801
ZCTA5 71820,-666666666,71820
ZCTA5 71822,59167,71822
ZCTA5 71823,-666666666,71823
ZCTA5 71825,72610,71825
ZCTA5 71826,42708,71826
ZCTA5 71827,88024,71827
ZCTA5 71831,-666666666,71831
ZCTA5 71832,52747,71832
ZCTA5 71833,29018,71833
ZCTA5 71834,65691,71834
ZCTA5 71835,56483,71835
ZCTA5 71836,51271,71836
ZCTA5 71837,59286,71837
ZCTA5 71838,48125,71838
ZCTA5 71839,24746,71839
ZCTA5 71841,45819,71841
ZCTA5 71842,55810,71842
ZCTA5 71845,33672,71845
ZCTA5 71846,56250,71846
ZCTA5 71847,23920,71847
ZCTA5 71851,63920,71851
ZCTA5 71852,47238,71852
ZCTA5 71853,-666666666,71853
ZCTA5 71854,46878,71854
ZCTA5 71855,-666666666,71855
ZCTA5 71857,53125,71857
ZCTA5 71858,65795,71858
ZCTA5 71859,-666666666,71859
ZCTA5 71860,36758,71860
ZCTA5 71861,58150,71861
ZCTA5 71862,52982,71862
ZCTA5 71864,58125,71864
ZCTA5 71865,67688,71865
ZCTA5 71866,34688,71866
ZCTA5 71901,53514,71901
ZCTA5 71909,75433,71909
ZCTA5 71913,56010,71913
ZCTA5 71921,54271,71921
ZCTA5 71922,-666666666,71922
ZCTA5 71923,56089,71923
ZCTA5 71929,55747,71929
ZCTA5 71933,-666666666,71933
ZCTA5 71935,48750,71935
ZCTA5 71937,57750,71937
ZCTA5 71940,47935,71940
ZCTA5 71941,70329,71941
ZCTA5 71942,87560,71942
ZCTA5 71943,44904,71943
ZCTA5 71944,75893,71944
ZCTA5 71945,38090,71945
ZCTA5 71949,50750,71949
ZCTA5 71950,61786,71950
ZCTA5 71952,-666666666,71952
ZCTA5 71953,51969,71953
ZCTA5 71956,49958,71956
ZCTA5 71957,47703,71957
ZCTA5 71958,48393,71958
ZCTA5 71959,-666666666,71959
ZCTA5 71960,66917,71960
ZCTA5 71961,37054,71961
ZCTA5 71962,24578,71962
ZCTA5 71964,56514,71964
ZCTA5 71965,-666666666,71965
ZCTA5 71968,75592,71968
ZCTA5 71969,38224,71969
ZCTA5 71970,71667,71970
ZCTA5 71971,73413,71971
ZCTA5 71972,68542,71972
ZCTA5 71973,33313,71973
ZCTA5 71998,-666666666,71998
ZCTA5 71999,-666666666,71999
ZCTA5 72001,36008,72001
ZCTA5 72002,85502,72002
ZCTA5 72003,78443,72003
ZCTA5 72004,43783,72004
ZCTA5 72005,-666666666,72005
ZCTA5 72006,51775,72006
ZCTA5 72007,86302,72007
ZCTA5 72010,48305,72010
ZCTA5 72011,84446,72011
ZCTA5 72012,61277,72012
ZCTA5 72013,57500,72013
ZCTA5 72014,-666666666,72014
ZCTA5 72015,66107,72015
ZCTA5 72016,64280,72016
ZCTA5 72017,91731,72017
ZCTA5 72019,87869,72019
ZCTA5 72020,49231,72020
ZCTA5 72021,41310,72021
ZCTA5 72022,80920,72022
ZCTA5 72023,76931,72023
ZCTA5 72024,58750,72024
ZCTA5 72025,65341,72025
ZCTA5 72026,26615,72026
ZCTA5 72027,61450,72027
ZCTA5 72028,-666666666,72028
ZCTA5 72029,35515,72029
ZCTA5 72030,-666666666,72030
ZCTA5 72031,54428,72031
ZCTA5 72032,64695,72032
ZCTA5 72034,65635,72034
ZCTA5 72035,-666666666,72035
ZCTA5 72036,13264,72036
ZCTA5 72038,63472,72038
ZCTA5 72039,63667,72039
ZCTA5 72040,32476,72040
ZCTA5 72041,53125,72041
ZCTA5 72042,55679,72042
ZCTA5 72044,47213,72044
ZCTA5 72045,60602,72045
ZCTA5 72046,56685,72046
ZCTA5 72047,61944,72047
ZCTA5 72048,-666666666,72048
ZCTA5 72051,-666666666,72051
ZCTA5 72052,66111,72052
ZCTA5 72053,-666666666,72053
ZCTA5 72055,67708,72055
ZCTA5 72057,59335,72057
ZCTA5 72058,76463,72058
ZCTA5 72059,-666666666,72059
ZCTA5 72060,26875,72060
ZCTA5 72061,81141,72061
ZCTA5 72063,59643,72063
ZCTA5 72064,63897,72064
ZCTA5 72065,75857,72065
ZCTA5 72066,-666666666,72066
ZCTA5 72067,53668,72067
ZCTA5 72068,69375,72068
ZCTA5 72069,40000,72069
ZCTA5 72070,41713,72070
ZCTA5 72072,36818,72072
ZCTA5 72073,48750,72073
ZCTA5 72074,-666666666,72074
ZCTA5 72075,-666666666,72075
ZCTA5 72076,54379,72076
ZCTA5 72079,69479,72079
ZCTA5 72080,27583,72080
ZCTA5 72081,45620,72081
ZCTA5 72082,31638,72082
ZCTA5 72083,39000,72083
ZCTA5 72084,60938,72084
ZCTA5 72085,38125,72085
ZCTA5 72086,58743,72086
ZCTA5 72087,46346,72087
ZCTA5 72088,56594,72088
ZCTA5 72099,-666666666,72099
ZCTA5 72101,50921,72101
ZCTA5 72102,59120,72102
ZCTA5 72103,68029,72103
ZCTA5 72104,54774,72104
ZCTA5 72106,65800,72106
ZCTA5 72107,-666666666,72107
ZCTA5 72108,-666666666,72108
ZCTA5 72110,51658,72110
ZCTA5 72111,52059,72111
ZCTA5 72112,41843,72112
ZCTA5 72113,79248,72113
ZCTA5 72114,30175,72114
ZCTA5 72116,79010,72116
ZCTA5 72117,44319,72117
ZCTA5 72118,49559,72118
ZCTA5 72119,-666666666,72119
ZCTA5 72120,76598,72120
ZCTA5 72121,44221,72121
ZCTA5 72122,-666666666,72122
ZCTA5 72123,42250,72123
ZCTA5 72125,62917,72125
ZCTA5 72126,55662,72126
ZCTA5 72127,52250,72127
ZCTA5 72128,65938,72128
ZCTA5 72129,70326,72129
ZCTA5 72130,87014,72130
ZCTA5 72131,46629,72131
ZCTA5 72132,56071,72132
ZCTA5 72133,-666666666,72133
ZCTA5 72134,108177,72134
ZCTA5 72135,102500,72135
ZCTA5 72136,78328,72136
ZCTA5 72137,52612,72137
ZCTA5 72139,22917,72139
ZCTA5 72140,49583,72140
ZCTA5 72141,28342,72141
ZCTA5 72142,62863,72142
ZCTA5 72143,58344,72143
ZCTA5 72150,73818,72150
ZCTA5 72152,-666666666,72152
ZCTA5 72153,50253,72153
ZCTA5 72156,110139,72156
ZCTA5 72157,62931,72157
ZCTA5 72160,50403,72160
ZCTA5 72165,-666666666,72165
ZCTA5 72166,85208,72166
ZCTA5 72167,89886,72167
ZCTA5 72168,-666666666,72168
ZCTA5 72169,153036,72169
ZCTA5 72170,63438,72170
ZCTA5 72173,74600,72173
ZCTA5 72175,38167,72175
ZCTA5 72176,68840,72176
ZCTA5 72178,-666666666,72178
ZCTA5 72179,68571,72179
ZCTA5 72180,-666666666,72180
ZCTA5 72181,-666666666,72181
ZCTA5 72182,-666666666,72182
ZCTA5 72183,-666666666,72183
ZCTA5 72199,-666666666,72199
ZCTA5 72201,115174,72201
ZCTA5 72202,50899,72202
ZCTA5 72204,40882,72204
ZCTA5 72205,68415,72205
ZCTA5 72206,52132,72206
ZCTA5 72207,96343,72207
ZCTA5 72209,40231,72209
ZCTA5 72210,69453,72210
ZCTA5 72211,83134,72211
ZCTA5 72212,114140,72212
ZCTA5 72223,101062,72223
ZCTA5 72227,73879,72227
ZCTA5 72301,42859,72301
ZCTA5 72311,64063,72311
ZCTA5 72313,-666666666,72313
ZCTA5 72315,52259,72315
ZCTA5 72320,32679,72320
ZCTA5 72322,35750,72322
ZCTA5 72324,36324,72324
ZCTA5 72325,-666666666,72325
ZCTA5 72326,48728,72326
ZCTA5 72327,82750,72327
ZCTA5 72328,-666666666,72328
ZCTA5 72329,-666666666,72329
ZCTA5 72330,38500,72330
ZCTA5 72331,46848,72331
ZCTA5 72332,-666666666,72332
ZCTA5 72333,41719,72333
ZCTA5 72335,40400,72335
ZCTA5 72338,-666666666,72338
ZCTA5 72339,39167,72339
ZCTA5 72340,112750,72340
ZCTA5 72341,53278,72341
ZCTA5 72342,36905,72342
ZCTA5 72346,65673,72346
ZCTA5 72347,52048,72347
ZCTA5 72348,64464,72348
ZCTA5 72350,38580,72350
ZCTA5 72351,55964,72351
ZCTA5 72352,-666666666,72352
ZCTA5 72353,-666666666,72353
ZCTA5 72354,48472,72354
ZCTA5 72355,55307,72355
ZCTA5 72358,32841,72358
ZCTA5 72359,23802,72359
ZCTA5 72360,22574,72360
ZCTA5 72364,74462,72364
ZCTA5 72365,47344,72365
ZCTA5 72366,44861,72366
ZCTA5 72367,-666666666,72367
ZCTA5 72368,66719,72368
ZCTA5 72369,-666666666,72369
ZCTA5 72370,48732,72370
ZCTA5 72372,43611,72372
ZCTA5 72373,26700,72373
ZCTA5 72374,-666666666,72374
ZCTA5 72376,50347,72376
ZCTA5 72377,-666666666,72377
ZCTA5 72379,-666666666,72379
ZCTA5 72383,-666666666,72383
ZCTA5 72384,51250,72384
ZCTA5 72386,46723,72386
ZCTA5 72387,-666666666,72387
ZCTA5 72389,21528,72389
ZCTA5 72390,38294,72390
ZCTA5 72391,-666666666,72391
ZCTA5 72392,66786,72392
ZCTA5 72394,46875,72394
ZCTA5 72395,78507,72395
ZCTA5 72396,58938,72396
ZCTA5 72401,45329,72401
ZCTA5 72404,70269,72404
ZCTA5 72405,92440,72405
ZCTA5 72410,53350,72410
ZCTA5 72411,55625,72411
ZCTA5 72412,83500,72412
ZCTA5 72413,59531,72413
ZCTA5 72414,60833,72414
ZCTA5 72415,53750,72415
ZCTA5 72416,67448,72416
ZCTA5 72417,61964,72417
ZCTA5 72419,41017,72419
ZCTA5 72421,41310,72421
ZCTA5 72422,56507,72422
ZCTA5 72424,36667,72424
ZCTA5 72425,55917,72425
ZCTA5 72426,78125,72426
ZCTA5 72427,28750,72427
ZCTA5 72428,-666666666,72428
ZCTA5 72429,36000,72429
ZCTA5 72430,57604,72430
ZCTA5 72431,78750,72431
ZCTA5 72432,55827,72432
ZCTA5 72433,36473,72433
ZCTA5 72434,77734,72434
ZCTA5 72435,97637,72435
ZCTA5 72436,52174,72436
ZCTA5 72437,60714,72437
ZCTA5 72438,56688,72438
ZCTA5 72440,48056,72440
ZCTA5 72441,-666666666,72441
ZCTA5 72442,56221,72442
ZCTA5 72443,51230,72443
ZCTA5 72444,32276,72444
ZCTA5 72445,-666666666,72445
ZCTA5 72447,59444,72447
ZCTA5 72449,-666666666,72449
ZCTA5 72450,57725,72450
ZCTA5 72453,-666666666,72453
ZCTA5 72454,46509,72454
ZCTA5 72455,49764,72455
ZCTA5 72456,49861,72456
ZCTA5 72457,-666666666,72457
ZCTA5 72458,63636,72458
ZCTA5 72459,39167,72459
ZCTA5 72460,45673,72460
ZCTA5 72461,53893,72461
ZCTA5 72462,56452,72462
ZCTA5 72464,-666666666,72464
ZCTA5 72466,79808,72466
ZCTA5 72467,-666666666,72467
ZCTA5 72469,44421,72469
ZCTA5 72470,55694,72470
ZCTA5 72471,45313,72471
ZCTA5 72472,40529,72472
ZCTA5 72473,47266,72473
ZCTA5 72476,42181,72476
ZCTA5 72478,49038,72478
ZCTA5 72479,54853,72479
ZCTA5 72482,35855,72482
ZCTA5 72501,52829,72501
ZCTA5 72512,46449,72512
ZCTA5 72513,40055,72513
ZCTA5 72515,-666666666,72515
ZCTA5 72517,50446,72517
ZCTA5 72519,48438,72519
ZCTA5 72520,23776,72520
ZCTA5 72521,59591,72521
ZCTA5 72522,36591,72522
ZCTA5 72523,57206,72523
ZCTA5 72524,-666666666,72524
ZCTA5 72526,63333,72526
ZCTA5 72527,72917,72527
ZCTA5 72528,25559,72528
ZCTA5 72529,37355,72529
ZCTA5 72530,66875,72530
ZCTA5 72531,66397,72531
ZCTA5 72532,38750,72532
ZCTA5 72533,51583,72533
ZCTA5 72534,-666666666,72534
ZCTA5 72536,60714,72536
ZCTA5 72537,40441,72537
ZCTA5 72538,46973,72538
ZCTA5 72539,85625,72539
ZCTA5 72540,38603,72540
ZCTA5 72542,41295,72542
ZCTA5 72543,56722,72543
ZCTA5 72544,44057,72544
ZCTA5 72546,-666666666,72546
ZCTA5 72550,54688,72550
ZCTA5 72553,36944,72553
ZCTA5 72554,42851,72554
ZCTA5 72555,52143,72555
ZCTA5 72556,46113,72556
ZCTA5 72560,37134,72560
ZCTA5 72561,71916,72561
ZCTA5 72562,55156,72562
ZCTA5 72564,27107,72564
ZCTA5 72565,53333,72565
ZCTA5 72566,59609,72566
ZCTA5 72567,53438,72567
ZCTA5 72568,67143,72568
ZCTA5 72569,58365,72569
ZCTA5 72571,198636,72571
ZCTA5 72572,67619,72572
ZCTA5 72573,-666666666,72573
ZCTA5 72576,39812,72576
ZCTA5 72577,55959,72577
ZCTA5 72578,-666666666,72578
ZCTA5 72579,104167,72579
ZCTA5 72581,-666666666,72581
ZCTA5 72583,40625,72583
ZCTA5 72584,33326,72584
ZCTA5 72585,-666666666,72585
ZCTA5 72587,-666666666,72587
ZCTA5 72601,56353,72601
ZCTA5 72611,42361,72611
ZCTA5 72615,35000,72615
ZCTA5 72616,52077,72616
ZCTA5 72617,-666666666,72617
ZCTA5 72619,45042,72619
ZCTA5 72623,46354,72623
ZCTA5 72624,46442,72624
ZCTA5 72626,36417,72626
ZCTA5 72628,47367,72628
ZCTA5 72629,41635,72629
ZCTA5 72630,54688,72630
ZCTA5 72631,56678,72631
ZCTA5 72632,46354,72632
ZCTA5 72633,45385,72633
ZCTA5 72634,49015,72634
ZCTA5 72635,49709,72635
ZCTA5 72636,121250,72636
ZCTA5 72638,65175,72638
ZCTA5 72639,46597,72639
ZCTA5 72640,103409,72640
ZCTA5 72641,37696,72641
ZCTA5 72642,68810,72642
ZCTA5 72644,53894,72644
ZCTA5 72645,33516,72645
ZCTA5 72648,70921,72648
ZCTA5 72650,46295,72650
ZCTA5 72651,30000,72651
ZCTA5 72653,48718,72653
ZCTA5 72655,44722,72655
ZCTA5 72658,36094,72658
ZCTA5 72660,-666666666,72660
ZCTA5 72661,31417,72661
ZCTA5 72662,55734,72662
ZCTA5 72663,-666666666,72663
ZCTA5 72666,34444,72666
ZCTA5 72668,46000,72668
ZCTA5 72669,42109,72669
ZCTA5 72670,-666666666,72670
ZCTA5 72672,36620,72672
ZCTA5 72675,48393,72675
ZCTA5 72677,39688,72677
ZCTA5 72679,53784,72679
ZCTA5 72680,43668,72680
ZCTA5 72682,45038,72682
ZCTA5 72683,51196,72683
ZCTA5 72685,48750,72685
ZCTA5 72686,-666666666,72686
ZCTA5 72687,53911,72687
ZCTA5 72701,55506,72701
ZCTA5 72703,60568,72703
ZCTA5 72704,96014,72704
ZCTA5 72712,110514,72712
ZCTA5 72713,119853,72713
ZCTA5 72714,103125,72714
ZCTA5 72715,82447,72715
ZCTA5 72717,73011,72717
ZCTA5 72718,127250,72718
ZCTA5 72719,113542,72719
ZCTA5 72721,60306,72721
ZCTA5 72722,54838,72722
ZCTA5 72727,75402,72727
ZCTA5 72729,-666666666,72729
ZCTA5 72730,91731,72730
ZCTA5 72732,70850,72732
ZCTA5 72734,75000,72734
ZCTA5 72736,79209,72736
ZCTA5 72738,86296,72738
ZCTA5 72739,-666666666,72739
ZCTA5 72740,63250,72740
ZCTA5 72742,91094,72742
ZCTA5 72744,65850,72744
ZCTA5 72745,91207,72745
ZCTA5 72747,-666666666,72747
ZCTA5 72749,-666666666,72749
ZCTA5 72751,95299,72751
ZCTA5 72752,-666666666,72752
ZCTA5 72753,70985,72753
ZCTA5 72756,72230,72756
ZCTA5 72758,99147,72758
ZCTA5 72760,75777,72760
ZCTA5 72761,76122,72761
ZCTA5 72762,82228,72762
ZCTA5 72764,65898,72764
ZCTA5 72768,60096,72768
ZCTA5 72769,56754,72769
ZCTA5 72773,39044,72773
ZCTA5 72774,76316,72774
ZCTA5 72776,21607,72776
ZCTA5 72801,47830,72801
ZCTA5 72802,64110,72802
ZCTA5 72821,37083,72821
ZCTA5 72823,69107,72823
ZCTA5 72824,78628,72824
ZCTA5 72826,-666666666,72826
ZCTA5 72827,28021,72827
ZCTA5 72828,-666666666,72828
ZCTA5 72829,-666666666,72829
ZCTA5 72830,42416,72830
ZCTA5 72832,27356,72832
ZCTA5 72833,52422,72833
ZCTA5 72834,63131,72834
ZCTA5 72835,102533,72835
ZCTA5 72837,53833,72837
ZCTA5 72838,85580,72838
ZCTA5 72839,48750,72839
ZCTA5 72840,49750,72840
ZCTA5 72841,28672,72841
ZCTA5 72842,49000,72842
ZCTA5 72843,62805,72843
ZCTA5 72845,63462,72845
ZCTA5 72846,61250,72846
ZCTA5 72847,61158,72847
ZCTA5 72851,68750,72851
ZCTA5 72852,48241,72852
ZCTA5 72853,35262,72853
ZCTA5 72854,-666666666,72854
ZCTA5 72855,54089,72855
ZCTA5 72856,47284,72856
ZCTA5 72857,44907,72857
ZCTA5 72858,69760,72858
ZCTA5 72860,79034,72860
ZCTA5 72863,64773,72863
ZCTA5 72865,82045,72865
ZCTA5 72901,42851,72901
ZCTA5 72903,61434,72903
ZCTA5 72904,41909,72904
ZCTA5 72905,-666666666,72905
ZCTA5 72908,72732,72908
ZCTA5 72916,87983,72916
ZCTA5 72921,75008,72921
ZCTA5 72923,54157,72923
ZCTA5 72926,82578,72926
ZCTA5 72927,57728,72927
ZCTA5 72928,32313,72928
ZCTA5 72930,-666666666,72930
ZCTA5 72932,59740,72932
ZCTA5 72933,59318,72933
ZCTA5 72934,59282,72934
ZCTA5 72935,-666666666,72935
ZCTA5 72936,71829,72936
ZCTA5 72937,61590,72937
ZCTA5 72938,45114,72938
ZCTA5 72940,58056,72940
ZCTA5 72941,73558,72941
ZCTA5 72943,62022,72943
ZCTA5 72944,46419,72944
ZCTA5 72945,36868,72945
ZCTA5 72946,75494,72946
ZCTA5 72947,58640,72947
ZCTA5 72948,75795,72948
ZCTA5 72949,56837,72949
ZCTA5 72950,42628,72950
ZCTA5 72951,39038,72951
ZCTA5 72952,49254,72952
ZCTA5 72955,-666666666,72955
ZCTA5 72956,62988,72956
ZCTA5 72958,42221,72958
ZCTA5 72959,51923,72959
ZCTA5 73001,-666666666,73001
ZCTA5 73002,69808,73002
ZCTA5 73003,78149,73003
ZCTA5 73004,83036,73004
ZCTA5 73005,46176,73005
ZCTA5 73006,51563,73006
ZCTA5 73007,120556,73007
ZCTA5 73008,57459,73008
ZCTA5 73009,59625,73009
ZCTA5 73010,90110,73010
ZCTA5 73011,59531,73011
ZCTA5 73012,126659,73012
ZCTA5 73013,113870,73013
ZCTA5 73014,81875,73014
ZCTA5 73015,46806,73015
ZCTA5 73016,103872,73016
ZCTA5 73017,46683,73017
ZCTA5 73018,56484,73018
ZCTA5 73019,-666666666,73019
ZCTA5 73020,104601,73020
ZCTA5 73021,50179,73021
ZCTA5 73022,-666666666,73022
ZCTA5 73024,58102,73024
ZCTA5 73025,176149,73025
ZCTA5 73026,94014,73026
ZCTA5 73027,83238,73027
ZCTA5 73028,56372,73028
ZCTA5 73029,64423,73029
ZCTA5 73030,59612,73030
ZCTA5 73031,-666666666,73031
ZCTA5 73032,53125,73032
ZCTA5 73033,60938,73033
ZCTA5 73034,109700,73034
ZCTA5 73036,59915,73036
ZCTA5 73038,57500,73038
ZCTA5 73040,61328,73040
ZCTA5 73041,55625,73041
ZCTA5 73042,55556,73042
ZCTA5 73043,81250,73043
ZCTA5 73044,72288,73044
ZCTA5 73045,81274,73045
ZCTA5 73047,63784,73047
ZCTA5 73048,58000,73048
ZCTA5 73049,94891,73049
ZCTA5 73050,32500,73050
ZCTA5 73051,65872,73051
ZCTA5 73052,62222,73052
ZCTA5 73053,76591,73053
ZCTA5 73054,60313,73054
ZCTA5 73055,65991,73055
ZCTA5 73056,61568,73056
ZCTA5 73057,61044,73057
ZCTA5 73058,-666666666,73058
ZCTA5 73059,73125,73059
ZCTA5 73061,91250,73061
ZCTA5 73062,53281,73062
ZCTA5 73063,78438,73063
ZCTA5 73064,94402,73064
ZCTA5 73065,87358,73065
ZCTA5 73066,117757,73066
ZCTA5 73067,63603,73067
ZCTA5 73068,73821,73068
ZCTA5 73069,58888,73069
ZCTA5 73070,-666666666,73070
ZCTA5 73071,64007,73071
ZCTA5 73072,78546,73072
ZCTA5 73073,76338,73073
ZCTA5 73074,78088,73074
ZCTA5 73075,54540,73075
ZCTA5 73077,62763,73077
ZCTA5 73078,105441,73078
ZCTA5 73079,95972,73079
ZCTA5 73080,72500,73080
ZCTA5 73082,59211,73082
ZCTA5 73084,54375,73084
ZCTA5 73086,70471,73086
ZCTA5 73089,103048,73089
ZCTA5 73090,96875,73090
ZCTA5 73092,51750,73092
ZCTA5 73093,96719,73093
ZCTA5 73095,77232,73095
ZCTA5 73096,59138,73096
ZCTA5 73097,-666666666,73097
ZCTA5 73098,55536,73098
ZCTA5 73099,88030,73099
ZCTA5 73102,59338,73102
ZCTA5 73103,54561,73103
ZCTA5 73104,66042,73104
ZCTA5 73105,50102,73105
ZCTA5 73106,60205,73106
ZCTA5 73107,56873,73107
ZCTA5 73108,37168,73108
ZCTA5 73109,43133,73109
ZCTA5 73110,51228,73110
ZCTA5 73111,40340,73111
ZCTA5 73112,58419,73112
ZCTA5 73114,54936,73114
ZCTA5 73115,46810,73115
ZCTA5 73116,81226,73116
ZCTA5 73117,23413,73117
ZCTA5 73118,69827,73118
ZCTA5 73119,45421,73119
ZCTA5 73120,64745,73120
ZCTA5 73121,80030,73121
ZCTA5 73122,51227,73122
ZCTA5 73127,44925,73127
ZCTA5 73128,74241,73128
ZCTA5 73129,46670,73129
ZCTA5 73130,71189,73130
ZCTA5 73131,137849,73131
ZCTA5 73132,60419,73132
ZCTA5 73134,66307,73134
ZCTA5 73135,63478,73135
ZCTA5 73139,49655,73139
ZCTA5 73141,58670,73141
ZCTA5 73142,81818,73142
ZCTA5 73145,64856,73145
ZCTA5 73149,53317,73149
ZCTA5 73150,92318,73150
ZCTA5 73151,147250,73151
ZCTA5 73159,54642,73159
ZCTA5 73160,79491,73160
ZCTA5 73162,88031,73162
ZCTA5 73165,125434,73165
ZCTA5 73169,81314,73169
ZCTA5 73170,94688,73170
ZCTA5 73173,143864,73173
ZCTA5 73179,112656,73179
ZCTA5 73401,61989,73401
ZCTA5 73425,35637,73425
ZCTA5 73430,79091,73430
ZCTA5 73432,61250,73432
ZCTA5 73433,58194,73433
ZCTA5 73434,63214,73434
ZCTA5 73435,63194,73435
ZCTA5 73436,62083,73436
ZCTA5 73437,35227,73437
ZCTA5 73438,50286,73438
ZCTA5 73439,55865,73439
ZCTA5 73440,64038,73440
ZCTA5 73441,34464,73441
ZCTA5 73442,52292,73442
ZCTA5 73443,58906,73443
ZCTA5 73444,-666666666,73444
ZCTA5 73446,58462,73446
ZCTA5 73447,49904,73447
ZCTA5 73448,61071,73448
ZCTA5 73449,52338,73449
ZCTA5 73450,57791,73450
ZCTA5 73453,92917,73453
ZCTA5 73455,62188,73455
ZCTA5 73456,50813,73456
ZCTA5 73458,86250,73458
ZCTA5 73459,68500,73459
ZCTA5 73460,46875,73460
ZCTA5 73461,49464,73461
ZCTA5 73463,55833,73463
ZCTA5 73481,63250,73481
ZCTA5 73487,31250,73487
ZCTA5 73488,-666666666,73488
ZCTA5 73491,83750,73491
ZCTA5 73501,49741,73501
ZCTA5 73503,60859,73503
ZCTA5 73505,58272,73505
ZCTA5 73507,62132,73507
ZCTA5 73520,40000,73520
ZCTA5 73521,60887,73521
ZCTA5 73523,-666666666,73523
ZCTA5 73526,65536,73526
ZCTA5 73527,74526,73527
ZCTA5 73528,59583,73528
ZCTA5 73529,70143,73529
ZCTA5 73530,43036,73530
ZCTA5 73531,69375,73531
ZCTA5 73532,68250,73532
ZCTA5 73533,59906,73533
ZCTA5 73537,59688,73537
ZCTA5 73538,91324,73538
ZCTA5 73539,104375,73539
ZCTA5 73540,86458,73540
ZCTA5 73541,61420,73541
ZCTA5 73542,49734,73542
ZCTA5 73543,86667,73543
ZCTA5 73544,36250,73544
ZCTA5 73546,33846,73546
ZCTA5 73547,64444,73547
ZCTA5 73548,-666666666,73548
ZCTA5 73549,190871,73549
ZCTA5 73550,43804,73550
ZCTA5 73551,-666666666,73551
ZCTA5 73552,85500,73552
ZCTA5 73553,48750,73553
ZCTA5 73554,56400,73554
ZCTA5 73555,66250,73555
ZCTA5 73556,64375,73556
ZCTA5 73557,118056,73557
ZCTA5 73559,28438,73559
ZCTA5 73560,63226,73560
ZCTA5 73562,66500,73562
ZCTA5 73564,69286,73564
ZCTA5 73565,53459,73565
ZCTA5 73566,42135,73566
ZCTA5 73567,66250,73567
ZCTA5 73568,29737,73568
ZCTA5 73569,36667,73569
ZCTA5 73570,66528,73570
ZCTA5 73571,37000,73571
ZCTA5 73572,57065,73572
ZCTA5 73573,49318,73573
ZCTA5 73601,59630,73601
ZCTA5 73620,53194,73620
ZCTA5 73622,53750,73622
ZCTA5 73624,45491,73624
ZCTA5 73625,72083,73625
ZCTA5 73626,68462,73626
ZCTA5 73627,100263,73627
ZCTA5 73628,63177,73628
ZCTA5 73632,72571,73632
ZCTA5 73638,83750,73638
ZCTA5 73639,73269,73639
ZCTA5 73641,44712,73641
ZCTA5 73642,-666666666,73642
ZCTA5 73644,53180,73644
ZCTA5 73645,35625,73645
ZCTA5 73646,73250,73646
ZCTA5 73647,82961,73647
ZCTA5 73650,71250,73650
ZCTA5 73651,41273,73651
ZCTA5 73654,79063,73654
ZCTA5 73655,54792,73655
ZCTA5 73658,50625,73658
ZCTA5 73659,52083,73659
ZCTA5 73660,61667,73660
ZCTA5 73661,65357,73661
ZCTA5 73662,54775,73662
ZCTA5 73663,61103,73663
ZCTA5 73664,105833,73664
ZCTA5 73666,56875,73666
ZCTA5 73667,67500,73667
ZCTA5 73668,-666666666,73668
ZCTA5 73669,69821,73669
ZCTA5 73673,57813,73673
ZCTA5 73701,50843,73701
ZCTA5 73703,73333,73703
ZCTA5 73705,-666666666,73705
ZCTA5 73716,78309,73716
ZCTA5 73717,51165,73717
ZCTA5 73718,62917,73718
ZCTA5 73719,-666666666,73719
ZCTA5 73720,97188,73720
ZCTA5 73722,71250,73722
ZCTA5 73724,70833,73724
ZCTA5 73726,59063,73726
ZCTA5 73727,-666666666,73727
ZCTA5 73728,67417,73728
ZCTA5 73729,66667,73729
ZCTA5 73730,56875,73730
ZCTA5 73731,61458,73731
ZCTA5 73733,100813,73733
ZCTA5 73734,54643,73734
ZCTA5 73735,112000,73735
ZCTA5 73736,-666666666,73736
ZCTA5 73737,63136,73737
ZCTA5 73738,79643,73738
ZCTA5 73739,91875,73739
ZCTA5 73741,62083,73741
ZCTA5 73742,70538,73742
ZCTA5 73743,45313,73743
ZCTA5 73744,63500,73744
ZCTA5 73746,-666666666,73746
ZCTA5 73747,61250,73747
ZCTA5 73749,55791,73749
ZCTA5 73750,69931,73750
ZCTA5 73753,102000,73753
ZCTA5 73754,95625,73754
ZCTA5 73755,78750,73755
ZCTA5 73756,62596,73756
ZCTA5 73757,-666666666,73757
ZCTA5 73758,90357,73758
ZCTA5 73759,51705,73759
ZCTA5 73760,111875,73760
ZCTA5 73761,75000,73761
ZCTA5 73762,93194,73762
ZCTA5 73763,61868,73763
ZCTA5 73764,-666666666,73764
ZCTA5 73766,58233,73766
ZCTA5 73768,86359,73768
ZCTA5 73770,-666666666,73770
ZCTA5 73771,39750,73771
ZCTA5 73772,58591,73772
ZCTA5 73773,78250,73773
ZCTA5 73801,58877,73801
ZCTA5 73832,63750,73832
ZCTA5 73834,72500,73834
ZCTA5 73835,37188,73835
ZCTA5 73838,95588,73838
ZCTA5 73840,71932,73840
ZCTA5 73841,76731,73841
ZCTA5 73842,-666666666,73842
ZCTA5 73843,44563,73843
ZCTA5 73844,-666666666,73844
ZCTA5 73848,57619,73848
ZCTA5 73851,60662,73851
ZCTA5 73852,66229,73852
ZCTA5 73853,91750,73853
ZCTA5 73855,63333,73855
ZCTA5 73857,65368,73857
ZCTA5 73858,56313,73858
ZCTA5 73859,70000,73859
ZCTA5 73860,62500,73860
ZCTA5 73901,-666666666,73901
ZCTA5 73931,50000,73931
ZCTA5 73932,58155,73932
ZCTA5 73933,49904,73933
ZCTA5 73937,65750,73937
ZCTA5 73938,73750,73938
ZCTA5 73939,72813,73939
ZCTA5 73942,61522,73942
ZCTA5 73944,87572,73944
ZCTA5 73945,48839,73945
ZCTA5 73946,-666666666,73946
ZCTA5 73947,136389,73947
ZCTA5 73949,62477,73949
ZCTA5 73950,58646,73950
ZCTA5 73951,-666666666,73951
ZCTA5 73960,-666666666,73960
ZCTA5 74001,68750,74001
ZCTA5 74002,66027,74002
ZCTA5 74003,47168,74003
ZCTA5 74006,71796,74006
ZCTA5 74008,104000,74008
ZCTA5 74010,56037,74010
ZCTA5 74011,99157,74011
ZCTA5 74012,81456,74012
ZCTA5 74014,95501,74014
ZCTA5 74015,74444,74015
ZCTA5 74016,60671,74016
ZCTA5 74017,65368,74017
ZCTA5 74019,84342,74019
ZCTA5 74020,63577,74020
ZCTA5 74021,92091,74021
ZCTA5 74022,46538,74022
ZCTA5 74023,49097,74023
ZCTA5 74026,56250,74026
ZCTA5 74027,48375,74027
ZCTA5 74028,46500,74028
ZCTA5 74029,57821,74029
ZCTA5 74030,45357,74030
ZCTA5 74032,65357,74032
ZCTA5 74033,80542,74033
ZCTA5 74034,40625,74034
ZCTA5 74035,47833,74035
ZCTA5 74036,79824,74036
ZCTA5 74037,103942,74037
ZCTA5 74038,61500,74038
ZCTA5 74039,64286,74039
ZCTA5 74041,83365,74041
ZCTA5 74042,48750,74042
ZCTA5 74044,67841,74044
ZCTA5 74045,-666666666,74045
ZCTA5 74046,-666666666,74046
ZCTA5 74047,72292,74047
ZCTA5 74048,52888,74048
ZCTA5 74050,53750,74050
ZCTA5 74051,67841,74051
ZCTA5 74052,31786,74052
ZCTA5 74053,90494,74053
ZCTA5 74054,43750,74054
ZCTA5 74055,87506,74055
ZCTA5 74056,47311,74056
ZCTA5 74058,48520,74058
ZCTA5 74059,51679,74059
ZCTA5 74060,56250,74060
ZCTA5 74061,58929,74061
ZCTA5 74062,51250,74062
ZCTA5 74063,73842,74063
ZCTA5 74066,64698,74066
ZCTA5 74068,27750,74068
ZCTA5 74070,67926,74070
ZCTA5 74071,19415,74071
ZCTA5 74072,67708,74072
ZCTA5 74073,87045,74073
ZCTA5 74074,52998,74074
ZCTA5 74075,46053,74075
ZCTA5 74077,-666666666,74077
ZCTA5 74078,-666666666,74078
ZCTA5 74079,66336,74079
ZCTA5 74080,91042,74080
ZCTA5 74081,52941,74081
ZCTA5 74082,50833,74082
ZCTA5 74083,66442,74083
ZCTA5 74084,51563,74084
ZCTA5 74085,43600,74085
ZCTA5 74103,76836,74103
ZCTA5 74104,54691,74104
ZCTA5 74105,69547,74105
ZCTA5 74106,40776,74106
ZCTA5 74107,53505,74107
ZCTA5 74108,59335,74108
ZCTA5 74110,42054,74110
ZCTA5 74112,58951,74112
ZCTA5 74114,98222,74114
ZCTA5 74115,44608,74115
ZCTA5 74116,55156,74116
ZCTA5 74117,-666666666,74117
ZCTA5 74119,56234,74119
ZCTA5 74120,68255,74120
ZCTA5 74126,42172,74126
ZCTA5 74127,46373,74127
ZCTA5 74128,52195,74128
ZCTA5 74129,49677,74129
ZCTA5 74130,46691,74130
ZCTA5 74131,76382,74131
ZCTA5 74132,79543,74132
ZCTA5 74133,74005,74133
ZCTA5 74134,73119,74134
ZCTA5 74135,62694,74135
ZCTA5 74136,51820,74136
ZCTA5 74137,102798,74137
ZCTA5 74145,58706,74145
ZCTA5 74146,46865,74146
ZCTA5 74171,-666666666,74171
ZCTA5 74301,52211,74301
ZCTA5 74330,67781,74330
ZCTA5 74331,61272,74331
ZCTA5 74332,60781,74332
ZCTA5 74333,54667,74333
ZCTA5 74337,66934,74337
ZCTA5 74338,57768,74338
ZCTA5 74339,34970,74339
ZCTA5 74340,46875,74340
ZCTA5 74342,57321,74342
ZCTA5 74343,47829,74343
ZCTA5 74344,58125,74344
ZCTA5 74346,49556,74346
ZCTA5 74347,47526,74347
ZCTA5 74349,53370,74349
ZCTA5 74350,59844,74350
ZCTA5 74352,57383,74352
ZCTA5 74354,50818,74354
ZCTA5 74358,50000,74358
ZCTA5 74359,45625,74359
ZCTA5 74360,-666666666,74360
ZCTA5 74361,58681,74361
ZCTA5 74363,55524,74363
ZCTA5 74364,63542,74364
ZCTA5 74365,51067,74365
ZCTA5 74366,34615,74366
ZCTA5 74367,49107,74367
ZCTA5 74368,91875,74368
ZCTA5 74369,54250,74369
ZCTA5 74370,52535,74370
ZCTA5 74401,42294,74401
ZCTA5 74403,56689,74403
ZCTA5 74421,69500,74421
ZCTA5 74422,46563,74422
ZCTA5 74423,47596,74423
ZCTA5 74425,63405,74425
ZCTA5 74426,48592,74426
ZCTA5 74427,50089,74427
ZCTA5 74428,57636,74428
ZCTA5 74429,76929,74429
ZCTA5 74430,56042,74430
ZCTA5 74431,64821,74431
ZCTA5 74432,47519,74432
ZCTA5 74434,73363,74434
ZCTA5 74435,53580,74435
ZCTA5 74436,62723,74436
ZCTA5 74437,46984,74437
ZCTA5 74438,42656,74438
ZCTA5 74441,52758,74441
ZCTA5 74442,78083,74442
ZCTA5 74445,67875,74445
ZCTA5 74446,39485,74446
ZCTA5 74447,48432,74447
ZCTA5 74450,50446,74450
ZCTA5 74451,59873,74451
ZCTA5 74452,57250,74452
ZCTA5 74454,61955,74454
ZCTA5 74455,51786,74455
ZCTA5 74456,95000,74456
ZCTA5 74457,36667,74457
ZCTA5 74458,-666666666,74458
ZCTA5 74459,60000,74459
ZCTA5 74460,92554,74460
ZCTA5 74462,49293,74462
ZCTA5 74463,32000,74463
ZCTA5 74464,51262,74464
ZCTA5 74467,60036,74467
ZCTA5 74468,66875,74468
ZCTA5 74469,54899,74469
ZCTA5 74470,51250,74470
ZCTA5 74471,45948,74471
ZCTA5 74472,45208,74472
ZCTA5 74477,-666666666,74477
ZCTA5 74501,57922,74501
ZCTA5 74521,35000,74521
ZCTA5 74522,68519,74522
ZCTA5 74523,47702,74523
ZCTA5 74525,52685,74525
ZCTA5 74528,69167,74528
ZCTA5 74530,56250,74530
ZCTA5 74531,55000,74531
ZCTA5 74533,61500,74533
ZCTA5 74534,38750,74534
ZCTA5 74535,31397,74535
ZCTA5 74536,39750,74536
ZCTA5 74538,51366,74538
ZCTA5 74540,42917,74540
ZCTA5 74543,82222,74543
ZCTA5 74546,47857,74546
ZCTA5 74547,45521,74547
ZCTA5 74549,73438,74549
ZCTA5 74552,50759,74552
ZCTA5 74553,59063,74553
ZCTA5 74554,40938,74554
ZCTA5 74555,52250,74555
ZCTA5 74556,57500,74556
ZCTA5 74557,39063,74557
ZCTA5 74558,45455,74558
ZCTA5 74560,45000,74560
ZCTA5 74561,48224,74561
ZCTA5 74562,52500,74562
ZCTA5 74563,44063,74563
ZCTA5 74565,56250,74565
ZCTA5 74567,41250,74567
ZCTA5 74569,61818,74569
ZCTA5 74570,57131,74570
ZCTA5 74571,41105,74571
ZCTA5 74572,44712,74572
ZCTA5 74574,39896,74574
ZCTA5 74576,83466,74576
ZCTA5 74577,58028,74577
ZCTA5 74578,41024,74578
ZCTA5 74601,52067,74601
ZCTA5 74604,80331,74604
ZCTA5 74630,41641,74630
ZCTA5 74631,53964,74631
ZCTA5 74632,88750,74632
ZCTA5 74633,57955,74633
ZCTA5 74636,-666666666,74636
ZCTA5 74637,52829,74637
ZCTA5 74640,88333,74640
ZCTA5 74641,62083,74641
ZCTA5 74643,68929,74643
ZCTA5 74644,42500,74644
ZCTA5 74646,90473,74646
ZCTA5 74647,63145,74647
ZCTA5 74650,47679,74650
ZCTA5 74651,76458,74651
ZCTA5 74652,71307,74652
ZCTA5 74653,59079,74653
ZCTA5 74701,58036,74701
ZCTA5 74720,50833,74720
ZCTA5 74721,-666666666,74721
ZCTA5 74722,57083,74722
ZCTA5 74723,42083,74723
ZCTA5 74724,44583,74724
ZCTA5 74726,53274,74726
ZCTA5 74727,43047,74727
ZCTA5 74728,59415,74728
ZCTA5 74729,56696,74729
ZCTA5 74730,68177,74730
ZCTA5 74731,54286,74731
ZCTA5 74733,65875,74733
ZCTA5 74734,49722,74734
ZCTA5 74735,57986,74735
ZCTA5 74736,59167,74736
ZCTA5 74737,61000,74737
ZCTA5 74738,22857,74738
ZCTA5 74740,41141,74740
ZCTA5 74741,67500,74741
ZCTA5 74743,41722,74743
ZCTA5 74745,47134,74745
ZCTA5 74747,-666666666,74747
ZCTA5 74748,47125,74748
ZCTA5 74750,38333,74750
ZCTA5 74753,-666666666,74753
ZCTA5 74754,48375,74754
ZCTA5 74755,-666666666,74755
ZCTA5 74756,53077,74756
ZCTA5 74759,54219,74759
ZCTA5 74760,50250,74760
ZCTA5 74761,-666666666,74761
ZCTA5 74764,58350,74764
ZCTA5 74766,48750,74766
ZCTA5 74801,55077,74801
ZCTA5 74804,67631,74804
ZCTA5 74820,62357,74820
ZCTA5 74824,64063,74824
ZCTA5 74825,57321,74825
ZCTA5 74826,78750,74826
ZCTA5 74827,62083,74827
ZCTA5 74829,29583,74829
ZCTA5 74830,53750,74830
ZCTA5 74831,58750,74831
ZCTA5 74832,51250,74832
ZCTA5 74833,62321,74833
ZCTA5 74834,61291,74834
ZCTA5 74836,90889,74836
ZCTA5 74837,58618,74837
ZCTA5 74839,33333,74839
ZCTA5 74840,54191,74840
ZCTA5 74842,97900,74842
ZCTA5 74843,73750,74843
ZCTA5 74844,54250,74844
ZCTA5 74845,46917,74845
ZCTA5 74848,52614,74848
ZCTA5 74849,41053,74849
ZCTA5 74850,55750,74850
ZCTA5 74851,74438,74851
ZCTA5 74852,59821,74852
ZCTA5 74854,61875,74854
ZCTA5 74855,60256,74855
ZCTA5 74856,59896,74856
ZCTA5 74857,92479,74857
ZCTA5 74859,42701,74859
ZCTA5 74860,60398,74860
ZCTA5 74864,65304,74864
ZCTA5 74865,65000,74865
ZCTA5 74866,47500,74866
ZCTA5 74867,50625,74867
ZCTA5 74868,48043,74868
ZCTA5 74869,54653,74869
ZCTA5 74871,70838,74871
ZCTA5 74872,56321,74872
ZCTA5 74873,55803,74873
ZCTA5 74875,64886,74875
ZCTA5 74878,78085,74878
ZCTA5 74880,50809,74880
ZCTA5 74881,60923,74881
ZCTA5 74883,41696,74883
ZCTA5 74884,46658,74884
ZCTA5 74901,43929,74901
ZCTA5 74902,50545,74902
ZCTA5 74930,55526,74930
ZCTA5 74931,56667,74931
ZCTA5 74932,50750,74932
ZCTA5 74935,38750,74935
ZCTA5 74936,56336,74936
ZCTA5 74937,41367,74937
ZCTA5 74939,47778,74939
ZCTA5 74940,50677,74940
ZCTA5 74941,52969,74941
ZCTA5 74942,38438,74942
ZCTA5 74943,114375,74943
ZCTA5 74944,36944,74944
ZCTA5 74945,43750,74945
ZCTA5 74946,-666666666,74946
ZCTA5 74947,38750,74947
ZCTA5 74948,48069,74948
ZCTA5 74949,46250,74949
ZCTA5 74951,49375,74951
ZCTA5 74953,56341,74953
ZCTA5 74954,58397,74954
ZCTA5 74955,50260,74955
ZCTA5 74956,57070,74956
ZCTA5 74957,43125,74957
ZCTA5 74959,56089,74959
ZCTA5 74960,47151,74960
ZCTA5 74962,54080,74962
ZCTA5 74963,65833,74963
ZCTA5 74964,47250,74964
ZCTA5 74965,51393,74965
ZCTA5 74966,56331,74966
ZCTA5 75001,73514,75001
ZCTA5 75002,137037,75002
ZCTA5 75006,84815,75006
ZCTA5 75007,111521,75007
ZCTA5 75009,168250,75009
ZCTA5 75010,107317,75010
ZCTA5 75013,146891,75013
ZCTA5 75019,141923,75019
ZCTA5 75020,71605,75020
ZCTA5 75021,83067,75021
ZCTA5 75022,177357,75022
ZCTA5 75023,109660,75023
ZCTA5 75024,117088,75024
ZCTA5 75025,143260,75025
ZCTA5 75028,149436,75028
ZCTA5 75032,135742,75032
ZCTA5 75033,174762,75033
ZCTA5 75034,111122,75034
ZCTA5 75035,166590,75035
ZCTA5 75036,151645,75036
ZCTA5 75038,68990,75038
ZCTA5 75039,104853,75039
ZCTA5 75040,74519,75040
ZCTA5 75041,70308,75041
ZCTA5 75042,64266,75042
ZCTA5 75043,76778,75043
ZCTA5 75044,92178,75044
ZCTA5 75048,131087,75048
ZCTA5 75050,73274,75050
ZCTA5 75051,58245,75051
ZCTA5 75052,89301,75052
ZCTA5 75054,163229,75054
ZCTA5 75056,119682,75056
ZCTA5 75057,82803,75057
ZCTA5 75058,125694,75058
ZCTA5 75060,71575,75060
ZCTA5 75061,63798,75061
ZCTA5 75062,72704,75062
ZCTA5 75063,117133,75063
ZCTA5 75065,102597,75065
ZCTA5 75067,78752,75067
ZCTA5 75068,126635,75068
ZCTA5 75069,85327,75069
ZCTA5 75070,112352,75070
ZCTA5 75071,132447,75071
ZCTA5 75072,165682,75072
ZCTA5 75074,88697,75074
ZCTA5 75075,98365,75075
ZCTA5 75076,76919,75076
ZCTA5 75077,127211,75077
ZCTA5 75078,196564,75078
ZCTA5 75080,92903,75080
ZCTA5 75081,93165,75081
ZCTA5 75082,110534,75082
ZCTA5 75087,129484,75087
ZCTA5 75088,105313,75088
ZCTA5 75089,118318,75089
ZCTA5 75090,55543,75090
ZCTA5 75092,68036,75092
ZCTA5 75093,124563,75093
ZCTA5 75094,171476,75094
ZCTA5 75098,122089,75098
ZCTA5 75101,61000,75101
ZCTA5 75102,88929,75102
ZCTA5 75103,71013,75103
ZCTA5 75104,102875,75104
ZCTA5 75105,-666666666,75105
ZCTA5 75109,88074,75109
ZCTA5 75110,57370,75110
ZCTA5 75114,88013,75114
ZCTA5 75115,82782,75115
ZCTA5 75116,67390,75116
ZCTA5 75117,90954,75117
ZCTA5 75119,77053,75119
ZCTA5 75124,79083,75124
ZCTA5 75125,79545,75125
ZCTA5 75126,103673,75126
ZCTA5 75127,60366,75127
ZCTA5 75132,-666666666,75132
ZCTA5 75134,69778,75134
ZCTA5 75135,111235,75135
ZCTA5 75137,82253,75137
ZCTA5 75140,55338,75140
ZCTA5 75141,48159,75141
ZCTA5 75142,80028,75142
ZCTA5 75143,67897,75143
ZCTA5 75144,62949,75144
ZCTA5 75146,68071,75146
ZCTA5 75147,56940,75147
ZCTA5 75148,68569,75148
ZCTA5 75149,70774,75149
ZCTA5 75150,65440,75150
ZCTA5 75152,94935,75152
ZCTA5 75153,93708,75153
ZCTA5 75154,100388,75154
ZCTA5 75155,67336,75155
ZCTA5 75156,60867,75156
ZCTA5 75157,100250,75157
ZCTA5 75158,100263,75158
ZCTA5 75159,72897,75159
ZCTA5 75160,71801,75160
ZCTA5 75161,85981,75161
ZCTA5 75163,60462,75163
ZCTA5 75164,65825,75164
ZCTA5 75165,86391,75165
ZCTA5 75166,132101,75166
ZCTA5 75167,117714,75167
ZCTA5 75169,74350,75169
ZCTA5 75172,59457,75172
ZCTA5 75173,101988,75173
ZCTA5 75180,67019,75180
ZCTA5 75181,111052,75181
ZCTA5 75182,170348,75182
ZCTA5 75189,117125,75189
ZCTA5 75201,103761,75201
ZCTA5 75202,133155,75202
ZCTA5 75203,46989,75203
ZCTA5 75204,92253,75204
ZCTA5 75205,181631,75205
ZCTA5 75206,91023,75206
ZCTA5 75207,84212,75207
ZCTA5 75208,81950,75208
ZCTA5 75209,134707,75209
ZCTA5 75210,33712,75210
ZCTA5 75211,56807,75211
ZCTA5 75212,59750,75212
ZCTA5 75214,132313,75214
ZCTA5 75215,45557,75215
ZCTA5 75216,41386,75216
ZCTA5 75217,55723,75217
ZCTA5 75218,107366,75218
ZCTA5 75219,102364,75219
ZCTA5 75220,69843,75220
ZCTA5 75223,73318,75223
ZCTA5 75224,51919,75224
ZCTA5 75225,200234,75225
ZCTA5 75226,70546,75226
ZCTA5 75227,64008,75227
ZCTA5 75228,62667,75228
ZCTA5 75229,121469,75229
ZCTA5 75230,110956,75230
ZCTA5 75231,58540,75231
ZCTA5 75232,61847,75232
ZCTA5 75233,49870,75233
ZCTA5 75234,86733,75234
ZCTA5 75235,63393,75235
ZCTA5 75236,49715,75236
ZCTA5 75237,44318,75237
ZCTA5 75238,82019,75238
ZCTA5 75240,58320,75240
ZCTA5 75241,53998,75241
ZCTA5 75243,53618,75243
ZCTA5 75244,120286,75244
ZCTA5 75246,53555,75246
ZCTA5 75247,20200,75247
ZCTA5 75248,100414,75248
ZCTA5 75249,85500,75249
ZCTA5 75251,90396,75251
ZCTA5 75252,85000,75252
ZCTA5 75253,60874,75253
ZCTA5 75254,67216,75254
ZCTA5 75261,-666666666,75261
ZCTA5 75270,-666666666,75270
ZCTA5 75287,63741,75287
ZCTA5 75390,-666666666,75390
ZCTA5 75401,59908,75401
ZCTA5 75402,77877,75402
ZCTA5 75407,100037,75407
ZCTA5 75409,104814,75409
ZCTA5 75410,73934,75410
ZCTA5 75411,-666666666,75411
ZCTA5 75412,64605,75412
ZCTA5 75413,48750,75413
ZCTA5 75414,86993,75414
ZCTA5 75415,93050,75415
ZCTA5 75416,75735,75416
ZCTA5 75417,56842,75417
ZCTA5 75418,68918,75418
ZCTA5 75420,72521,75420
ZCTA5 75421,75197,75421
ZCTA5 75422,75690,75422
ZCTA5 75423,59375,75423
ZCTA5 75424,89157,75424
ZCTA5 75426,35938,75426
ZCTA5 75428,51424,75428
ZCTA5 75429,-666666666,75429
ZCTA5 75431,43242,75431
ZCTA5 75432,65030,75432
ZCTA5 75433,86042,75433
ZCTA5 75434,-666666666,75434
ZCTA5 75435,50000,75435
ZCTA5 75436,90043,75436
ZCTA5 75437,87574,75437
ZCTA5 75438,101125,75438
ZCTA5 75439,64500,75439
ZCTA5 75440,65232,75440
ZCTA5 75441,-666666666,75441
ZCTA5 75442,95250,75442
ZCTA5 75446,52460,75446
ZCTA5 75447,110391,75447
ZCTA5 75448,85827,75448
ZCTA5 75449,56250,75449
ZCTA5 75450,-666666666,75450
ZCTA5 75451,58667,75451
ZCTA5 75452,69479,75452
ZCTA5 75453,111406,75453
ZCTA5 75454,138827,75454
ZCTA5 75455,56163,75455
ZCTA5 75457,83916,75457
ZCTA5 75459,71228,75459
ZCTA5 75460,46473,75460
ZCTA5 75462,81563,75462
ZCTA5 75468,105875,75468
ZCTA5 75469,83375,75469
ZCTA5 75470,105625,75470
ZCTA5 75471,77934,75471
ZCTA5 75472,61694,75472
ZCTA5 75473,103793,75473
ZCTA5 75474,64103,75474
ZCTA5 75475,-666666666,75475
ZCTA5 75476,57697,75476
ZCTA5 75477,90469,75477
ZCTA5 75478,57917,75478
ZCTA5 75479,74803,75479
ZCTA5 75480,73920,75480
ZCTA5 75481,73250,75481
ZCTA5 75482,69970,75482
ZCTA5 75486,92460,75486
ZCTA5 75487,31912,75487
ZCTA5 75488,54700,75488
ZCTA5 75489,88676,75489
ZCTA5 75490,92500,75490
ZCTA5 75491,79386,75491
ZCTA5 75492,125917,75492
ZCTA5 75493,50893,75493
ZCTA5 75494,59539,75494
ZCTA5 75495,111563,75495
ZCTA5 75496,64808,75496
ZCTA5 75497,56205,75497
ZCTA5 75501,45995,75501
ZCTA5 75503,72159,75503
ZCTA5 75550,61875,75550
ZCTA5 75551,64248,75551
ZCTA5 75554,46750,75554
ZCTA5 75555,58750,75555
ZCTA5 75556,93750,75556
ZCTA5 75558,93125,75558
ZCTA5 75559,58313,75559
ZCTA5 75560,83667,75560
ZCTA5 75561,60047,75561
ZCTA5 75562,-666666666,75562
ZCTA5 75563,52565,75563
ZCTA5 75564,-666666666,75564
ZCTA5 75565,19539,75565
ZCTA5 75566,39219,75566
ZCTA5 75567,69350,75567
ZCTA5 75568,48417,75568
ZCTA5 75569,55884,75569
ZCTA5 75570,67622,75570
ZCTA5 75571,56151,75571
ZCTA5 75572,45625,75572
ZCTA5 75573,90349,75573
ZCTA5 75574,75824,75574
ZCTA5 75601,65700,75601
ZCTA5 75602,52330,75602
ZCTA5 75603,65212,75603
ZCTA5 75604,67942,75604
ZCTA5 75605,73190,75605
ZCTA5 75630,49677,75630
ZCTA5 75631,83750,75631
ZCTA5 75633,66102,75633
ZCTA5 75638,66579,75638
ZCTA5 75639,49344,75639
ZCTA5 75640,80967,75640
ZCTA5 75641,-666666666,75641
ZCTA5 75642,-666666666,75642
ZCTA5 75643,59342,75643
ZCTA5 75644,57633,75644
ZCTA5 75645,57438,75645
ZCTA5 75647,65809,75647
ZCTA5 75650,97596,75650
ZCTA5 75651,43514,75651
ZCTA5 75652,69250,75652
ZCTA5 75654,69848,75654
ZCTA5 75656,41727,75656
ZCTA5 75657,49466,75657
ZCTA5 75658,-666666666,75658
ZCTA5 75659,-666666666,75659
ZCTA5 75661,41929,75661
ZCTA5 75662,70096,75662
ZCTA5 75667,61065,75667
ZCTA5 75668,41495,75668
ZCTA5 75669,88190,75669
ZCTA5 75670,42386,75670
ZCTA5 75671,-666666666,75671
ZCTA5 75672,70610,75672
ZCTA5 75680,-666666666,75680
ZCTA5 75681,48079,75681
ZCTA5 75682,71477,75682
ZCTA5 75683,65240,75683
ZCTA5 75684,57273,75684
ZCTA5 75686,59991,75686
ZCTA5 75687,-666666666,75687
ZCTA5 75689,51167,75689
ZCTA5 75691,89353,75691
ZCTA5 75692,63904,75692
ZCTA5 75693,102146,75693
ZCTA5 75694,-666666666,75694
ZCTA5 75701,66401,75701
ZCTA5 75702,51564,75702
ZCTA5 75703,79194,75703
ZCTA5 75704,55855,75704
ZCTA5 75705,81346,75705
ZCTA5 75706,61687,75706
ZCTA5 75707,84954,75707
ZCTA5 75708,85441,75708
ZCTA5 75709,75625,75709
ZCTA5 75711,-666666666,75711
ZCTA5 75750,50948,75750
ZCTA5 75751,70620,75751
ZCTA5 75752,70223,75752
ZCTA5 75754,69815,75754
ZCTA5 75755,73402,75755
ZCTA5 75756,81619,75756
ZCTA5 75757,91165,75757
ZCTA5 75758,57859,75758
ZCTA5 75759,250001,75759
ZCTA5 75760,63182,75760
ZCTA5 75762,90057,75762
ZCTA5 75763,69756,75763
ZCTA5 75764,77614,75764
ZCTA5 75765,60317,75765
ZCTA5 75766,51394,75766
ZCTA5 75770,83542,75770
ZCTA5 75771,93462,75771
ZCTA5 75773,58138,75773
ZCTA5 75778,57589,75778
ZCTA5 75779,-666666666,75779
ZCTA5 75780,-666666666,75780
ZCTA5 75782,60000,75782
ZCTA5 75783,59407,75783
ZCTA5 75784,64545,75784
ZCTA5 75785,65000,75785
ZCTA5 75788,-666666666,75788
ZCTA5 75789,83131,75789
ZCTA5 75790,65039,75790
ZCTA5 75791,92107,75791
ZCTA5 75792,54293,75792
ZCTA5 75801,56787,75801
ZCTA5 75803,61794,75803
ZCTA5 75831,51935,75831
ZCTA5 75833,69338,75833
ZCTA5 75835,53611,75835
ZCTA5 75838,27813,75838
ZCTA5 75839,67404,75839
ZCTA5 75840,58224,75840
ZCTA5 75844,60376,75844
ZCTA5 75845,48333,75845
ZCTA5 75846,64250,75846
ZCTA5 75847,42188,75847
ZCTA5 75848,83750,75848
ZCTA5 75849,48750,75849
ZCTA5 75850,130742,75850
ZCTA5 75851,85982,75851
ZCTA5 75852,72847,75852
ZCTA5 75853,71500,75853
ZCTA5 75855,45962,75855
ZCTA5 75856,-666666666,75856
ZCTA5 75858,-666666666,75858
ZCTA5 75859,75139,75859
ZCTA5 75860,59950,75860
ZCTA5 75861,54224,75861
ZCTA5 75862,52017,75862
ZCTA5 75865,-666666666,75865
ZCTA5 75884,-666666666,75884
ZCTA5 75886,-666666666,75886
ZCTA5 75901,62966,75901
ZCTA5 75903,30000,75903
ZCTA5 75904,60205,75904
ZCTA5 75925,60811,75925
ZCTA5 75926,65833,75926
ZCTA5 75928,31037,75928
ZCTA5 75929,69554,75929
ZCTA5 75930,74240,75930
ZCTA5 75931,79514,75931
ZCTA5 75932,61161,75932
ZCTA5 75933,25996,75933
ZCTA5 75934,-666666666,75934
ZCTA5 75935,49239,75935
ZCTA5 75936,70938,75936
ZCTA5 75937,80441,75937
ZCTA5 75938,55379,75938
ZCTA5 75939,46014,75939
ZCTA5 75941,59593,75941
ZCTA5 75942,-666666666,75942
ZCTA5 75943,61302,75943
ZCTA5 75944,39338,75944
ZCTA5 75946,58177,75946
ZCTA5 75948,62028,75948
ZCTA5 75949,63047,75949
ZCTA5 75951,53147,75951
ZCTA5 75954,56600,75954
ZCTA5 75956,62196,75956
ZCTA5 75959,68236,75959
ZCTA5 75960,64300,75960
ZCTA5 75961,41495,75961
ZCTA5 75962,-666666666,75962
ZCTA5 75964,56762,75964
ZCTA5 75965,55291,75965
ZCTA5 75966,40087,75966
ZCTA5 75968,53355,75968
ZCTA5 75969,84063,75969
ZCTA5 75972,44196,75972
ZCTA5 75973,67023,75973
ZCTA5 75974,47292,75974
ZCTA5 75975,44297,75975
ZCTA5 75976,62857,75976
ZCTA5 75977,25625,75977
ZCTA5 75979,51594,75979
ZCTA5 75980,45439,75980
ZCTA5 76001,105311,76001
ZCTA5 76002,100667,76002
ZCTA5 76005,168806,76005
ZCTA5 76006,59139,76006
ZCTA5 76008,168314,76008
ZCTA5 76009,79755,76009
ZCTA5 76010,45466,76010
ZCTA5 76011,54038,76011
ZCTA5 76012,88141,76012
ZCTA5 76013,70471,76013
ZCTA5 76014,60333,76014
ZCTA5 76015,73709,76015
ZCTA5 76016,108885,76016
ZCTA5 76017,90083,76017
ZCTA5 76018,88288,76018
ZCTA5 76020,87298,76020
ZCTA5 76021,87097,76021
ZCTA5 76022,72560,76022
ZCTA5 76023,77277,76023
ZCTA5 76028,101138,76028
ZCTA5 76031,69155,76031
ZCTA5 76033,76292,76033
ZCTA5 76034,217914,76034
ZCTA5 76035,118333,76035
ZCTA5 76036,97973,76036
ZCTA5 76039,83140,76039
ZCTA5 76040,72661,76040
ZCTA5 76041,131250,76041
ZCTA5 76043,78306,76043
ZCTA5 76044,122715,76044
ZCTA5 76048,70346,76048
ZCTA5 76049,104967,76049
ZCTA5 76050,85194,76050
ZCTA5 76051,111160,76051
ZCTA5 76052,143555,76052
ZCTA5 76053,64141,76053
ZCTA5 76054,109881,76054
ZCTA5 76055,80025,76055
ZCTA5 76058,71328,76058
ZCTA5 76059,51401,76059
ZCTA5 76060,119156,76060
ZCTA5 76061,-666666666,76061
ZCTA5 76063,118946,76063
ZCTA5 76064,73125,76064
ZCTA5 76065,127756,76065
ZCTA5 76066,112733,76066
ZCTA5 76067,62190,76067
ZCTA5 76070,140420,76070
ZCTA5 76071,101989,76071
ZCTA5 76073,101563,76073
ZCTA5 76077,118705,76077
ZCTA5 76078,99866,76078
ZCTA5 76082,92485,76082
ZCTA5 76084,102115,76084
ZCTA5 76085,104531,76085
ZCTA5 76086,60578,76086
ZCTA5 76087,114306,76087
ZCTA5 76088,104038,76088
ZCTA5 76092,250001,76092
ZCTA5 76093,57200,76093
ZCTA5 76102,75859,76102
ZCTA5 76103,60172,76103
ZCTA5 76104,61658,76104
ZCTA5 76105,45770,76105
ZCTA5 76106,55431,76106
ZCTA5 76107,79990,76107
ZCTA5 76108,80412,76108
ZCTA5 76109,100507,76109
ZCTA5 76110,69790,76110
ZCTA5 76111,60194,76111
ZCTA5 76112,57724,76112
ZCTA5 76114,62073,76114
ZCTA5 76115,52411,76115
ZCTA5 76116,56187,76116
ZCTA5 76117,51670,76117
ZCTA5 76118,94530,76118
ZCTA5 76119,51267,76119
ZCTA5 76120,80922,76120
ZCTA5 76123,102768,76123
ZCTA5 76126,113905,76126
ZCTA5 76127,-666666666,76127
ZCTA5 76129,-666666666,76129
ZCTA5 76131,108694,76131
ZCTA5 76132,63924,76132
ZCTA5 76133,75523,76133
ZCTA5 76134,70945,76134
ZCTA5 76135,74621,76135
ZCTA5 76137,90718,76137
ZCTA5 76140,75955,76140
ZCTA5 76148,89840,76148
ZCTA5 76155,73229,76155
ZCTA5 76164,52882,76164
ZCTA5 76177,104189,76177
ZCTA5 76179,107428,76179
ZCTA5 76180,81503,76180
ZCTA5 76182,120558,76182
ZCTA5 76201,39982,76201
ZCTA5 76203,-666666666,76203
ZCTA5 76205,68600,76205
ZCTA5 76207,85330,76207
ZCTA5 76208,88967,76208
ZCTA5 76209,75069,76209
ZCTA5 76210,113980,76210
ZCTA5 76225,84336,76225
ZCTA5 76226,180982,76226
ZCTA5 76227,111402,76227
ZCTA5 76228,69250,76228
ZCTA5 76230,66641,76230
ZCTA5 76233,67516,76233
ZCTA5 76234,93727,76234
ZCTA5 76238,96667,76238
ZCTA5 76239,76250,76239
ZCTA5 76240,71502,76240
ZCTA5 76241,-666666666,76241
ZCTA5 76244,122217,76244
ZCTA5 76245,92212,76245
ZCTA5 76247,124383,76247
ZCTA5 76248,171804,76248
ZCTA5 76249,120169,76249
ZCTA5 76250,90625,76250
ZCTA5 76251,62375,76251
ZCTA5 76252,94444,76252
ZCTA5 76253,69952,76253
ZCTA5 76255,55841,76255
ZCTA5 76258,103532,76258
ZCTA5 76259,101845,76259
ZCTA5 76261,61250,76261
ZCTA5 76262,151250,76262
ZCTA5 76263,178182,76263
ZCTA5 76264,77955,76264
ZCTA5 76265,76036,76265
ZCTA5 76266,99425,76266
ZCTA5 76267,-666666666,76267
ZCTA5 76268,-666666666,76268
ZCTA5 76270,73553,76270
ZCTA5 76271,78125,76271
ZCTA5 76272,81174,76272
ZCTA5 76273,82021,76273
ZCTA5 76301,41947,76301
ZCTA5 76302,59590,76302
ZCTA5 76305,78071,76305
ZCTA5 76306,46957,76306
ZCTA5 76308,74772,76308
ZCTA5 76309,54159,76309
ZCTA5 76310,82183,76310
ZCTA5 76311,77404,76311
ZCTA5 76351,46484,76351
ZCTA5 76354,68721,76354
ZCTA5 76357,74318,76357
ZCTA5 76360,69143,76360
ZCTA5 76363,52778,76363
ZCTA5 76364,117928,76364
ZCTA5 76365,78484,76365
ZCTA5 76366,56034,76366
ZCTA5 76367,76310,76367
ZCTA5 76370,86750,76370
ZCTA5 76371,61335,76371
ZCTA5 76372,69167,76372
ZCTA5 76373,60417,76373
ZCTA5 76374,43939,76374
ZCTA5 76377,65667,76377
ZCTA5 76379,70313,76379
ZCTA5 76380,45880,76380
ZCTA5 76384,53564,76384
ZCTA5 76388,64236,76388
ZCTA5 76389,98750,76389
ZCTA5 76401,61210,76401
ZCTA5 76402,-666666666,76402
ZCTA5 76424,56082,76424
ZCTA5 76426,92130,76426
ZCTA5 76427,75191,76427
ZCTA5 76429,-666666666,76429
ZCTA5 76430,77102,76430
ZCTA5 76431,86875,76431
ZCTA5 76432,69688,76432
ZCTA5 76433,117702,76433
ZCTA5 76435,76667,76435
ZCTA5 76436,51397,76436
ZCTA5 76437,60923,76437
ZCTA5 76439,-666666666,76439
ZCTA5 76442,59853,76442
ZCTA5 76443,49915,76443
ZCTA5 76444,68147,76444
ZCTA5 76445,72857,76445
ZCTA5 76446,57583,76446
ZCTA5 76448,57122,76448
ZCTA5 76449,72813,76449
ZCTA5 76450,75258,76450
ZCTA5 76452,141528,76452
ZCTA5 76453,99293,76453
ZCTA5 76454,36354,76454
ZCTA5 76455,56346,76455
ZCTA5 76457,72238,76457
ZCTA5 76458,64297,76458
ZCTA5 76459,33438,76459
ZCTA5 76460,76964,76460
ZCTA5 76462,99160,76462
ZCTA5 76463,58750,76463
ZCTA5 76464,64038,76464
ZCTA5 76466,-666666666,76466
ZCTA5 76469,-666666666,76469
ZCTA5 76470,39434,76470
ZCTA5 76471,54773,76471
ZCTA5 76472,103482,76472
ZCTA5 76474,-666666666,76474
ZCTA5 76475,58333,76475
ZCTA5 76476,81364,76476
ZCTA5 76481,82244,76481
ZCTA5 76483,53214,76483
ZCTA5 76484,95476,76484
ZCTA5 76486,69808,76486
ZCTA5 76487,77361,76487
ZCTA5 76490,-666666666,76490
ZCTA5 76491,77917,76491
ZCTA5 76501,62532,76501
ZCTA5 76502,82088,76502
ZCTA5 76504,52803,76504
ZCTA5 76511,69286,76511
ZCTA5 76513,80661,76513
ZCTA5 76518,59333,76518
ZCTA5 76519,90682,76519
ZCTA5 76520,64800,76520
ZCTA5 76522,72206,76522
ZCTA5 76523,80066,76523
ZCTA5 76524,69286,76524
ZCTA5 76525,80208,76525
ZCTA5 76527,81574,76527
ZCTA5 76528,70558,76528
ZCTA5 76530,106250,76530
ZCTA5 76531,49100,76531
ZCTA5 76534,80536,76534
ZCTA5 76537,98199,76537
ZCTA5 76538,63750,76538
ZCTA5 76539,100625,76539
ZCTA5 76541,37349,76541
ZCTA5 76542,74055,76542
ZCTA5 76543,48564,76543
ZCTA5 76544,62846,76544
ZCTA5 76548,80520,76548
ZCTA5 76549,70871,76549
ZCTA5 76550,78578,76550
ZCTA5 76554,75500,76554
ZCTA5 76556,52328,76556
ZCTA5 76557,86056,76557
ZCTA5 76559,76286,76559
ZCTA5 76561,60357,76561
ZCTA5 76565,-666666666,76565
ZCTA5 76566,115417,76566
ZCTA5 76567,69983,76567
ZCTA5 76569,65491,76569
ZCTA5 76570,40000,76570
ZCTA5 76571,111863,76571
ZCTA5 76573,-666666666,76573
ZCTA5 76574,78568,76574
ZCTA5 76577,64107,76577
ZCTA5 76578,105063,76578
ZCTA5 76579,85480,76579
ZCTA5 76596,-666666666,76596
ZCTA5 76597,-666666666,76597
ZCTA5 76598,-666666666,76598
ZCTA5 76599,-666666666,76599
ZCTA5 76621,81932,76621
ZCTA5 76622,74167,76622
ZCTA5 76623,-666666666,76623
ZCTA5 76624,79625,76624
ZCTA5 76626,102500,76626
ZCTA5 76627,70375,76627
ZCTA5 76628,97083,76628
ZCTA5 76629,72262,76629
ZCTA5 76630,83950,76630
ZCTA5 76631,97083,76631
ZCTA5 76632,76193,76632
ZCTA5 76633,106755,76633
ZCTA5 76634,74694,76634
ZCTA5 76635,62031,76635
ZCTA5 76636,69018,76636
ZCTA5 76637,79375,76637
ZCTA5 76638,129917,76638
ZCTA5 76639,48514,76639
ZCTA5 76640,66641,76640
ZCTA5 76641,81094,76641
ZCTA5 76642,62243,76642
ZCTA5 76643,83511,76643
ZCTA5 76645,63737,76645
ZCTA5 76648,54669,76648
ZCTA5 76649,81771,76649
ZCTA5 76650,61458,76650
ZCTA5 76651,67500,76651
ZCTA5 76652,73545,76652
ZCTA5 76653,48500,76653
ZCTA5 76654,69583,76654
ZCTA5 76655,99917,76655
ZCTA5 76656,70703,76656
ZCTA5 76657,97634,76657
ZCTA5 76660,49375,76660
ZCTA5 76661,41056,76661
ZCTA5 76664,74618,76664
ZCTA5 76665,62857,76665
ZCTA5 76666,-666666666,76666
ZCTA5 76667,52541,76667
ZCTA5 76670,60104,76670
ZCTA5 76671,53715,76671
ZCTA5 76673,63750,76673
ZCTA5 76676,70625,76676
ZCTA5 76678,61944,76678
ZCTA5 76679,75878,76679
ZCTA5 76680,-666666666,76680
ZCTA5 76681,72530,76681
ZCTA5 76682,84148,76682
ZCTA5 76685,-666666666,76685
ZCTA5 76686,75469,76686
ZCTA5 76687,73323,76687
ZCTA5 76689,77863,76689
ZCTA5 76690,42448,76690
ZCTA5 76691,85694,76691
ZCTA5 76692,55149,76692
ZCTA5 76693,55645,76693
ZCTA5 76701,30313,76701
ZCTA5 76704,30349,76704
ZCTA5 76705,58236,76705
ZCTA5 76706,41656,76706
ZCTA5 76707,40443,76707
ZCTA5 76708,68856,76708
ZCTA5 76710,58186,76710
ZCTA5 76711,53185,76711
ZCTA5 76712,97903,76712
ZCTA5 76798,-666666666,76798
ZCTA5 76801,54231,76801
ZCTA5 76802,70714,76802
ZCTA5 76820,-666666666,76820
ZCTA5 76821,63380,76821
ZCTA5 76823,55156,76823
ZCTA5 76824,-666666666,76824
ZCTA5 76825,53665,76825
ZCTA5 76827,-666666666,76827
ZCTA5 76828,49141,76828
ZCTA5 76831,-666666666,76831
ZCTA5 76832,45536,76832
ZCTA5 76834,46120,76834
ZCTA5 76836,-666666666,76836
ZCTA5 76837,66528,76837
ZCTA5 76841,108563,76841
ZCTA5 76842,-666666666,76842
ZCTA5 76844,68032,76844
ZCTA5 76845,76042,76845
ZCTA5 76848,-666666666,76848
ZCTA5 76849,62977,76849
ZCTA5 76852,70865,76852
ZCTA5 76853,71500,76853
ZCTA5 76854,120531,76854
ZCTA5 76856,74677,76856
ZCTA5 76857,51152,76857
ZCTA5 76858,71875,76858
ZCTA5 76859,47443,76859
ZCTA5 76861,85714,76861
ZCTA5 76862,80208,76862
ZCTA5 76864,55598,76864
ZCTA5 76865,57155,76865
ZCTA5 76866,56429,76866
ZCTA5 76869,-666666666,76869
ZCTA5 76870,66875,76870
ZCTA5 76871,52500,76871
ZCTA5 76872,58750,76872
ZCTA5 76873,145469,76873
ZCTA5 76874,-666666666,76874
ZCTA5 76875,61875,76875
ZCTA5 76877,53500,76877
ZCTA5 76878,46111,76878
ZCTA5 76880,-666666666,76880
ZCTA5 76882,61750,76882
ZCTA5 76884,91827,76884
ZCTA5 76885,-666666666,76885
ZCTA5 76887,155192,76887
ZCTA5 76888,60893,76888
ZCTA5 76890,62411,76890
ZCTA5 76901,69450,76901
ZCTA5 76902,-666666666,76902
ZCTA5 76903,49498,76903
ZCTA5 76904,81833,76904
ZCTA5 76905,84712,76905
ZCTA5 76908,-666666666,76908
ZCTA5 76909,-666666666,76909
ZCTA5 76930,58472,76930
ZCTA5 76932,57813,76932
ZCTA5 76933,55104,76933
ZCTA5 76934,52125,76934
ZCTA5 76935,76250,76935
ZCTA5 76936,86411,76936
ZCTA5 76937,110871,76937
ZCTA5 76939,-666666666,76939
ZCTA5 76940,-666666666,76940
ZCTA5 76941,78359,76941
ZCTA5 76943,81664,76943
ZCTA5 76945,36731,76945
ZCTA5 76950,78844,76950
ZCTA5 76951,64954,76951
ZCTA5 76953,102656,76953
ZCTA5 76955,-666666666,76955
ZCTA5 76957,-666666666,76957
ZCTA5 76958,-666666666,76958
ZCTA5 77002,86394,77002
ZCTA5 77003,83980,77003
ZCTA5 77004,71199,77004
ZCTA5 77005,229267,77005
ZCTA5 77006,106533,77006
ZCTA5 77007,144911,77007
ZCTA5 77008,143229,77008
ZCTA5 77009,83148,77009
ZCTA5 77010,189315,77010
ZCTA5 77011,50133,77011
ZCTA5 77012,45025,77012
ZCTA5 77013,47060,77013
ZCTA5 77014,55589,77014
ZCTA5 77015,57753,77015
ZCTA5 77016,47677,77016
ZCTA5 77017,51079,77017
ZCTA5 77018,127017,77018
ZCTA5 77019,116423,77019
ZCTA5 77020,50119,77020
ZCTA5 77021,45574,77021
ZCTA5 77022,52739,77022
ZCTA5 77023,51430,77023
ZCTA5 77024,136149,77024
ZCTA5 77025,81008,77025
ZCTA5 77026,39211,77026
ZCTA5 77027,103812,77027
ZCTA5 77028,38357,77028
ZCTA5 77029,48279,77029
ZCTA5 77030,77336,77030
ZCTA5 77031,47162,77031
ZCTA5 77032,43725,77032
ZCTA5 77033,38071,77033
ZCTA5 77034,58217,77034
ZCTA5 77035,58686,77035
ZCTA5 77036,45716,77036
ZCTA5 77037,58750,77037
ZCTA5 77038,57232,77038
ZCTA5 77039,47119,77039
ZCTA5 77040,65028,77040
ZCTA5 77041,77083,77041
ZCTA5 77042,59097,77042
ZCTA5 77043,79359,77043
ZCTA5 77044,95000,77044
ZCTA5 77045,59688,77045
ZCTA5 77046,131932,77046
ZCTA5 77047,78538,77047
ZCTA5 77048,56747,77048
ZCTA5 77049,62971,77049
ZCTA5 77050,37009,77050
ZCTA5 77051,37415,77051
ZCTA5 77053,66510,77053
ZCTA5 77054,62106,77054
ZCTA5 77055,74369,77055
ZCTA5 77056,93499,77056
ZCTA5 77057,66971,77057
ZCTA5 77058,68722,77058
ZCTA5 77059,161944,77059
ZCTA5 77060,40435,77060
ZCTA5 77061,45115,77061
ZCTA5 77062,103889,77062
ZCTA5 77063,59113,77063
ZCTA5 77064,81658,77064
ZCTA5 77065,74605,77065
ZCTA5 77066,87138,77066
ZCTA5 77067,52032,77067
ZCTA5 77068,86028,77068
ZCTA5 77069,80257,77069
ZCTA5 77070,77397,77070
ZCTA5 77071,54139,77071
ZCTA5 77072,51070,77072
ZCTA5 77073,78592,77073
ZCTA5 77074,47810,77074
ZCTA5 77075,69191,77075
ZCTA5 77076,42522,77076
ZCTA5 77077,72871,77077
ZCTA5 77078,39093,77078
ZCTA5 77079,101995,77079
ZCTA5 77080,62134,77080
ZCTA5 77081,43251,77081
ZCTA5 77082,62455,77082
ZCTA5 77083,64418,77083
ZCTA5 77084,80575,77084
ZCTA5 77085,68470,77085
ZCTA5 77086,58200,77086
ZCTA5 77087,52847,77087
ZCTA5 77088,54411,77088
ZCTA5 77089,88140,77089
ZCTA5 77090,50903,77090
ZCTA5 77091,35432,77091
ZCTA5 77092,58728,77092
ZCTA5 77093,46766,77093
ZCTA5 77094,139932,77094
ZCTA5 77095,91594,77095
ZCTA5 77096,82852,77096
ZCTA5 77098,116650,77098
ZCTA5 77099,49396,77099
ZCTA5 77204,-666666666,77204
ZCTA5 77301,66475,77301
ZCTA5 77302,84673,77302
ZCTA5 77303,75348,77303
ZCTA5 77304,80425,77304
ZCTA5 77306,76257,77306
ZCTA5 77316,124055,77316
ZCTA5 77318,92415,77318
ZCTA5 77320,55663,77320
ZCTA5 77326,-666666666,77326
ZCTA5 77327,62219,77327
ZCTA5 77328,62428,77328
ZCTA5 77331,62321,77331
ZCTA5 77334,-666666666,77334
ZCTA5 77335,53300,77335
ZCTA5 77336,96404,77336
ZCTA5 77338,64755,77338
ZCTA5 77339,84102,77339
ZCTA5 77340,48538,77340
ZCTA5 77341,-666666666,77341
ZCTA5 77342,-666666666,77342
ZCTA5 77345,150742,77345
ZCTA5 77346,122241,77346
ZCTA5 77350,-666666666,77350
ZCTA5 77351,66834,77351
ZCTA5 77354,112504,77354
ZCTA5 77355,102066,77355
ZCTA5 77356,106804,77356
ZCTA5 77357,76050,77357
ZCTA5 77358,60424,77358
ZCTA5 77359,55625,77359
ZCTA5 77360,60402,77360
ZCTA5 77362,86852,77362
ZCTA5 77363,75278,77363
ZCTA5 77364,62750,77364
ZCTA5 77365,95702,77365
ZCTA5 77367,-666666666,77367
ZCTA5 77368,-666666666,77368
ZCTA5 77369,45909,77369
ZCTA5 77371,83594,77371
ZCTA5 77372,79085,77372
ZCTA5 77373,88617,77373
ZCTA5 77374,-666666666,77374
ZCTA5 77375,102488,77375
ZCTA5 77376,-666666666,77376
ZCTA5 77377,129327,77377
ZCTA5 77378,71143,77378
ZCTA5 77379,107486,77379
ZCTA5 77380,88562,77380
ZCTA5 77381,143565,77381
ZCTA5 77382,162384,77382
ZCTA5 77384,91667,77384
ZCTA5 77385,117118,77385
ZCTA5 77386,132469,77386
ZCTA5 77388,102323,77388
ZCTA5 77389,140683,77389
ZCTA5 77396,78169,77396
ZCTA5 77401,243750,77401
ZCTA5 77406,141869,77406
ZCTA5 77407,98913,77407
ZCTA5 77412,-666666666,77412
ZCTA5 77414,59128,77414
ZCTA5 77415,71310,77415
ZCTA5 77417,75405,77417
ZCTA5 77418,90611,77418
ZCTA5 77419,51641,77419
ZCTA5 77420,67697,77420
ZCTA5 77422,76829,77422
ZCTA5 77423,84490,77423
ZCTA5 77426,80446,77426
ZCTA5 77428,-666666666,77428
ZCTA5 77429,119191,77429
ZCTA5 77430,85364,77430
ZCTA5 77431,16391,77431
ZCTA5 77432,-666666666,77432
ZCTA5 77433,143934,77433
ZCTA5 77434,71705,77434
ZCTA5 77435,68778,77435
ZCTA5 77436,-666666666,77436
ZCTA5 77437,72200,77437
ZCTA5 77440,-666666666,77440
ZCTA5 77441,184390,77441
ZCTA5 77442,70859,77442
ZCTA5 77443,-666666666,77443
ZCTA5 77444,-666666666,77444
ZCTA5 77445,65909,77445
ZCTA5 77446,20766,77446
ZCTA5 77447,116925,77447
ZCTA5 77448,-666666666,77448
ZCTA5 77449,87808,77449
ZCTA5 77450,106402,77450
ZCTA5 77451,31125,77451
ZCTA5 77453,-666666666,77453
ZCTA5 77454,-666666666,77454
ZCTA5 77455,77625,77455
ZCTA5 77456,65284,77456
ZCTA5 77457,-666666666,77457
ZCTA5 77458,-666666666,77458
ZCTA5 77459,129151,77459
ZCTA5 77460,-666666666,77460
ZCTA5 77461,93446,77461
ZCTA5 77464,64375,77464
ZCTA5 77465,64666,77465
ZCTA5 77466,46750,77466
ZCTA5 77467,-666666666,77467
ZCTA5 77468,-666666666,77468
ZCTA5 77469,102125,77469
ZCTA5 77470,43149,77470
ZCTA5 77471,73186,77471
ZCTA5 77473,-666666666,77473
ZCTA5 77474,75272,77474
ZCTA5 77475,63308,77475
ZCTA5 77476,-666666666,77476
ZCTA5 77477,75744,77477
ZCTA5 77478,118495,77478
ZCTA5 77479,156735,77479
ZCTA5 77480,73022,77480
ZCTA5 77481,57857,77481
ZCTA5 77482,58103,77482
ZCTA5 77483,31761,77483
ZCTA5 77484,81250,77484
ZCTA5 77485,51742,77485
ZCTA5 77486,74857,77486
ZCTA5 77488,60327,77488
ZCTA5 77489,74689,77489
ZCTA5 77493,118464,77493
ZCTA5 77494,148720,77494
ZCTA5 77498,100950,77498
ZCTA5 77502,62500,77502
ZCTA5 77503,66797,77503
ZCTA5 77504,51478,77504
ZCTA5 77505,98125,77505
ZCTA5 77506,49586,77506
ZCTA5 77507,77371,77507
ZCTA5 77510,102651,77510
ZCTA5 77511,74939,77511
ZCTA5 77514,85139,77514
ZCTA5 77515,88787,77515
ZCTA5 77517,88567,77517
ZCTA5 77518,51458,77518
ZCTA5 77519,82412,77519
ZCTA5 77520,54278,77520
ZCTA5 77521,73629,77521
ZCTA5 77523,124188,77523
ZCTA5 77530,62195,77530
ZCTA5 77531,73240,77531
ZCTA5 77532,92201,77532
ZCTA5 77533,65557,77533
ZCTA5 77534,105741,77534
ZCTA5 77535,84497,77535
ZCTA5 77536,102045,77536
ZCTA5 77538,78482,77538
ZCTA5 77539,89111,77539
ZCTA5 77541,66507,77541
ZCTA5 77545,94474,77545
ZCTA5 77546,123756,77546
ZCTA5 77547,50991,77547
ZCTA5 77550,45047,77550
ZCTA5 77551,58344,77551
ZCTA5 77554,86490,77554
ZCTA5 77555,-666666666,77555
ZCTA5 77560,75938,77560
ZCTA5 77561,-666666666,77561
ZCTA5 77562,57364,77562
ZCTA5 77563,75806,77563
ZCTA5 77564,56275,77564
ZCTA5 77565,95268,77565
ZCTA5 77566,92586,77566
ZCTA5 77568,74694,77568
ZCTA5 77571,81850,77571
ZCTA5 77573,122722,77573
ZCTA5 77575,57056,77575
ZCTA5 77577,70938,77577
ZCTA5 77578,134016,77578
ZCTA5 77580,-666666666,77580
ZCTA5 77581,111139,77581
ZCTA5 77582,-666666666,77582
ZCTA5 77583,119287,77583
ZCTA5 77584,121872,77584
ZCTA5 77585,-666666666,77585
ZCTA5 77586,114057,77586
ZCTA5 77587,53497,77587
ZCTA5 77590,65801,77590
ZCTA5 77591,68593,77591
ZCTA5 77597,-666666666,77597
ZCTA5 77598,60977,77598
ZCTA5 77611,92004,77611
ZCTA5 77612,64415,77612
ZCTA5 77613,72667,77613
ZCTA5 77614,-666666666,77614
ZCTA5 77615,48393,77615
ZCTA5 77616,71833,77616
ZCTA5 77617,75703,77617
ZCTA5 77619,73710,77619
ZCTA5 77622,100556,77622
ZCTA5 77623,88375,77623
ZCTA5 77624,96058,77624
ZCTA5 77625,70517,77625
ZCTA5 77627,78001,77627
ZCTA5 77629,62692,77629
ZCTA5 77630,64373,77630
ZCTA5 77632,74418,77632
ZCTA5 77640,50973,77640
ZCTA5 77642,42950,77642
ZCTA5 77650,61745,77650
ZCTA5 77651,81637,77651
ZCTA5 77655,73750,77655
ZCTA5 77656,62303,77656
ZCTA5 77657,95718,77657
ZCTA5 77659,110590,77659
ZCTA5 77660,61500,77660
ZCTA5 77661,-666666666,77661
ZCTA5 77662,72243,77662
ZCTA5 77663,64366,77663
ZCTA5 77664,48904,77664
ZCTA5 77665,78590,77665
ZCTA5 77701,49181,77701
ZCTA5 77702,62125,77702
ZCTA5 77703,31803,77703
ZCTA5 77705,54633,77705
ZCTA5 77706,73185,77706
ZCTA5 77707,69756,77707
ZCTA5 77708,56586,77708
ZCTA5 77713,91330,77713
ZCTA5 77801,39846,77801
ZCTA5 77802,70666,77802
ZCTA5 77803,52274,77803
ZCTA5 77807,74375,77807
ZCTA5 77808,113343,77808
ZCTA5 77830,102557,77830
ZCTA5 77831,58229,77831
ZCTA5 77833,73388,77833
ZCTA5 77835,109917,77835
ZCTA5 77836,75625,77836
ZCTA5 77837,57917,77837
ZCTA5 77840,30377,77840
ZCTA5 77843,-666666666,77843
ZCTA5 77845,88851,77845
ZCTA5 77852,-666666666,77852
ZCTA5 77853,60069,77853
ZCTA5 77855,-666666666,77855
ZCTA5 77856,94785,77856
ZCTA5 77857,63000,77857
ZCTA5 77859,52639,77859
ZCTA5 77861,67275,77861
ZCTA5 77863,-666666666,77863
ZCTA5 77864,73247,77864
ZCTA5 77865,67114,77865
ZCTA5 77866,-666666666,77866
ZCTA5 77867,35781,77867
ZCTA5 77868,67890,77868
ZCTA5 77871,67877,77871
ZCTA5 77872,87188,77872
ZCTA5 77873,80938,77873
ZCTA5 77875,-666666666,77875
ZCTA5 77876,-666666666,77876
ZCTA5 77878,60417,77878
ZCTA5 77879,65490,77879
ZCTA5 77880,90856,77880
ZCTA5 77882,-666666666,77882
ZCTA5 77901,57923,77901
ZCTA5 77904,83130,77904
ZCTA5 77905,88585,77905
ZCTA5 77950,35417,77950
ZCTA5 77951,49531,77951
ZCTA5 77954,66195,77954
ZCTA5 77957,62926,77957
ZCTA5 77960,-666666666,77960
ZCTA5 77961,-666666666,77961
ZCTA5 77962,82940,77962
ZCTA5 77963,56804,77963
ZCTA5 77964,68056,77964
ZCTA5 77968,76083,77968
ZCTA5 77969,64792,77969
ZCTA5 77970,-666666666,77970
ZCTA5 77971,60337,77971
ZCTA5 77973,-666666666,77973
ZCTA5 77974,54250,77974
ZCTA5 77975,59786,77975
ZCTA5 77976,-666666666,77976
ZCTA5 77977,-666666666,77977
ZCTA5 77978,142500,77978
ZCTA5 77979,77039,77979
ZCTA5 77982,95593,77982
ZCTA5 77983,97850,77983
ZCTA5 77984,92656,77984
ZCTA5 77986,-666666666,77986
ZCTA5 77987,83750,77987
ZCTA5 77988,-666666666,77988
ZCTA5 77990,75417,77990
ZCTA5 77991,-666666666,77991
ZCTA5 77993,-666666666,77993
ZCTA5 77994,87589,77994
ZCTA5 77995,54298,77995
ZCTA5 78001,-666666666,78001
ZCTA5 78002,66744,78002
ZCTA5 78003,69457,78003
ZCTA5 78004,165353,78004
ZCTA5 78005,70559,78005
ZCTA5 78006,116156,78006
ZCTA5 78007,38636,78007
ZCTA5 78008,55440,78008
ZCTA5 78009,103125,78009
ZCTA5 78010,86830,78010
ZCTA5 78011,29664,78011
ZCTA5 78012,43571,78012
ZCTA5 78013,82492,78013
ZCTA5 78014,66250,78014
ZCTA5 78015,162487,78015
ZCTA5 78016,60736,78016
ZCTA5 78017,59808,78017
ZCTA5 78019,50992,78019
ZCTA5 78021,-666666666,78021
ZCTA5 78022,55895,78022
ZCTA5 78023,134007,78023
ZCTA5 78024,105381,78024
ZCTA5 78025,70964,78025
ZCTA5 78026,78501,78026
ZCTA5 78027,111119,78027
ZCTA5 78028,66991,78028
ZCTA5 78029,-666666666,78029
ZCTA5 78039,96250,78039
ZCTA5 78040,36092,78040
ZCTA5 78041,61544,78041
ZCTA5 78043,54396,78043
ZCTA5 78044,-666666666,78044
ZCTA5 78045,90608,78045
ZCTA5 78046,55826,78046
ZCTA5 78050,74205,78050
ZCTA5 78052,71429,78052
ZCTA5 78055,85345,78055
ZCTA5 78056,119946,78056
ZCTA5 78057,66134,78057
ZCTA5 78058,93581,78058
ZCTA5 78059,74940,78059
ZCTA5 78061,60247,78061
ZCTA5 78062,-666666666,78062
ZCTA5 78063,83914,78063
ZCTA5 78064,66887,78064
ZCTA5 78065,57200,78065
ZCTA5 78066,87604,78066
ZCTA5 78067,-666666666,78067
ZCTA5 78069,75625,78069
ZCTA5 78070,115175,78070
ZCTA5 78071,60500,78071
ZCTA5 78072,37198,78072
ZCTA5 78073,69635,78073
ZCTA5 78074,-666666666,78074
ZCTA5 78075,52000,78075
ZCTA5 78076,39239,78076
ZCTA5 78101,111280,78101
ZCTA5 78102,58939,78102
ZCTA5 78104,-666666666,78104
ZCTA5 78107,-666666666,78107
ZCTA5 78108,113004,78108
ZCTA5 78109,91320,78109
ZCTA5 78111,-666666666,78111
ZCTA5 78112,54988,78112
ZCTA5 78113,78505,78113
ZCTA5 78114,88087,78114
ZCTA5 78116,88700,78116
ZCTA5 78117,-666666666,78117
ZCTA5 78118,60711,78118
ZCTA5 78119,62738,78119
ZCTA5 78121,120048,78121
ZCTA5 78122,-666666666,78122
ZCTA5 78123,97553,78123
ZCTA5 78124,74192,78124
ZCTA5 78125,34583,78125
ZCTA5 78130,83064,78130
ZCTA5 78132,135315,78132
ZCTA5 78133,83853,78133
ZCTA5 78140,50250,78140
ZCTA5 78141,43553,78141
ZCTA5 78142,-666666666,78142
ZCTA5 78143,-666666666,78143
ZCTA5 78144,-666666666,78144
ZCTA5 78145,46563,78145
ZCTA5 78146,68250,78146
ZCTA5 78147,72404,78147
ZCTA5 78148,74783,78148
ZCTA5 78150,-666666666,78150
ZCTA5 78151,26597,78151
ZCTA5 78152,123981,78152
ZCTA5 78154,100572,78154
ZCTA5 78155,71039,78155
ZCTA5 78159,35083,78159
ZCTA5 78160,64800,78160
ZCTA5 78161,79904,78161
ZCTA5 78162,-666666666,78162
ZCTA5 78163,140594,78163
ZCTA5 78164,67578,78164
ZCTA5 78201,47121,78201
ZCTA5 78202,47478,78202
ZCTA5 78203,35536,78203
ZCTA5 78204,60255,78204
ZCTA5 78205,38964,78205
ZCTA5 78207,32472,78207
ZCTA5 78208,26595,78208
ZCTA5 78209,86514,78209
ZCTA5 78210,55028,78210
ZCTA5 78211,55436,78211
ZCTA5 78212,62801,78212
ZCTA5 78213,55884,78213
ZCTA5 78214,44902,78214
ZCTA5 78215,84437,78215
ZCTA5 78216,59110,78216
ZCTA5 78217,60988,78217
ZCTA5 78218,57285,78218
ZCTA5 78219,52094,78219
ZCTA5 78220,41710,78220
ZCTA5 78221,63811,78221
ZCTA5 78222,66362,78222
ZCTA5 78223,52088,78223
ZCTA5 78224,59891,78224
ZCTA5 78225,46955,78225
ZCTA5 78226,33398,78226
ZCTA5 78227,51519,78227
ZCTA5 78228,52976,78228
ZCTA5 78229,46574,78229
ZCTA5 78230,73529,78230
ZCTA5 78231,109183,78231
ZCTA5 78232,85273,78232
ZCTA5 78233,76421,78233
ZCTA5 78234,100662,78234
ZCTA5 78235,62863,78235
ZCTA5 78236,69219,78236
ZCTA5 78237,42772,78237
ZCTA5 78238,57769,78238
ZCTA5 78239,70098,78239
ZCTA5 78240,63351,78240
ZCTA5 78242,50644,78242
ZCTA5 78243,-666666666,78243
ZCTA5 78244,71128,78244
ZCTA5 78245,90029,78245
ZCTA5 78247,91013,78247
ZCTA5 78248,130552,78248
ZCTA5 78249,80565,78249
ZCTA5 78250,80659,78250
ZCTA5 78251,78958,78251
ZCTA5 78252,85518,78252
ZCTA5 78253,106373,78253
ZCTA5 78254,115526,78254
ZCTA5 78255,157428,78255
ZCTA5 78256,74977,78256
ZCTA5 78257,81301,78257
ZCTA5 78258,117835,78258
ZCTA5 78259,114156,78259
ZCTA5 78260,154590,78260
ZCTA5 78261,147727,78261
ZCTA5 78263,80156,78263
ZCTA5 78264,54409,78264
ZCTA5 78266,146792,78266
ZCTA5 78330,50536,78330
ZCTA5 78332,49887,78332
ZCTA5 78336,58420,78336
ZCTA5 78338,-666666666,78338
ZCTA5 78339,94444,78339
ZCTA5 78340,54000,78340
ZCTA5 78341,45259,78341
ZCTA5 78342,40739,78342
ZCTA5 78343,65467,78343
ZCTA5 78344,73250,78344
ZCTA5 78347,-666666666,78347
ZCTA5 78349,38235,78349
ZCTA5 78351,38925,78351
ZCTA5 78352,-666666666,78352
ZCTA5 78353,-666666666,78353
ZCTA5 78355,48828,78355
ZCTA5 78357,68000,78357
ZCTA5 78358,86250,78358
ZCTA5 78359,45458,78359
ZCTA5 78360,-666666666,78360
ZCTA5 78361,42211,78361
ZCTA5 78362,71058,78362
ZCTA5 78363,60574,78363
ZCTA5 78368,46486,78368
ZCTA5 78369,120417,78369
ZCTA5 78370,69570,78370
ZCTA5 78371,-666666666,78371
ZCTA5 78372,52237,78372
ZCTA5 78373,91106,78373
ZCTA5 78374,83504,78374
ZCTA5 78375,47941,78375
ZCTA5 78376,40714,78376
ZCTA5 78377,49974,78377
ZCTA5 78379,100944,78379
ZCTA5 78380,54769,78380
ZCTA5 78382,75135,78382
ZCTA5 78383,102135,78383
ZCTA5 78384,47603,78384
ZCTA5 78385,39342,78385
ZCTA5 78387,53048,78387
ZCTA5 78389,37195,78389
ZCTA5 78390,78367,78390
ZCTA5 78391,-666666666,78391
ZCTA5 78393,77014,78393
ZCTA5 78401,40841,78401
ZCTA5 78402,55565,78402
ZCTA5 78404,61280,78404
ZCTA5 78405,38294,78405
ZCTA5 78406,54740,78406
ZCTA5 78407,47688,78407
ZCTA5 78408,41045,78408
ZCTA5 78409,60089,78409
ZCTA5 78410,79308,78410
ZCTA5 78411,57742,78411
ZCTA5 78412,61215,78412
ZCTA5 78413,72815,78413
ZCTA5 78414,98771,78414
ZCTA5 78415,54990,78415
ZCTA5 78416,43198,78416
ZCTA5 78417,53750,78417
ZCTA5 78418,92445,78418
ZCTA5 78419,66182,78419
ZCTA5 78501,48071,78501
ZCTA5 78503,53322,78503
ZCTA5 78504,81905,78504
ZCTA5 78516,53229,78516
ZCTA5 78520,50116,78520
ZCTA5 78521,44509,78521
ZCTA5 78526,70565,78526
ZCTA5 78535,39000,78535
ZCTA5 78536,28393,78536
ZCTA5 78537,40668,78537
ZCTA5 78538,40399,78538
ZCTA5 78539,66967,78539
ZCTA5 78540,-666666666,78540
ZCTA5 78541,52863,78541
ZCTA5 78542,55243,78542
ZCTA5 78543,44527,78543
ZCTA5 78545,24550,78545
ZCTA5 78547,-666666666,78547
ZCTA5 78548,37308,78548
ZCTA5 78549,19222,78549
ZCTA5 78550,49007,78550
ZCTA5 78552,69811,78552
ZCTA5 78557,59441,78557
ZCTA5 78558,57969,78558
ZCTA5 78559,49383,78559
ZCTA5 78560,55721,78560
ZCTA5 78561,102528,78561
ZCTA5 78562,31522,78562
ZCTA5 78563,-666666666,78563
ZCTA5 78564,-666666666,78564
ZCTA5 78565,-666666666,78565
ZCTA5 78566,60187,78566
ZCTA5 78567,-666666666,78567
ZCTA5 78569,58950,78569
ZCTA5 78570,41965,78570
ZCTA5 78572,54298,78572
ZCTA5 78573,55000,78573
ZCTA5 78574,52393,78574
ZCTA5 78575,71765,78575
ZCTA5 78576,49137,78576
ZCTA5 78577,52770,78577
ZCTA5 78578,51880,78578
ZCTA5 78579,19172,78579
ZCTA5 78580,53841,78580
ZCTA5 78582,42626,78582
ZCTA5 78583,51453,78583
ZCTA5 78584,27056,78584
ZCTA5 78585,-666666666,78585
ZCTA5 78586,45575,78586
ZCTA5 78588,94821,78588
ZCTA5 78589,54285,78589
ZCTA5 78590,82292,78590
ZCTA5 78591,35750,78591
ZCTA5 78592,-666666666,78592
ZCTA5 78593,48649,78593
ZCTA5 78594,23307,78594
ZCTA5 78595,58846,78595
ZCTA5 78596,58411,78596
ZCTA5 78597,68421,78597
ZCTA5 78598,-666666666,78598
ZCTA5 78599,58349,78599
ZCTA5 78602,89968,78602
ZCTA5 78605,83542,78605
ZCTA5 78606,94817,78606
ZCTA5 78607,58594,78607
ZCTA5 78608,-666666666,78608
ZCTA5 78609,64418,78609
ZCTA5 78610,119698,78610
ZCTA5 78611,80938,78611
ZCTA5 78612,95496,78612
ZCTA5 78613,125487,78613
ZCTA5 78614,-666666666,78614
ZCTA5 78615,80938,78615
ZCTA5 78616,64715,78616
ZCTA5 78617,71640,78617
ZCTA5 78618,81528,78618
ZCTA5 78619,183393,78619
ZCTA5 78620,153477,78620
ZCTA5 78621,98534,78621
ZCTA5 78622,-666666666,78622
ZCTA5 78623,116923,78623
ZCTA5 78624,75237,78624
ZCTA5 78626,100431,78626
ZCTA5 78628,125635,78628
ZCTA5 78629,59521,78629
ZCTA5 78631,78560,78631
ZCTA5 78632,62500,78632
ZCTA5 78633,100936,78633
ZCTA5 78634,114426,78634
ZCTA5 78635,106458,78635
ZCTA5 78636,72663,78636
ZCTA5 78638,69250,78638
ZCTA5 78639,57742,78639
ZCTA5 78640,90075,78640
ZCTA5 78641,135024,78641
ZCTA5 78642,132958,78642
ZCTA5 78643,68365,78643
ZCTA5 78644,74709,78644
ZCTA5 78645,113008,78645
ZCTA5 78648,57621,78648
ZCTA5 78650,85170,78650
ZCTA5 78652,133368,78652
ZCTA5 78653,93900,78653
ZCTA5 78654,74130,78654
ZCTA5 78655,55952,78655
ZCTA5 78656,81346,78656
ZCTA5 78657,91452,78657
ZCTA5 78658,-666666666,78658
ZCTA5 78659,89808,78659
ZCTA5 78660,113205,78660
ZCTA5 78661,82896,78661
ZCTA5 78662,94005,78662
ZCTA5 78663,168125,78663
ZCTA5 78664,87417,78664
ZCTA5 78665,122680,78665
ZCTA5 78666,54737,78666
ZCTA5 78669,128000,78669
ZCTA5 78670,78625,78670
ZCTA5 78671,61200,78671
ZCTA5 78672,52813,78672
ZCTA5 78674,-666666666,78674
ZCTA5 78675,78472,78675
ZCTA5 78676,87344,78676
ZCTA5 78677,-666666666,78677
ZCTA5 78681,137819,78681
ZCTA5 78701,162168,78701
ZCTA5 78702,102171,78702
ZCTA5 78703,153036,78703
ZCTA5 78704,106897,78704
ZCTA5 78705,32380,78705
ZCTA5 78712,-666666666,78712
ZCTA5 78717,145325,78717
ZCTA5 78719,56202,78719
ZCTA5 78721,84573,78721
ZCTA5 78722,105046,78722
ZCTA5 78723,100329,78723
ZCTA5 78724,77926,78724
ZCTA5 78725,105795,78725
ZCTA5 78726,90885,78726
ZCTA5 78727,110379,78727
ZCTA5 78728,75243,78728
ZCTA5 78729,86438,78729
ZCTA5 78730,158673,78730
ZCTA5 78731,105494,78731
ZCTA5 78732,192500,78732
ZCTA5 78733,206368,78733
ZCTA5 78734,130784,78734
ZCTA5 78735,139191,78735
ZCTA5 78736,93805,78736
ZCTA5 78737,168920,78737
ZCTA5 78738,183048,78738
ZCTA5 78739,238559,78739
ZCTA5 78741,66741,78741
ZCTA5 78742,-666666666,78742
ZCTA5 78744,83002,78744
ZCTA5 78745,86109,78745
ZCTA5 78746,188414,78746
ZCTA5 78747,92748,78747
ZCTA5 78748,115213,78748
ZCTA5 78749,111079,78749
ZCTA5 78750,121563,78750
ZCTA5 78751,80915,78751
ZCTA5 78752,67682,78752
ZCTA5 78753,65170,78753
ZCTA5 78754,90121,78754
ZCTA5 78756,94701,78756
ZCTA5 78757,103860,78757
ZCTA5 78758,74381,78758
ZCTA5 78759,102400,78759
ZCTA5 78801,54161,78801
ZCTA5 78802,-666666666,78802
ZCTA5 78827,23167,78827
ZCTA5 78828,-666666666,78828
ZCTA5 78829,28517,78829
ZCTA5 78830,51354,78830
ZCTA5 78832,70000,78832
ZCTA5 78833,34036,78833
ZCTA5 78834,39477,78834
ZCTA5 78836,-666666666,78836
ZCTA5 78837,49737,78837
ZCTA5 78838,106250,78838
ZCTA5 78839,37365,78839
ZCTA5 78840,66084,78840
ZCTA5 78841,-666666666,78841
ZCTA5 78842,-666666666,78842
ZCTA5 78843,-666666666,78843
ZCTA5 78850,69531,78850
ZCTA5 78851,-666666666,78851
ZCTA5 78852,49954,78852
ZCTA5 78860,-666666666,78860
ZCTA5 78861,64917,78861
ZCTA5 78870,54167,78870
ZCTA5 78871,-666666666,78871
ZCTA5 78872,39659,78872
ZCTA5 78873,-666666666,78873
ZCTA5 78877,43998,78877
ZCTA5 78879,101484,78879
ZCTA5 78880,39211,78880
ZCTA5 78881,35104,78881
ZCTA5 78883,40491,78883
ZCTA5 78884,84271,78884
ZCTA5 78885,68125,78885
ZCTA5 78886,123532,78886
ZCTA5 78931,-666666666,78931
ZCTA5 78932,62917,78932
ZCTA5 78933,68444,78933
ZCTA5 78934,58302,78934
ZCTA5 78935,-666666666,78935
ZCTA5 78938,61250,78938
ZCTA5 78940,89157,78940
ZCTA5 78941,76477,78941
ZCTA5 78942,73429,78942
ZCTA5 78943,98531,78943
ZCTA5 78944,126806,78944
ZCTA5 78945,75446,78945
ZCTA5 78946,65221,78946
ZCTA5 78947,84649,78947
ZCTA5 78948,58889,78948
ZCTA5 78949,64167,78949
ZCTA5 78950,91354,78950
ZCTA5 78951,-666666666,78951
ZCTA5 78953,83438,78953
ZCTA5 78954,103750,78954
ZCTA5 78956,67903,78956
ZCTA5 78957,69149,78957
ZCTA5 78959,60472,78959
ZCTA5 78962,71278,78962
ZCTA5 78963,97917,78963
ZCTA5 79001,83125,79001
ZCTA5 79002,-666666666,79002
ZCTA5 79003,73125,79003
ZCTA5 79005,70223,79005
ZCTA5 79007,63929,79007
ZCTA5 79008,-666666666,79008
ZCTA5 79009,65333,79009
ZCTA5 79010,-666666666,79010
ZCTA5 79011,54375,79011
ZCTA5 79012,-666666666,79012
ZCTA5 79013,45106,79013
ZCTA5 79014,62273,79014
ZCTA5 79015,83445,79015
ZCTA5 79016,-666666666,79016
ZCTA5 79018,76667,79018
ZCTA5 79019,74750,79019
ZCTA5 79021,51094,79021
ZCTA5 79022,72286,79022
ZCTA5 79024,71250,79024
ZCTA5 79025,-666666666,79025
ZCTA5 79027,50865,79027
ZCTA5 79029,64652,79029
ZCTA5 79031,43750,79031
ZCTA5 79032,76250,79032
ZCTA5 79033,-666666666,79033
ZCTA5 79034,89250,79034
ZCTA5 79035,72202,79035
ZCTA5 79036,90170,79036
ZCTA5 79039,70357,79039
ZCTA5 79040,84583,79040
ZCTA5 79041,61832,79041
ZCTA5 79042,70590,79042
ZCTA5 79043,57956,79043
ZCTA5 79044,66071,79044
ZCTA5 79045,60543,79045
ZCTA5 79046,57386,79046
ZCTA5 79051,-666666666,79051
ZCTA5 79052,34922,79052
ZCTA5 79053,116750,79053
ZCTA5 79054,62500,79054
ZCTA5 79056,-666666666,79056
ZCTA5 79057,70865,79057
ZCTA5 79058,-666666666,79058
ZCTA5 79059,66875,79059
ZCTA5 79061,99861,79061
ZCTA5 79062,63317,79062
ZCTA5 79063,110938,79063
ZCTA5 79064,59698,79064
ZCTA5 79065,58912,79065
ZCTA5 79066,-666666666,79066
ZCTA5 79068,86264,79068
ZCTA5 79070,70915,79070
ZCTA5 79072,47255,79072
ZCTA5 79073,-666666666,79073
ZCTA5 79078,-666666666,79078
ZCTA5 79079,51250,79079
ZCTA5 79080,55313,79080
ZCTA5 79081,68542,79081
ZCTA5 79082,67440,79082
ZCTA5 79083,48611,79083
ZCTA5 79084,54808,79084
ZCTA5 79085,-666666666,79085
ZCTA5 79086,70648,79086
ZCTA5 79087,69135,79087
ZCTA5 79088,35804,79088
ZCTA5 79091,-666666666,79091
ZCTA5 79092,83068,79092
ZCTA5 79093,-666666666,79093
ZCTA5 79094,-666666666,79094
ZCTA5 79095,58889,79095
ZCTA5 79096,67165,79096
ZCTA5 79097,88182,79097
ZCTA5 79098,70250,79098
ZCTA5 79101,47759,79101
ZCTA5 79102,51125,79102
ZCTA5 79103,57981,79103
ZCTA5 79104,39920,79104
ZCTA5 79106,59493,79106
ZCTA5 79107,40671,79107
ZCTA5 79108,66676,79108
ZCTA5 79109,70435,79109
ZCTA5 79110,66683,79110
ZCTA5 79111,71103,79111
ZCTA5 79118,87810,79118
ZCTA5 79119,114432,79119
ZCTA5 79121,74659,79121
ZCTA5 79124,112541,79124
ZCTA5 79201,58438,79201
ZCTA5 79220,49792,79220
ZCTA5 79223,-666666666,79223
ZCTA5 79225,83333,79225
ZCTA5 79226,58031,79226
ZCTA5 79227,62188,79227
ZCTA5 79229,47583,79229
ZCTA5 79230,-666666666,79230
ZCTA5 79231,-666666666,79231
ZCTA5 79233,-666666666,79233
ZCTA5 79234,83409,79234
ZCTA5 79235,52935,79235
ZCTA5 79236,45789,79236
ZCTA5 79237,59688,79237
ZCTA5 79239,36250,79239
ZCTA5 79240,-666666666,79240
ZCTA5 79241,61803,79241
ZCTA5 79243,61250,79243
ZCTA5 79244,71875,79244
ZCTA5 79245,48403,79245
ZCTA5 79247,-666666666,79247
ZCTA5 79248,49028,79248
ZCTA5 79250,54917,79250
ZCTA5 79251,-666666666,79251
ZCTA5 79252,62228,79252
ZCTA5 79255,54375,79255
ZCTA5 79256,39231,79256
ZCTA5 79257,43362,79257
ZCTA5 79258,-666666666,79258
ZCTA5 79259,-666666666,79259
ZCTA5 79261,49450,79261
ZCTA5 79311,81985,79311
ZCTA5 79312,64722,79312
ZCTA5 79313,62788,79313
ZCTA5 79314,27375,79314
ZCTA5 79316,43063,79316
ZCTA5 79322,48750,79322
ZCTA5 79323,87321,79323
ZCTA5 79324,-666666666,79324
ZCTA5 79325,71771,79325
ZCTA5 79326,-666666666,79326
ZCTA5 79329,67059,79329
ZCTA5 79330,60179,79330
ZCTA5 79331,54000,79331
ZCTA5 79336,61598,79336
ZCTA5 79339,60375,79339
ZCTA5 79342,73750,79342
ZCTA5 79343,58906,79343
ZCTA5 79344,-666666666,79344
ZCTA5 79345,73438,79345
ZCTA5 79346,40833,79346
ZCTA5 79347,66792,79347
ZCTA5 79350,-666666666,79350
ZCTA5 79351,66853,79351
ZCTA5 79353,86188,79353
ZCTA5 79355,76967,79355
ZCTA5 79356,46351,79356
ZCTA5 79357,57993,79357
ZCTA5 79358,90333,79358
ZCTA5 79359,53048,79359
ZCTA5 79360,79467,79360
ZCTA5 79363,96128,79363
ZCTA5 79364,56538,79364
ZCTA5 79366,113950,79366
ZCTA5 79367,46458,79367
ZCTA5 79369,-666666666,79369
ZCTA5 79370,48750,79370
ZCTA5 79371,64917,79371
ZCTA5 79372,58906,79372
ZCTA5 79373,74728,79373
ZCTA5 79376,-666666666,79376
ZCTA5 79377,44000,79377
ZCTA5 79378,122232,79378
ZCTA5 79379,67813,79379
ZCTA5 79380,87917,79380
ZCTA5 79381,97625,79381
ZCTA5 79382,84457,79382
ZCTA5 79383,-666666666,79383
ZCTA5 79401,26980,79401
ZCTA5 79402,-666666666,79402
ZCTA5 79403,47907,79403
ZCTA5 79404,51630,79404
ZCTA5 79406,-666666666,79406
ZCTA5 79407,61509,79407
ZCTA5 79410,44537,79410
ZCTA5 79411,47634,79411
ZCTA5 79412,48878,79412
ZCTA5 79413,69400,79413
ZCTA5 79414,49057,79414
ZCTA5 79415,36468,79415
ZCTA5 79416,63896,79416
ZCTA5 79423,84933,79423
ZCTA5 79424,97231,79424
ZCTA5 79501,55430,79501
ZCTA5 79502,52333,79502
ZCTA5 79503,98697,79503
ZCTA5 79504,64545,79504
ZCTA5 79505,52708,79505
ZCTA5 79506,63942,79506
ZCTA5 79508,105000,79508
ZCTA5 79510,78686,79510
ZCTA5 79511,117578,79511
ZCTA5 79512,60353,79512
ZCTA5 79517,74583,79517
ZCTA5 79518,34342,79518
ZCTA5 79519,163380,79519
ZCTA5 79520,65331,79520
ZCTA5 79521,64294,79521
ZCTA5 79525,89875,79525
ZCTA5 79526,83843,79526
ZCTA5 79527,63333,79527
ZCTA5 79528,73476,79528
ZCTA5 79529,50694,79529
ZCTA5 79530,71979,79530
ZCTA5 79532,49643,79532
ZCTA5 79533,59375,79533
ZCTA5 79534,70833,79534
ZCTA5 79535,68036,79535
ZCTA5 79536,71131,79536
ZCTA5 79537,97917,79537
ZCTA5 79538,-666666666,79538
ZCTA5 79539,46250,79539
ZCTA5 79540,-666666666,79540
ZCTA5 79541,71032,79541
ZCTA5 79543,64978,79543
ZCTA5 79544,41750,79544
ZCTA5 79545,58482,79545
ZCTA5 79546,58984,79546
ZCTA5 79547,41023,79547
ZCTA5 79548,-666666666,79548
ZCTA5 79549,59147,79549
ZCTA5 79553,47839,79553
ZCTA5 79556,49393,79556
ZCTA5 79560,85625,79560
ZCTA5 79561,93250,79561
ZCTA5 79562,109572,79562
ZCTA5 79563,49276,79563
ZCTA5 79565,-666666666,79565
ZCTA5 79566,77000,79566
ZCTA5 79567,50781,79567
ZCTA5 79601,53631,79601
ZCTA5 79602,89551,79602
ZCTA5 79603,53513,79603
ZCTA5 79605,62929,79605
ZCTA5 79606,79196,79606
ZCTA5 79607,62637,79607
ZCTA5 79699,-666666666,79699
ZCTA5 79701,57346,79701
ZCTA5 79703,77285,79703
ZCTA5 79705,105310,79705
ZCTA5 79706,108059,79706
ZCTA5 79707,99886,79707
ZCTA5 79713,64886,79713
ZCTA5 79714,72242,79714
ZCTA5 79718,58750,79718
ZCTA5 79719,-666666666,79719
ZCTA5 79720,68785,79720
ZCTA5 79721,-666666666,79721
ZCTA5 79730,-666666666,79730
ZCTA5 79731,63096,79731
ZCTA5 79733,92950,79733
ZCTA5 79734,65227,79734
ZCTA5 79735,78935,79735
ZCTA5 79738,76250,79738
ZCTA5 79739,79352,79739
ZCTA5 79741,112969,79741
ZCTA5 79742,68681,79742
ZCTA5 79743,71833,79743
ZCTA5 79744,42039,79744
ZCTA5 79745,80585,79745
ZCTA5 79748,-666666666,79748
ZCTA5 79749,34286,79749
ZCTA5 79752,39423,79752
ZCTA5 79754,51250,79754
ZCTA5 79755,-666666666,79755
ZCTA5 79756,67468,79756
ZCTA5 79758,102560,79758
ZCTA5 79759,-666666666,79759
ZCTA5 79761,68228,79761
ZCTA5 79762,75272,79762
ZCTA5 79763,56877,79763
ZCTA5 79764,65170,79764
ZCTA5 79765,104965,79765
ZCTA5 79766,74407,79766
ZCTA5 79769,-666666666,79769
ZCTA5 79770,-666666666,79770
ZCTA5 79772,63347,79772
ZCTA5 79776,-666666666,79776
ZCTA5 79777,-666666666,79777
ZCTA5 79778,70808,79778
ZCTA5 79780,-666666666,79780
ZCTA5 79781,-666666666,79781
ZCTA5 79782,102986,79782
ZCTA5 79783,128516,79783
ZCTA5 79785,43438,79785
ZCTA5 79788,57109,79788
ZCTA5 79789,106250,79789
ZCTA5 79821,59232,79821
ZCTA5 79830,66546,79830
ZCTA5 79832,-666666666,79832
ZCTA5 79834,49617,79834
ZCTA5 79835,45924,79835
ZCTA5 79836,59003,79836
ZCTA5 79837,-666666666,79837
ZCTA5 79838,43367,79838
ZCTA5 79839,47950,79839
ZCTA5 79842,45596,79842
ZCTA5 79843,45263,79843
ZCTA5 79845,42818,79845
ZCTA5 79846,-666666666,79846
ZCTA5 79847,50938,79847
ZCTA5 79848,51696,79848
ZCTA5 79849,44831,79849
ZCTA5 79851,55500,79851
ZCTA5 79852,34712,79852
ZCTA5 79853,42234,79853
ZCTA5 79854,33672,79854
ZCTA5 79855,58910,79855
ZCTA5 79901,14872,79901
ZCTA5 79902,50873,79902
ZCTA5 79903,37155,79903
ZCTA5 79904,41841,79904
ZCTA5 79905,25721,79905
ZCTA5 79906,56044,79906
ZCTA5 79907,41617,79907
ZCTA5 79908,59792,79908
ZCTA5 79911,122713,79911
ZCTA5 79912,72943,79912
ZCTA5 79915,35432,79915
ZCTA5 79916,-666666666,79916
ZCTA5 79918,-666666666,79918
ZCTA5 79920,-666666666,79920
ZCTA5 79922,106003,79922
ZCTA5 79924,56976,79924
ZCTA5 79925,57623,79925
ZCTA5 79927,53652,79927
ZCTA5 79928,76643,79928
ZCTA5 79930,42099,79930
ZCTA5 79932,78277,79932
ZCTA5 79934,77754,79934
ZCTA5 79935,61323,79935
ZCTA5 79936,67198,79936
ZCTA5 79938,77272,79938
ZCTA5 80002,93362,80002
ZCTA5 80003,91464,80003
ZCTA5 80004,103659,80004
ZCTA5 80005,136821,80005
ZCTA5 80007,176122,80007
ZCTA5 80010,63579,80010
ZCTA5 80011,74022,80011
ZCTA5 80012,73000,80012
ZCTA5 80013,101191,80013
ZCTA5 80014,73210,80014
ZCTA5 80015,124702,80015
ZCTA5 80016,150492,80016
ZCTA5 80017,80524,80017
ZCTA5 80018,136895,80018
ZCTA5 80019,129154,80019
ZCTA5 80020,117243,80020
ZCTA5 80021,110038,80021
ZCTA5 80022,104396,80022
ZCTA5 80023,158180,80023
ZCTA5 80024,-666666666,80024
ZCTA5 80025,134102,80025
ZCTA5 80026,120187,80026
ZCTA5 80027,154232,80027
ZCTA5 80030,61092,80030
ZCTA5 80031,107422,80031
ZCTA5 80033,89627,80033
ZCTA5 80045,49500,80045
ZCTA5 80101,70417,80101
ZCTA5 80102,113125,80102
ZCTA5 80103,102656,80103
ZCTA5 80104,134335,80104
ZCTA5 80105,79792,80105
ZCTA5 80106,136852,80106
ZCTA5 80107,135262,80107
ZCTA5 80108,181049,80108
ZCTA5 80109,155025,80109
ZCTA5 80110,85900,80110
ZCTA5 80111,135995,80111
ZCTA5 80112,108874,80112
ZCTA5 80113,96590,80113
ZCTA5 80116,146000,80116
ZCTA5 80117,115673,80117
ZCTA5 80118,158155,80118
ZCTA5 80120,94296,80120
ZCTA5 80121,142056,80121
ZCTA5 80122,128691,80122
ZCTA5 80123,105932,80123
ZCTA5 80124,129858,80124
ZCTA5 80125,179983,80125
ZCTA5 80126,169882,80126
ZCTA5 80127,137040,80127
ZCTA5 80128,121436,80128
ZCTA5 80129,141667,80129
ZCTA5 80130,158741,80130
ZCTA5 80131,107250,80131
ZCTA5 80132,161670,80132
ZCTA5 80133,120625,80133
ZCTA5 80134,146778,80134
ZCTA5 80135,136083,80135
ZCTA5 80136,111528,80136
ZCTA5 80137,134890,80137
ZCTA5 80138,145013,80138
ZCTA5 80202,114151,80202
ZCTA5 80203,77500,80203
ZCTA5 80204,84829,80204
ZCTA5 80205,104836,80205
ZCTA5 80206,101594,80206
ZCTA5 80207,115542,80207
ZCTA5 80209,125733,80209
ZCTA5 80210,127270,80210
ZCTA5 80211,121439,80211
ZCTA5 80212,124972,80212
ZCTA5 80214,75575,80214
ZCTA5 80215,85190,80215
ZCTA5 80216,82143,80216
ZCTA5 80218,81706,80218
ZCTA5 80219,68415,80219
ZCTA5 80220,106054,80220
ZCTA5 80221,86810,80221
ZCTA5 80222,86472,80222
ZCTA5 80223,79151,80223
ZCTA5 80224,86352,80224
ZCTA5 80226,82300,80226
ZCTA5 80227,90316,80227
ZCTA5 80228,113977,80228
ZCTA5 80229,84203,80229
ZCTA5 80230,99750,80230
ZCTA5 80231,76502,80231
ZCTA5 80232,96217,80232
ZCTA5 80233,88880,80233
ZCTA5 80234,92563,80234
ZCTA5 80235,70484,80235
ZCTA5 80236,86115,80236
ZCTA5 80237,85705,80237
ZCTA5 80238,180940,80238
ZCTA5 80239,98148,80239
ZCTA5 80241,110218,80241
ZCTA5 80246,67235,80246
ZCTA5 80247,64498,80247
ZCTA5 80249,100324,80249
ZCTA5 80260,61852,80260
ZCTA5 80264,-666666666,80264
ZCTA5 80266,-666666666,80266
ZCTA5 80290,103428,80290
ZCTA5 80293,-666666666,80293
ZCTA5 80294,-666666666,80294
ZCTA5 80301,95207,80301
ZCTA5 80302,61698,80302
ZCTA5 80303,78555,80303
ZCTA5 80304,126558,80304
ZCTA5 80305,126107,80305
ZCTA5 80310,-666666666,80310
ZCTA5 80401,118039,80401
ZCTA5 80403,151276,80403
ZCTA5 80419,-666666666,80419
ZCTA5 80420,86705,80420
ZCTA5 80421,98452,80421
ZCTA5 80422,95625,80422
ZCTA5 80423,-666666666,80423
ZCTA5 80424,120907,80424
ZCTA5 80425,82188,80425
ZCTA5 80426,95688,80426
ZCTA5 80427,62264,80427
ZCTA5 80428,120227,80428
ZCTA5 80430,64338,80430
ZCTA5 80432,44605,80432
ZCTA5 80433,134402,80433
ZCTA5 80434,-666666666,80434
ZCTA5 80435,97463,80435
ZCTA5 80436,59091,80436
ZCTA5 80438,67034,80438
ZCTA5 80439,156218,80439
ZCTA5 80440,116143,80440
ZCTA5 80442,108387,80442
ZCTA5 80443,108710,80443
ZCTA5 80444,79118,80444
ZCTA5 80446,74973,80446
ZCTA5 80447,96000,80447
ZCTA5 80448,-666666666,80448
ZCTA5 80449,59635,80449
ZCTA5 80451,111875,80451
ZCTA5 80452,75565,80452
ZCTA5 80453,-666666666,80453
ZCTA5 80454,178980,80454
ZCTA5 80455,169286,80455
ZCTA5 80456,-666666666,80456
ZCTA5 80457,235160,80457
ZCTA5 80459,87727,80459
ZCTA5 80461,95775,80461
ZCTA5 80463,192656,80463
ZCTA5 80465,132292,80465
ZCTA5 80466,100962,80466
ZCTA5 80467,102143,80467
ZCTA5 80468,-666666666,80468
ZCTA5 80469,87366,80469
ZCTA5 80470,135682,80470
ZCTA5 80471,-666666666,80471
ZCTA5 80473,30735,80473
ZCTA5 80474,-666666666,80474
ZCTA5 80475,-666666666,80475
ZCTA5 80476,51875,80476
ZCTA5 80478,105801,80478
ZCTA5 80479,-666666666,80479
ZCTA5 80480,49167,80480
ZCTA5 80481,116563,80481
ZCTA5 80482,65137,80482
ZCTA5 80483,85089,80483
ZCTA5 80487,109659,80487
ZCTA5 80498,105897,80498
ZCTA5 80501,80911,80501
ZCTA5 80503,113620,80503
ZCTA5 80504,113643,80504
ZCTA5 80510,101250,80510
ZCTA5 80512,97837,80512
ZCTA5 80513,126726,80513
ZCTA5 80514,104494,80514
ZCTA5 80515,66615,80515
ZCTA5 80516,168725,80516
ZCTA5 80517,95404,80517
ZCTA5 80520,63529,80520
ZCTA5 80521,58082,80521
ZCTA5 80524,85035,80524
ZCTA5 80525,91636,80525
ZCTA5 80526,88686,80526
ZCTA5 80528,130350,80528
ZCTA5 80530,124000,80530
ZCTA5 80532,53295,80532
ZCTA5 80534,129024,80534
ZCTA5 80535,110945,80535
ZCTA5 80536,117500,80536
ZCTA5 80537,86325,80537
ZCTA5 80538,86671,80538
ZCTA5 80540,139521,80540
ZCTA5 80542,133500,80542
ZCTA5 80543,104574,80543
ZCTA5 80544,-666666666,80544
ZCTA5 80545,93207,80545
ZCTA5 80546,113242,80546
ZCTA5 80547,180492,80547
ZCTA5 80549,107614,80549
ZCTA5 80550,126132,80550
ZCTA5 80601,105417,80601
ZCTA5 80602,151737,80602
ZCTA5 80603,118297,80603
ZCTA5 80610,92153,80610
ZCTA5 80611,78529,80611
ZCTA5 80612,-666666666,80612
ZCTA5 80615,107308,80615
ZCTA5 80620,73590,80620
ZCTA5 80621,90055,80621
ZCTA5 80622,138710,80622
ZCTA5 80623,-666666666,80623
ZCTA5 80624,80673,80624
ZCTA5 80631,54591,80631
ZCTA5 80634,82742,80634
ZCTA5 80640,117373,80640
ZCTA5 80642,105225,80642
ZCTA5 80643,97766,80643
ZCTA5 80644,97847,80644
ZCTA5 80645,87609,80645
ZCTA5 80646,-666666666,80646
ZCTA5 80648,94079,80648
ZCTA5 80649,-666666666,80649
ZCTA5 80650,57083,80650
ZCTA5 80651,81586,80651
ZCTA5 80652,72639,80652
ZCTA5 80653,51542,80653
ZCTA5 80654,91864,80654
ZCTA5 80701,70302,80701
ZCTA5 80705,56786,80705
ZCTA5 80720,65913,80720
ZCTA5 80721,104167,80721
ZCTA5 80722,116528,80722
ZCTA5 80723,75691,80723
ZCTA5 80726,48056,80726
ZCTA5 80727,58125,80727
ZCTA5 80728,67863,80728
ZCTA5 80729,48750,80729
ZCTA5 80731,74375,80731
ZCTA5 80732,17679,80732
ZCTA5 80733,86750,80733
ZCTA5 80734,57891,80734
ZCTA5 80735,94167,80735
ZCTA5 80736,79196,80736
ZCTA5 80737,52500,80737
ZCTA5 80740,38056,80740
ZCTA5 80741,85227,80741
ZCTA5 80742,82500,80742
ZCTA5 80743,67734,80743
ZCTA5 80744,50588,80744
ZCTA5 80745,21136,80745
ZCTA5 80746,99444,80746
ZCTA5 80747,78750,80747
ZCTA5 80749,85417,80749
ZCTA5 80750,-666666666,80750
ZCTA5 80751,48682,80751
ZCTA5 80754,82500,80754
ZCTA5 80755,98883,80755
ZCTA5 80757,53438,80757
ZCTA5 80758,58929,80758
ZCTA5 80759,52255,80759
ZCTA5 80801,22813,80801
ZCTA5 80802,48571,80802
ZCTA5 80804,43281,80804
ZCTA5 80805,60500,80805
ZCTA5 80807,76583,80807
ZCTA5 80808,85500,80808
ZCTA5 80809,93750,80809
ZCTA5 80810,72543,80810
ZCTA5 80812,69844,80812
ZCTA5 80813,48530,80813
ZCTA5 80814,80500,80814
ZCTA5 80815,51780,80815
ZCTA5 80816,75472,80816
ZCTA5 80817,86543,80817
ZCTA5 80818,56518,80818
ZCTA5 80819,111250,80819
ZCTA5 80820,49375,80820
ZCTA5 80821,66071,80821
ZCTA5 80822,63750,80822
ZCTA5 80823,42917,80823
ZCTA5 80824,145327,80824
ZCTA5 80825,68750,80825
ZCTA5 80826,-666666666,80826
ZCTA5 80827,88125,80827
ZCTA5 80828,67708,80828
ZCTA5 80829,91275,80829
ZCTA5 80830,76250,80830
ZCTA5 80831,132467,80831
ZCTA5 80832,90556,80832
ZCTA5 80833,42139,80833
ZCTA5 80834,52750,80834
ZCTA5 80835,49344,80835
ZCTA5 80836,65208,80836
ZCTA5 80840,69474,80840
ZCTA5 80860,84107,80860
ZCTA5 80861,84375,80861
ZCTA5 80862,-666666666,80862
ZCTA5 80863,104779,80863
ZCTA5 80864,66541,80864
ZCTA5 80902,67374,80902
ZCTA5 80903,61768,80903
ZCTA5 80904,69814,80904
ZCTA5 80905,63281,80905
ZCTA5 80906,89984,80906
ZCTA5 80907,74402,80907
ZCTA5 80908,133965,80908
ZCTA5 80909,64035,80909
ZCTA5 80910,61969,80910
ZCTA5 80911,87093,80911
ZCTA5 80913,-666666666,80913
ZCTA5 80914,-666666666,80914
ZCTA5 80915,72352,80915
ZCTA5 80916,67127,80916
ZCTA5 80917,72991,80917
ZCTA5 80918,87685,80918
ZCTA5 80919,119518,80919
ZCTA5 80920,113036,80920
ZCTA5 80921,141659,80921
ZCTA5 80922,108019,80922
ZCTA5 80923,101565,80923
ZCTA5 80924,139447,80924
ZCTA5 80925,106953,80925
ZCTA5 80926,131111,80926
ZCTA5 80927,163803,80927
ZCTA5 80928,122679,80928
ZCTA5 80929,135257,80929
ZCTA5 80930,90467,80930
ZCTA5 80938,108143,80938
ZCTA5 80939,-666666666,80939
ZCTA5 80951,108010,80951
ZCTA5 81001,48417,81001
ZCTA5 81003,43705,81003
ZCTA5 81004,51789,81004
ZCTA5 81005,70574,81005
ZCTA5 81006,69050,81006
ZCTA5 81007,96713,81007
ZCTA5 81008,69925,81008
ZCTA5 81019,38056,81019
ZCTA5 81020,30685,81020
ZCTA5 81021,-666666666,81021
ZCTA5 81022,60481,81022
ZCTA5 81023,55641,81023
ZCTA5 81024,31292,81024
ZCTA5 81025,72778,81025
ZCTA5 81027,46458,81027
ZCTA5 81029,46250,81029
ZCTA5 81030,40625,81030
ZCTA5 81033,41250,81033
ZCTA5 81036,59868,81036
ZCTA5 81039,47143,81039
ZCTA5 81040,30978,81040
ZCTA5 81041,48500,81041
ZCTA5 81043,12955,81043
ZCTA5 81044,58500,81044
ZCTA5 81045,-666666666,81045
ZCTA5 81046,-666666666,81046
ZCTA5 81047,43050,81047
ZCTA5 81049,44904,81049
ZCTA5 81050,57180,81050
ZCTA5 81052,58875,81052
ZCTA5 81054,48398,81054
ZCTA5 81055,55080,81055
ZCTA5 81057,54167,81057
ZCTA5 81058,48636,81058
ZCTA5 81059,93068,81059
ZCTA5 81062,56250,81062
ZCTA5 81063,49375,81063
ZCTA5 81064,-666666666,81064
ZCTA5 81067,50028,81067
ZCTA5 81069,97513,81069
ZCTA5 81071,53558,81071
ZCTA5 81073,47167,81073
ZCTA5 81076,48563,81076
ZCTA5 81077,48897,81077
ZCTA5 81081,39255,81081
ZCTA5 81082,58589,81082
ZCTA5 81084,-666666666,81084
ZCTA5 81087,-666666666,81087
ZCTA5 81089,52280,81089
ZCTA5 81090,46389,81090
ZCTA5 81091,50179,81091
ZCTA5 81092,66719,81092
ZCTA5 81101,54844,81101
ZCTA5 81120,47546,81120
ZCTA5 81121,42813,81121
ZCTA5 81122,93714,81122
ZCTA5 81123,36487,81123
ZCTA5 81124,88793,81124
ZCTA5 81125,56250,81125
ZCTA5 81126,52870,81126
ZCTA5 81128,250001,81128
ZCTA5 81129,-666666666,81129
ZCTA5 81130,54730,81130
ZCTA5 81131,45156,81131
ZCTA5 81132,55000,81132
ZCTA5 81133,45833,81133
ZCTA5 81136,47448,81136
ZCTA5 81137,63860,81137
ZCTA5 81138,-666666666,81138
ZCTA5 81140,46781,81140
ZCTA5 81141,59539,81141
ZCTA5 81143,30915,81143
ZCTA5 81144,64662,81144
ZCTA5 81146,69556,81146
ZCTA5 81147,84270,81147
ZCTA5 81148,45469,81148
ZCTA5 81149,57019,81149
ZCTA5 81151,43417,81151
ZCTA5 81152,31875,81152
ZCTA5 81154,77177,81154
ZCTA5 81155,75000,81155
ZCTA5 81201,80248,81201
ZCTA5 81210,-666666666,81210
ZCTA5 81211,88083,81211
ZCTA5 81212,64235,81212
ZCTA5 81220,250001,81220
ZCTA5 81221,34000,81221
ZCTA5 81222,-666666666,81222
ZCTA5 81223,51889,81223
ZCTA5 81224,89907,81224
ZCTA5 81225,85357,81225
ZCTA5 81226,53969,81226
ZCTA5 81227,-666666666,81227
ZCTA5 81228,-666666666,81228
ZCTA5 81230,77942,81230
ZCTA5 81232,-666666666,81232
ZCTA5 81233,60386,81233
ZCTA5 81235,79000,81235
ZCTA5 81236,98170,81236
ZCTA5 81237,134038,81237
ZCTA5 81239,-666666666,81239
ZCTA5 81240,90417,81240
ZCTA5 81241,-666666666,81241
ZCTA5 81242,95865,81242
ZCTA5 81243,73636,81243
ZCTA5 81244,51250,81244
ZCTA5 81248,-666666666,81248
ZCTA5 81251,105600,81251
ZCTA5 81252,69527,81252
ZCTA5 81253,76346,81253
ZCTA5 81301,83943,81301
ZCTA5 81303,88103,81303
ZCTA5 81320,-666666666,81320
ZCTA5 81321,59506,81321
ZCTA5 81323,75393,81323
ZCTA5 81324,71630,81324
ZCTA5 81325,56750,81325
ZCTA5 81326,80089,81326
ZCTA5 81327,94349,81327
ZCTA5 81328,72522,81328
ZCTA5 81330,-666666666,81330
ZCTA5 81331,84353,81331
ZCTA5 81332,104250,81332
ZCTA5 81334,-666666666,81334
ZCTA5 81335,-666666666,81335
ZCTA5 81401,71286,81401
ZCTA5 81403,80893,81403
ZCTA5 81410,67826,81410
ZCTA5 81411,59375,81411
ZCTA5 81413,58465,81413
ZCTA5 81415,59141,81415
ZCTA5 81416,50243,81416
ZCTA5 81418,54417,81418
ZCTA5 81419,59735,81419
ZCTA5 81422,27917,81422
ZCTA5 81423,62125,81423
ZCTA5 81424,39960,81424
ZCTA5 81425,73682,81425
ZCTA5 81426,135179,81426
ZCTA5 81427,84167,81427
ZCTA5 81428,75799,81428
ZCTA5 81429,69000,81429
ZCTA5 81430,74148,81430
ZCTA5 81431,83304,81431
ZCTA5 81432,90882,81432
ZCTA5 81433,62317,81433
ZCTA5 81434,143074,81434
ZCTA5 81435,83076,81435
ZCTA5 81501,53666,81501
ZCTA5 81503,75053,81503
ZCTA5 81504,70958,81504
ZCTA5 81505,90830,81505
ZCTA5 81506,78651,81506
ZCTA5 81507,107528,81507
ZCTA5 81520,50283,81520
ZCTA5 81521,88458,81521
ZCTA5 81522,-666666666,81522
ZCTA5 81523,106518,81523
ZCTA5 81524,99947,81524
ZCTA5 81525,113796,81525
ZCTA5 81526,87500,81526
ZCTA5 81527,76815,81527
ZCTA5 81601,109129,81601
ZCTA5 81610,51105,81610
ZCTA5 81611,82664,81611
ZCTA5 81612,-666666666,81612
ZCTA5 81615,102959,81615
ZCTA5 81620,102775,81620
ZCTA5 81621,104754,81621
ZCTA5 81623,109661,81623
ZCTA5 81624,91739,81624
ZCTA5 81625,75812,81625
ZCTA5 81630,64875,81630
ZCTA5 81631,113662,81631
ZCTA5 81632,83712,81632
ZCTA5 81633,-666666666,81633
ZCTA5 81635,73278,81635
ZCTA5 81637,109209,81637
ZCTA5 81638,-666666666,81638
ZCTA5 81639,110404,81639
ZCTA5 81640,-666666666,81640
ZCTA5 81641,63070,81641
ZCTA5 81642,-666666666,81642
ZCTA5 81643,106813,81643
ZCTA5 81645,102039,81645
ZCTA5 81646,67321,81646
ZCTA5 81647,78352,81647
ZCTA5 81648,71705,81648
ZCTA5 81649,-666666666,81649
ZCTA5 81650,81025,81650
ZCTA5 81652,101038,81652
ZCTA5 81653,-666666666,81653
ZCTA5 81654,141111,81654
ZCTA5 81655,125539,81655
ZCTA5 81656,250001,81656
ZCTA5 81657,100573,81657
ZCTA5 82001,75362,82001
ZCTA5 82005,-666666666,82005
ZCTA5 82007,58745,82007
ZCTA5 82009,103835,82009
ZCTA5 82050,-666666666,82050
ZCTA5 82051,-666666666,82051
ZCTA5 82052,-666666666,82052
ZCTA5 82053,115486,82053
ZCTA5 82054,52981,82054
ZCTA5 82055,110579,82055
ZCTA5 82058,-666666666,82058
ZCTA5 82059,148750,82059
ZCTA5 82060,-666666666,82060
ZCTA5 82061,-666666666,82061
ZCTA5 82063,105208,82063
ZCTA5 82070,69095,82070
ZCTA5 82072,53863,82072
ZCTA5 82073,-666666666,82073
ZCTA5 82081,-666666666,82081
ZCTA5 82082,69347,82082
ZCTA5 82083,49000,82083
ZCTA5 82084,-666666666,82084
ZCTA5 82190,64674,82190
ZCTA5 82201,64982,82201
ZCTA5 82210,68200,82210
ZCTA5 82212,48529,82212
ZCTA5 82213,71225,82213
ZCTA5 82214,77784,82214
ZCTA5 82215,137589,82215
ZCTA5 82217,-666666666,82217
ZCTA5 82218,-666666666,82218
ZCTA5 82219,-666666666,82219
ZCTA5 82221,34563,82221
ZCTA5 82222,62742,82222
ZCTA5 82223,63194,82223
ZCTA5 82224,-666666666,82224
ZCTA5 82225,68422,82225
ZCTA5 82227,31827,82227
ZCTA5 82229,-666666666,82229
ZCTA5 82240,60766,82240
ZCTA5 82242,-666666666,82242
ZCTA5 82243,-666666666,82243
ZCTA5 82244,83000,82244
ZCTA5 82301,62841,82301
ZCTA5 82310,-666666666,82310
ZCTA5 82321,70250,82321
ZCTA5 82322,40250,82322
ZCTA5 82323,73594,82323
ZCTA5 82324,58500,82324
ZCTA5 82325,74167,82325
ZCTA5 82327,75540,82327
ZCTA5 82329,-666666666,82329
ZCTA5 82331,95610,82331
ZCTA5 82332,-666666666,82332
ZCTA5 82334,75208,82334
ZCTA5 82335,-666666666,82335
ZCTA5 82336,57298,82336
ZCTA5 82401,65583,82401
ZCTA5 82410,68839,82410
ZCTA5 82411,103958,82411
ZCTA5 82412,64583,82412
ZCTA5 82414,77958,82414
ZCTA5 82420,77679,82420
ZCTA5 82421,42222,82421
ZCTA5 82422,-666666666,82422
ZCTA5 82423,-666666666,82423
ZCTA5 82426,67083,82426
ZCTA5 82428,-666666666,82428
ZCTA5 82430,35417,82430
ZCTA5 82431,60295,82431
ZCTA5 82432,44750,82432
ZCTA5 82433,44881,82433
ZCTA5 82434,-666666666,82434
ZCTA5 82435,67534,82435
ZCTA5 82440,-666666666,82440
ZCTA5 82441,60069,82441
ZCTA5 82442,61300,82442
ZCTA5 82443,62767,82443
ZCTA5 82450,193964,82450
ZCTA5 82501,60449,82501
ZCTA5 82510,55000,82510
ZCTA5 82512,-666666666,82512
ZCTA5 82513,66332,82513
ZCTA5 82514,31667,82514
ZCTA5 82515,53000,82515
ZCTA5 82516,40208,82516
ZCTA5 82520,76959,82520
ZCTA5 82523,57188,82523
ZCTA5 82601,67642,82601
ZCTA5 82604,79118,82604
ZCTA5 82609,71010,82609
ZCTA5 82620,-666666666,82620
ZCTA5 82630,-666666666,82630
ZCTA5 82633,82412,82633
ZCTA5 82635,34886,82635
ZCTA5 82636,86638,82636
ZCTA5 82637,80038,82637
ZCTA5 82638,-666666666,82638
ZCTA5 82639,72112,82639
ZCTA5 82640,250001,82640
ZCTA5 82642,80000,82642
ZCTA5 82643,77800,82643
ZCTA5 82644,53750,82644
ZCTA5 82646,-666666666,82646
ZCTA5 82648,-666666666,82648
ZCTA5 82649,69375,82649
ZCTA5 82701,90922,82701
ZCTA5 82710,53603,82710
ZCTA5 82711,58623,82711
ZCTA5 82712,-666666666,82712
ZCTA5 82714,-666666666,82714
ZCTA5 82716,73155,82716
ZCTA5 82718,104458,82718
ZCTA5 82720,80170,82720
ZCTA5 82721,72865,82721
ZCTA5 82723,116429,82723
ZCTA5 82725,-666666666,82725
ZCTA5 82727,97972,82727
ZCTA5 82729,89306,82729
ZCTA5 82730,72159,82730
ZCTA5 82731,-666666666,82731
ZCTA5 82732,78355,82732
ZCTA5 82801,73213,82801
ZCTA5 82831,127500,82831
ZCTA5 82832,94375,82832
ZCTA5 82833,-666666666,82833
ZCTA5 82834,63395,82834
ZCTA5 82835,103750,82835
ZCTA5 82836,79375,82836
ZCTA5 82837,54531,82837
ZCTA5 82838,65815,82838
ZCTA5 82839,57708,82839
ZCTA5 82842,105859,82842
ZCTA5 82844,-666666666,82844
ZCTA5 82845,-666666666,82845
ZCTA5 82901,69954,82901
ZCTA5 82922,-666666666,82922
ZCTA5 82923,-666666666,82923
ZCTA5 82925,250001,82925
ZCTA5 82929,-666666666,82929
ZCTA5 82930,81042,82930
ZCTA5 82932,87632,82932
ZCTA5 82933,128819,82933
ZCTA5 82934,83375,82934
ZCTA5 82935,87993,82935
ZCTA5 82936,-666666666,82936
ZCTA5 82937,98000,82937
ZCTA5 82938,105323,82938
ZCTA5 82939,98171,82939
ZCTA5 82941,91429,82941
ZCTA5 82942,-666666666,82942
ZCTA5 82943,-666666666,82943
ZCTA5 82944,250001,82944
ZCTA5 82945,68036,82945
ZCTA5 83001,124717,83001
ZCTA5 83011,250001,83011
ZCTA5 83012,-666666666,83012
ZCTA5 83013,140325,83013
ZCTA5 83014,140473,83014
ZCTA5 83025,106611,83025
ZCTA5 83101,76947,83101
ZCTA5 83110,86731,83110
ZCTA5 83111,131000,83111
ZCTA5 83112,158913,83112
ZCTA5 83113,75385,83113
ZCTA5 83114,85536,83114
ZCTA5 83115,-666666666,83115
ZCTA5 83116,67019,83116
ZCTA5 83118,69508,83118
ZCTA5 83119,-666666666,83119
ZCTA5 83120,59200,83120
ZCTA5 83121,-666666666,83121
ZCTA5 83122,-666666666,83122
ZCTA5 83123,160250,83123
ZCTA5 83124,87500,83124
ZCTA5 83126,111172,83126
ZCTA5 83127,87743,83127
ZCTA5 83128,112476,83128
ZCTA5 83201,66357,83201
ZCTA5 83202,70423,83202
ZCTA5 83203,-666666666,83203
ZCTA5 83204,57146,83204
ZCTA5 83209,19336,83209
ZCTA5 83210,74615,83210
ZCTA5 83211,65483,83211
ZCTA5 83212,-666666666,83212
ZCTA5 83213,43472,83213
ZCTA5 83214,80333,83214
ZCTA5 83215,41250,83215
ZCTA5 83217,74688,83217
ZCTA5 83218,78472,83218
ZCTA5 83220,78021,83220
ZCTA5 83221,75172,83221
ZCTA5 83223,79583,83223
ZCTA5 83226,36458,83226
ZCTA5 83227,-666666666,83227
ZCTA5 83228,73750,83228
ZCTA5 83232,86302,83232
ZCTA5 83233,-666666666,83233
ZCTA5 83234,81083,83234
ZCTA5 83235,-666666666,83235
ZCTA5 83236,68214,83236
ZCTA5 83237,86053,83237
ZCTA5 83238,90491,83238
ZCTA5 83239,85000,83239
ZCTA5 83241,71298,83241
ZCTA5 83243,-666666666,83243
ZCTA5 83244,-666666666,83244
ZCTA5 83245,93005,83245
ZCTA5 83246,73125,83246
ZCTA5 83250,73555,83250
ZCTA5 83251,73482,83251
ZCTA5 83252,76328,83252
ZCTA5 83253,-666666666,83253
ZCTA5 83254,64839,83254
ZCTA5 83255,70714,83255
ZCTA5 83261,95000,83261
ZCTA5 83262,59900,83262
ZCTA5 83263,62500,83263
ZCTA5 83271,62250,83271
ZCTA5 83272,77614,83272
ZCTA5 83274,92669,83274
ZCTA5 83276,64750,83276
ZCTA5 83277,63654,83277
ZCTA5 83278,81602,83278
ZCTA5 83281,131213,83281
ZCTA5 83283,-666666666,83283
ZCTA5 83285,-666666666,83285
ZCTA5 83286,92500,83286
ZCTA5 83287,102059,83287
ZCTA5 83301,62647,83301
ZCTA5 83302,108281,83302
ZCTA5 83311,101167,83311
ZCTA5 83312,57155,83312
ZCTA5 83313,74575,83313
ZCTA5 83314,66771,83314
ZCTA5 83316,69593,83316
ZCTA5 83318,71282,83318
ZCTA5 83320,57813,83320
ZCTA5 83321,60000,83321
ZCTA5 83322,-666666666,83322
ZCTA5 83323,60625,83323
ZCTA5 83324,70066,83324
ZCTA5 83325,76375,83325
ZCTA5 83327,66250,83327
ZCTA5 83328,70851,83328
ZCTA5 83330,60842,83330
ZCTA5 83332,64792,83332
ZCTA5 83333,99704,83333
ZCTA5 83334,64583,83334
ZCTA5 83335,61053,83335
ZCTA5 83336,71191,83336
ZCTA5 83337,-666666666,83337
ZCTA5 83338,72072,83338
ZCTA5 83340,93556,83340
ZCTA5 83341,99100,83341
ZCTA5 83342,56818,83342
ZCTA5 83344,65417,83344
ZCTA5 83346,70114,83346
ZCTA5 83347,79643,83347
ZCTA5 83348,-666666666,83348
ZCTA5 83349,70795,83349
ZCTA5 83350,61806,83350
ZCTA5 83352,70057,83352
ZCTA5 83353,126645,83353
ZCTA5 83354,-666666666,83354
ZCTA5 83355,65764,83355
ZCTA5 83401,78497,83401
ZCTA5 83402,74517,83402
ZCTA5 83404,82103,83404
ZCTA5 83406,86991,83406
ZCTA5 83414,-666666666,83414
ZCTA5 83420,69286,83420
ZCTA5 83421,-666666666,83421
ZCTA5 83422,96530,83422
ZCTA5 83423,53472,83423
ZCTA5 83424,150714,83424
ZCTA5 83425,80833,83425
ZCTA5 83427,84009,83427
ZCTA5 83428,68750,83428
ZCTA5 83429,78565,83429
ZCTA5 83431,90833,83431
ZCTA5 83433,94250,83433
ZCTA5 83434,82731,83434
ZCTA5 83435,73750,83435
ZCTA5 83436,80000,83436
ZCTA5 83438,145714,83438
ZCTA5 83440,58159,83440
ZCTA5 83442,88260,83442
ZCTA5 83443,65590,83443
ZCTA5 83444,88438,83444
ZCTA5 83445,68012,83445
ZCTA5 83446,74688,83446
ZCTA5 83448,76000,83448
ZCTA5 83449,82368,83449
ZCTA5 83450,70046,83450
ZCTA5 83451,67946,83451
ZCTA5 83452,72083,83452
ZCTA5 83454,66607,83454
ZCTA5 83455,121964,83455
ZCTA5 83460,-666666666,83460
ZCTA5 83462,-666666666,83462
ZCTA5 83463,58000,83463
ZCTA5 83464,40625,83464
ZCTA5 83465,64464,83465
ZCTA5 83466,-666666666,83466
ZCTA5 83467,53917,83467
ZCTA5 83468,85250,83468
ZCTA5 83469,-666666666,83469
ZCTA5 83501,73629,83501
ZCTA5 83520,25688,83520
ZCTA5 83522,79688,83522
ZCTA5 83523,63036,83523
ZCTA5 83524,63333,83524
ZCTA5 83525,44857,83525
ZCTA5 83526,70357,83526
ZCTA5 83530,79477,83530
ZCTA5 83533,128750,83533
ZCTA5 83535,57647,83535
ZCTA5 83536,53707,83536
ZCTA5 83537,71917,83537
ZCTA5 83539,57885,83539
ZCTA5 83540,62963,83540
ZCTA5 83541,62569,83541
ZCTA5 83542,-666666666,83542
ZCTA5 83543,62679,83543
ZCTA5 83544,69458,83544
ZCTA5 83545,63750,83545
ZCTA5 83546,53594,83546
ZCTA5 83547,49479,83547
ZCTA5 83548,73750,83548
ZCTA5 83549,56488,83549
ZCTA5 83552,56172,83552
ZCTA5 83553,39191,83553
ZCTA5 83554,39128,83554
ZCTA5 83555,56250,83555
ZCTA5 83602,-666666666,83602
ZCTA5 83604,51810,83604
ZCTA5 83605,68427,83605
ZCTA5 83607,85399,83607
ZCTA5 83610,65625,83610
ZCTA5 83611,77411,83611
ZCTA5 83612,54810,83612
ZCTA5 83615,74732,83615
ZCTA5 83616,125203,83616
ZCTA5 83617,65291,83617
ZCTA5 83619,66267,83619
ZCTA5 83622,65625,83622
ZCTA5 83623,58145,83623
ZCTA5 83624,44583,83624
ZCTA5 83626,69531,83626
ZCTA5 83627,61250,83627
ZCTA5 83628,68854,83628
ZCTA5 83629,72500,83629
ZCTA5 83631,80714,83631
ZCTA5 83632,51583,83632
ZCTA5 83633,84394,83633
ZCTA5 83634,97171,83634
ZCTA5 83636,85761,83636
ZCTA5 83637,46944,83637
ZCTA5 83638,75217,83638
ZCTA5 83639,64042,83639
ZCTA5 83641,84730,83641
ZCTA5 83642,96909,83642
ZCTA5 83643,65208,83643
ZCTA5 83644,97293,83644
ZCTA5 83645,65417,83645
ZCTA5 83646,102861,83646
ZCTA5 83647,63760,83647
ZCTA5 83648,74196,83648
ZCTA5 83650,57396,83650
ZCTA5 83651,69914,83651
ZCTA5 83654,91750,83654
ZCTA5 83655,84542,83655
ZCTA5 83656,64750,83656
ZCTA5 83657,51183,83657
ZCTA5 83660,63653,83660
ZCTA5 83661,59351,83661
ZCTA5 83666,63125,83666
ZCTA5 83669,100091,83669
ZCTA5 83670,91685,83670
ZCTA5 83672,51045,83672
ZCTA5 83676,67176,83676
ZCTA5 83677,-666666666,83677
ZCTA5 83686,86518,83686
ZCTA5 83687,76682,83687
ZCTA5 83702,85733,83702
ZCTA5 83703,76910,83703
ZCTA5 83704,73390,83704
ZCTA5 83705,64731,83705
ZCTA5 83706,82893,83706
ZCTA5 83709,92786,83709
ZCTA5 83712,105574,83712
ZCTA5 83713,91295,83713
ZCTA5 83714,87651,83714
ZCTA5 83716,128822,83716
ZCTA5 83720,-666666666,83720
ZCTA5 83725,-666666666,83725
ZCTA5 83801,71108,83801
ZCTA5 83802,78906,83802
ZCTA5 83803,60818,83803
ZCTA5 83804,59302,83804
ZCTA5 83805,70083,83805
ZCTA5 83806,43125,83806
ZCTA5 83808,-666666666,83808
ZCTA5 83809,124615,83809
ZCTA5 83810,132344,83810
ZCTA5 83811,44930,83811
ZCTA5 83812,72500,83812
ZCTA5 83813,90156,83813
ZCTA5 83814,74782,83814
ZCTA5 83815,77864,83815
ZCTA5 83821,-666666666,83821
ZCTA5 83822,56490,83822
ZCTA5 83823,78345,83823
ZCTA5 83824,53036,83824
ZCTA5 83825,53125,83825
ZCTA5 83826,-666666666,83826
ZCTA5 83827,54327,83827
ZCTA5 83830,108182,83830
ZCTA5 83832,91250,83832
ZCTA5 83833,81568,83833
ZCTA5 83834,98594,83834
ZCTA5 83835,91316,83835
ZCTA5 83836,97083,83836
ZCTA5 83837,45885,83837
ZCTA5 83839,63889,83839
ZCTA5 83840,70833,83840
ZCTA5 83841,50789,83841
ZCTA5 83842,91429,83842
ZCTA5 83843,59444,83843
ZCTA5 83844,-666666666,83844
ZCTA5 83845,72695,83845
ZCTA5 83846,59844,83846
ZCTA5 83847,48859,83847
ZCTA5 83848,127313,83848
ZCTA5 83849,52639,83849
ZCTA5 83850,67574,83850
ZCTA5 83851,57356,83851
ZCTA5 83852,50385,83852
ZCTA5 83854,82742,83854
ZCTA5 83855,84423,83855
ZCTA5 83856,75285,83856
ZCTA5 83857,78185,83857
ZCTA5 83858,95380,83858
ZCTA5 83860,71563,83860
ZCTA5 83861,65508,83861
ZCTA5 83864,70496,83864
ZCTA5 83866,31711,83866
ZCTA5 83867,90074,83867
ZCTA5 83868,51270,83868
ZCTA5 83869,67099,83869
ZCTA5 83870,51250,83870
ZCTA5 83871,89750,83871
ZCTA5 83872,100242,83872
ZCTA5 83873,45852,83873
ZCTA5 83874,42500,83874
ZCTA5 83876,60729,83876
ZCTA5 84001,81094,84001
ZCTA5 84002,83125,84002
ZCTA5 84003,120330,84003
ZCTA5 84004,170500,84004
ZCTA5 84005,113437,84005
ZCTA5 84006,83000,84006
ZCTA5 84007,91042,84007
ZCTA5 84008,-666666666,84008
ZCTA5 84009,137922,84009
ZCTA5 84010,102445,84010
ZCTA5 84013,105000,84013
ZCTA5 84014,123130,84014
ZCTA5 84015,95519,84015
ZCTA5 84017,95900,84017
ZCTA5 84018,-666666666,84018
ZCTA5 84020,128910,84020
ZCTA5 84021,73819,84021
ZCTA5 84022,101667,84022
ZCTA5 84023,50833,84023
ZCTA5 84024,-666666666,84024
ZCTA5 84025,127338,84025
ZCTA5 84026,32321,84026
ZCTA5 84027,75556,84027
ZCTA5 84028,47083,84028
ZCTA5 84029,101365,84029
ZCTA5 84031,71111,84031
ZCTA5 84032,103440,84032
ZCTA5 84033,94038,84033
ZCTA5 84034,-666666666,84034
ZCTA5 84035,-666666666,84035
ZCTA5 84036,120769,84036
ZCTA5 84037,134375,84037
ZCTA5 84038,95714,84038
ZCTA5 84039,60893,84039
ZCTA5 84040,128365,84040
ZCTA5 84041,89604,84041
ZCTA5 84042,121275,84042
ZCTA5 84043,129852,84043
ZCTA5 84044,90346,84044
ZCTA5 84045,130331,84045
ZCTA5 84046,76250,84046
ZCTA5 84047,75954,84047
ZCTA5 84049,151343,84049
ZCTA5 84050,131170,84050
ZCTA5 84051,106719,84051
ZCTA5 84052,59167,84052
ZCTA5 84053,70000,84053
ZCTA5 84054,101860,84054
ZCTA5 84055,126071,84055
ZCTA5 84056,69352,84056
ZCTA5 84057,82780,84057
ZCTA5 84058,74553,84058
ZCTA5 84059,105271,84059
ZCTA5 84060,128295,84060
ZCTA5 84061,177500,84061
ZCTA5 84062,105649,84062
ZCTA5 84063,-666666666,84063
ZCTA5 84064,88487,84064
ZCTA5 84065,128192,84065
ZCTA5 84066,79494,84066
ZCTA5 84067,91115,84067
ZCTA5 84069,88269,84069
ZCTA5 84070,78991,84070
ZCTA5 84071,134179,84071
ZCTA5 84072,74911,84072
ZCTA5 84073,59313,84073
ZCTA5 84074,108341,84074
ZCTA5 84075,133286,84075
ZCTA5 84076,124375,84076
ZCTA5 84078,75113,84078
ZCTA5 84080,81307,84080
ZCTA5 84081,119970,84081
ZCTA5 84082,126875,84082
ZCTA5 84083,44173,84083
ZCTA5 84084,96056,84084
ZCTA5 84085,58250,84085
ZCTA5 84086,81328,84086
ZCTA5 84087,132774,84087
ZCTA5 84088,105142,84088
ZCTA5 84092,151500,84092
ZCTA5 84093,138556,84093
ZCTA5 84094,106732,84094
ZCTA5 84095,126968,84095
ZCTA5 84096,122881,84096
ZCTA5 84097,94194,84097
ZCTA5 84098,174119,84098
ZCTA5 84101,72735,84101
ZCTA5 84102,52199,84102
ZCTA5 84103,83916,84103
ZCTA5 84104,61425,84104
ZCTA5 84105,99562,84105
ZCTA5 84106,101551,84106
ZCTA5 84107,72108,84107
ZCTA5 84108,120854,84108
ZCTA5 84109,145034,84109
ZCTA5 84111,52952,84111
ZCTA5 84112,10296,84112
ZCTA5 84113,-666666666,84113
ZCTA5 84114,-666666666,84114
ZCTA5 84115,65548,84115
ZCTA5 84116,66751,84116
ZCTA5 84117,87813,84117
ZCTA5 84118,90562,84118
ZCTA5 84119,71378,84119
ZCTA5 84120,94306,84120
ZCTA5 84121,115515,84121
ZCTA5 84123,81271,84123
ZCTA5 84124,120408,84124
ZCTA5 84128,110726,84128
ZCTA5 84129,95844,84129
ZCTA5 84138,-666666666,84138
ZCTA5 84150,-666666666,84150
ZCTA5 84180,-666666666,84180
ZCTA5 84301,89583,84301
ZCTA5 84302,79706,84302
ZCTA5 84304,-666666666,84304
ZCTA5 84305,64583,84305
ZCTA5 84306,121250,84306
ZCTA5 84307,80441,84307
ZCTA5 84308,83333,84308
ZCTA5 84309,100000,84309
ZCTA5 84310,130208,84310
ZCTA5 84311,77841,84311
ZCTA5 84312,83088,84312
ZCTA5 84313,-666666666,84313
ZCTA5 84314,87578,84314
ZCTA5 84315,109989,84315
ZCTA5 84316,88015,84316
ZCTA5 84317,130040,84317
ZCTA5 84318,113194,84318
ZCTA5 84319,89189,84319
ZCTA5 84320,103810,84320
ZCTA5 84321,69148,84321
ZCTA5 84322,-666666666,84322
ZCTA5 84324,142188,84324
ZCTA5 84325,116094,84325
ZCTA5 84326,91971,84326
ZCTA5 84327,77024,84327
ZCTA5 84328,113646,84328
ZCTA5 84329,-666666666,84329
ZCTA5 84330,86518,84330
ZCTA5 84331,65625,84331
ZCTA5 84332,117987,84332
ZCTA5 84333,108750,84333
ZCTA5 84334,-666666666,84334
ZCTA5 84335,97979,84335
ZCTA5 84336,89392,84336
ZCTA5 84337,81683,84337
ZCTA5 84338,95313,84338
ZCTA5 84339,112744,84339
ZCTA5 84340,108304,84340
ZCTA5 84341,69310,84341
ZCTA5 84401,80758,84401
ZCTA5 84403,88236,84403
ZCTA5 84404,85057,84404
ZCTA5 84405,84106,84405
ZCTA5 84408,-666666666,84408
ZCTA5 84414,114833,84414
ZCTA5 84501,58617,84501
ZCTA5 84511,73218,84511
ZCTA5 84512,54375,84512
ZCTA5 84513,82958,84513
ZCTA5 84515,-666666666,84515
ZCTA5 84516,75250,84516
ZCTA5 84518,73594,84518
ZCTA5 84520,38482,84520
ZCTA5 84521,49583,84521
ZCTA5 84522,73125,84522
ZCTA5 84523,71212,84523
ZCTA5 84525,67155,84525
ZCTA5 84526,59850,84526
ZCTA5 84528,71053,84528
ZCTA5 84529,-666666666,84529
ZCTA5 84530,-666666666,84530
ZCTA5 84531,32200,84531
ZCTA5 84532,68444,84532
ZCTA5 84533,-666666666,84533
ZCTA5 84534,47708,84534
ZCTA5 84535,75625,84535
ZCTA5 84536,35250,84536
ZCTA5 84537,90086,84537
ZCTA5 84539,36927,84539
ZCTA5 84540,-666666666,84540
ZCTA5 84542,61466,84542
ZCTA5 84601,67207,84601
ZCTA5 84602,-666666666,84602
ZCTA5 84604,75571,84604
ZCTA5 84606,52811,84606
ZCTA5 84620,88810,84620
ZCTA5 84621,-666666666,84621
ZCTA5 84622,77778,84622
ZCTA5 84623,-666666666,84623
ZCTA5 84624,75469,84624
ZCTA5 84626,-666666666,84626
ZCTA5 84627,72875,84627
ZCTA5 84628,69167,84628
ZCTA5 84629,65962,84629
ZCTA5 84630,75833,84630
ZCTA5 84631,67115,84631
ZCTA5 84632,72996,84632
ZCTA5 84633,95147,84633
ZCTA5 84634,72130,84634
ZCTA5 84635,82813,84635
ZCTA5 84636,72500,84636
ZCTA5 84637,80357,84637
ZCTA5 84638,95625,84638
ZCTA5 84639,83802,84639
ZCTA5 84640,54688,84640
ZCTA5 84642,66250,84642
ZCTA5 84643,69870,84643
ZCTA5 84644,48750,84644
ZCTA5 84645,111250,84645
ZCTA5 84646,64324,84646
ZCTA5 84647,65970,84647
ZCTA5 84648,106604,84648
ZCTA5 84649,73479,84649
ZCTA5 84651,96999,84651
ZCTA5 84652,83750,84652
ZCTA5 84653,112454,84653
ZCTA5 84654,64015,84654
ZCTA5 84655,100734,84655
ZCTA5 84656,75313,84656
ZCTA5 84657,79083,84657
ZCTA5 84660,104355,84660
ZCTA5 84662,73295,84662
ZCTA5 84663,90252,84663
ZCTA5 84664,132601,84664
ZCTA5 84665,-666666666,84665
ZCTA5 84667,71250,84667
ZCTA5 84701,73943,84701
ZCTA5 84710,-666666666,84710
ZCTA5 84711,81042,84711
ZCTA5 84712,41250,84712
ZCTA5 84713,77778,84713
ZCTA5 84714,58155,84714
ZCTA5 84715,76875,84715
ZCTA5 84716,52022,84716
ZCTA5 84718,31250,84718
ZCTA5 84719,75125,84719
ZCTA5 84720,67670,84720
ZCTA5 84721,67299,84721
ZCTA5 84722,115486,84722
ZCTA5 84723,75179,84723
ZCTA5 84724,49438,84724
ZCTA5 84725,95156,84725
ZCTA5 84726,67235,84726
ZCTA5 84728,-666666666,84728
ZCTA5 84729,50625,84729
ZCTA5 84730,89500,84730
ZCTA5 84731,-666666666,84731
ZCTA5 84732,-666666666,84732
ZCTA5 84733,130179,84733
ZCTA5 84734,38095,84734
ZCTA5 84735,50682,84735
ZCTA5 84736,49375,84736
ZCTA5 84737,75545,84737
ZCTA5 84738,77993,84738
ZCTA5 84739,85313,84739
ZCTA5 84740,56750,84740
ZCTA5 84741,85417,84741
ZCTA5 84742,138929,84742
ZCTA5 84743,43250,84743
ZCTA5 84744,76563,84744
ZCTA5 84745,68269,84745
ZCTA5 84746,93889,84746
ZCTA5 84747,96818,84747
ZCTA5 84749,-666666666,84749
ZCTA5 84750,28750,84750
ZCTA5 84751,81908,84751
ZCTA5 84752,74792,84752
ZCTA5 84753,-666666666,84753
ZCTA5 84754,72794,84754
ZCTA5 84755,68295,84755
ZCTA5 84756,85489,84756
ZCTA5 84757,85104,84757
ZCTA5 84758,84545,84758
ZCTA5 84759,74441,84759
ZCTA5 84760,42465,84760
ZCTA5 84761,51538,84761
ZCTA5 84762,65167,84762
ZCTA5 84763,54722,84763
ZCTA5 84764,57553,84764
ZCTA5 84765,96475,84765
ZCTA5 84766,-666666666,84766
ZCTA5 84767,63333,84767
ZCTA5 84770,70024,84770
ZCTA5 84772,-666666666,84772
ZCTA5 84773,123164,84773
ZCTA5 84774,97813,84774
ZCTA5 84775,102188,84775
ZCTA5 84776,72031,84776
ZCTA5 84779,68750,84779
ZCTA5 84780,91963,84780
ZCTA5 84781,104286,84781
ZCTA5 84782,75625,84782
ZCTA5 84783,-666666666,84783
ZCTA5 84784,78523,84784
ZCTA5 84790,91054,84790
ZCTA5 85003,60461,85003
ZCTA5 85004,73750,85004
ZCTA5 85006,58248,85006
ZCTA5 85007,63616,85007
ZCTA5 85008,66353,85008
ZCTA5 85009,52054,85009
ZCTA5 85012,86620,85012
ZCTA5 85013,71966,85013
ZCTA5 85014,66731,85014
ZCTA5 85015,54874,85015
ZCTA5 85016,87850,85016
ZCTA5 85017,58346,85017
ZCTA5 85018,93885,85018
ZCTA5 85019,68528,85019
ZCTA5 85020,83735,85020
ZCTA5 85021,59768,85021
ZCTA5 85022,69927,85022
ZCTA5 85023,77369,85023
ZCTA5 85024,106724,85024
ZCTA5 85026,-666666666,85026
ZCTA5 85027,76605,85027
ZCTA5 85028,125054,85028
ZCTA5 85029,64556,85029
ZCTA5 85031,70412,85031
ZCTA5 85032,78643,85032
ZCTA5 85033,64144,85033
ZCTA5 85034,63559,85034
ZCTA5 85035,60440,85035
ZCTA5 85037,84016,85037
ZCTA5 85040,60727,85040
ZCTA5 85041,75301,85041
ZCTA5 85042,88717,85042
ZCTA5 85043,78257,85043
ZCTA5 85044,96820,85044
ZCTA5 85045,153583,85045
ZCTA5 85048,122833,85048
ZCTA5 85050,139836,85050
ZCTA5 85051,69189,85051
ZCTA5 85053,70011,85053
ZCTA5 85054,91507,85054
ZCTA5 85083,149087,85083
ZCTA5 85085,128984,85085
ZCTA5 85086,121676,85086
ZCTA5 85087,138566,85087
ZCTA5 85118,86393,85118
ZCTA5 85119,71585,85119
ZCTA5 85120,57786,85120
ZCTA5 85121,31173,85121
ZCTA5 85122,68443,85122
ZCTA5 85123,69137,85123
ZCTA5 85128,65477,85128
ZCTA5 85131,56576,85131
ZCTA5 85132,79000,85132
ZCTA5 85135,29722,85135
ZCTA5 85137,57946,85137
ZCTA5 85138,95867,85138
ZCTA5 85139,86894,85139
ZCTA5 85140,101477,85140
ZCTA5 85141,71346,85141
ZCTA5 85142,129367,85142
ZCTA5 85143,93707,85143
ZCTA5 85145,80357,85145
ZCTA5 85147,48517,85147
ZCTA5 85172,71806,85172
ZCTA5 85173,46128,85173
ZCTA5 85191,-666666666,85191
ZCTA5 85192,59922,85192
ZCTA5 85193,57930,85193
ZCTA5 85194,82935,85194
ZCTA5 85201,67294,85201
ZCTA5 85202,71619,85202
ZCTA5 85203,73578,85203
ZCTA5 85204,72216,85204
ZCTA5 85205,73283,85205
ZCTA5 85206,75607,85206
ZCTA5 85207,108699,85207
ZCTA5 85208,69390,85208
ZCTA5 85209,84432,85209
ZCTA5 85210,61957,85210
ZCTA5 85212,125902,85212
ZCTA5 85213,103969,85213
ZCTA5 85215,98831,85215
ZCTA5 85224,94516,85224
ZCTA5 85225,88676,85225
ZCTA5 85226,114817,85226
ZCTA5 85233,111160,85233
ZCTA5 85234,121102,85234
ZCTA5 85236,-666666666,85236
ZCTA5 85248,94495,85248
ZCTA5 85249,153633,85249
ZCTA5 85250,95761,85250
ZCTA5 85251,92851,85251
ZCTA5 85253,184979,85253
ZCTA5 85254,123203,85254
ZCTA5 85255,140616,85255
ZCTA5 85256,44844,85256
ZCTA5 85257,86962,85257
ZCTA5 85258,114111,85258
ZCTA5 85259,137895,85259
ZCTA5 85260,97177,85260
ZCTA5 85262,177790,85262
ZCTA5 85263,145053,85263
ZCTA5 85264,60729,85264
ZCTA5 85266,151923,85266
ZCTA5 85268,112795,85268
ZCTA5 85281,64538,85281
ZCTA5 85282,79036,85282
ZCTA5 85283,84568,85283
ZCTA5 85284,156146,85284
ZCTA5 85286,121758,85286
ZCTA5 85295,118467,85295
ZCTA5 85296,118982,85296
ZCTA5 85297,130755,85297
ZCTA5 85298,156425,85298
ZCTA5 85301,53827,85301
ZCTA5 85302,65132,85302
ZCTA5 85303,80650,85303
ZCTA5 85304,86927,85304
ZCTA5 85305,88167,85305
ZCTA5 85306,84779,85306
ZCTA5 85307,82888,85307
ZCTA5 85308,95247,85308
ZCTA5 85309,-666666666,85309
ZCTA5 85310,122137,85310
ZCTA5 85320,47731,85320
ZCTA5 85321,53180,85321
ZCTA5 85322,75417,85322
ZCTA5 85323,83120,85323
ZCTA5 85324,47465,85324
ZCTA5 85325,47691,85325
ZCTA5 85326,89876,85326
ZCTA5 85328,-666666666,85328
ZCTA5 85329,36399,85329
ZCTA5 85331,129083,85331
ZCTA5 85332,56165,85332
ZCTA5 85333,39722,85333
ZCTA5 85334,39143,85334
ZCTA5 85335,78050,85335
ZCTA5 85336,49152,85336
ZCTA5 85337,55365,85337
ZCTA5 85338,101744,85338
ZCTA5 85339,110602,85339
ZCTA5 85340,122323,85340
ZCTA5 85341,-666666666,85341
ZCTA5 85342,55917,85342
ZCTA5 85343,-666666666,85343
ZCTA5 85344,54583,85344
ZCTA5 85345,67380,85345
ZCTA5 85346,44028,85346
ZCTA5 85347,-666666666,85347
ZCTA5 85348,63618,85348
ZCTA5 85349,60330,85349
ZCTA5 85350,74025,85350
ZCTA5 85351,53725,85351
ZCTA5 85352,40119,85352
ZCTA5 85353,94154,85353
ZCTA5 85354,64203,85354
ZCTA5 85355,123055,85355
ZCTA5 85356,71285,85356
ZCTA5 85357,46830,85357
ZCTA5 85360,-666666666,85360
ZCTA5 85361,77361,85361
ZCTA5 85362,47609,85362
ZCTA5 85363,68321,85363
ZCTA5 85364,57874,85364
ZCTA5 85365,70331,85365
ZCTA5 85367,58469,85367
ZCTA5 85371,-666666666,85371
ZCTA5 85373,72063,85373
ZCTA5 85374,81201,85374
ZCTA5 85375,63928,85375
ZCTA5 85377,149167,85377
ZCTA5 85378,56444,85378
ZCTA5 85379,110616,85379
ZCTA5 85381,96746,85381
ZCTA5 85382,91525,85382
ZCTA5 85383,145546,85383
ZCTA5 85387,98757,85387
ZCTA5 85388,112164,85388
ZCTA5 85390,68591,85390
ZCTA5 85392,87702,85392
ZCTA5 85395,105935,85395
ZCTA5 85396,114056,85396
ZCTA5 85501,61983,85501
ZCTA5 85530,38750,85530
ZCTA5 85531,97365,85531
ZCTA5 85532,73802,85532
ZCTA5 85533,62784,85533
ZCTA5 85534,76250,85534
ZCTA5 85535,-666666666,85535
ZCTA5 85536,104500,85536
ZCTA5 85539,47807,85539
ZCTA5 85540,78431,85540
ZCTA5 85541,66383,85541
ZCTA5 85542,29022,85542
ZCTA5 85543,92011,85543
ZCTA5 85544,59924,85544
ZCTA5 85545,53707,85545
ZCTA5 85546,61832,85546
ZCTA5 85550,51491,85550
ZCTA5 85551,76083,85551
ZCTA5 85552,88454,85552
ZCTA5 85553,50762,85553
ZCTA5 85554,-666666666,85554
ZCTA5 85601,30542,85601
ZCTA5 85602,53008,85602
ZCTA5 85603,47680,85603
ZCTA5 85605,48558,85605
ZCTA5 85606,59306,85606
ZCTA5 85607,43351,85607
ZCTA5 85608,-666666666,85608
ZCTA5 85609,78779,85609
ZCTA5 85610,34375,85610
ZCTA5 85611,91458,85611
ZCTA5 85613,89609,85613
ZCTA5 85614,64879,85614
ZCTA5 85615,73758,85615
ZCTA5 85616,51813,85616
ZCTA5 85617,43967,85617
ZCTA5 85618,51953,85618
ZCTA5 85619,-666666666,85619
ZCTA5 85620,57738,85620
ZCTA5 85621,43464,85621
ZCTA5 85622,76959,85622
ZCTA5 85623,68541,85623
ZCTA5 85624,56053,85624
ZCTA5 85625,47500,85625
ZCTA5 85626,49519,85626
ZCTA5 85627,72917,85627
ZCTA5 85629,109253,85629
ZCTA5 85630,52146,85630
ZCTA5 85631,48389,85631
ZCTA5 85632,52917,85632
ZCTA5 85633,21000,85633
ZCTA5 85634,36389,85634
ZCTA5 85635,61580,85635
ZCTA5 85637,99688,85637
ZCTA5 85638,37604,85638
ZCTA5 85639,39333,85639
ZCTA5 85640,55417,85640
ZCTA5 85641,131164,85641
ZCTA5 85643,57903,85643
ZCTA5 85645,60714,85645
ZCTA5 85646,73438,85646
ZCTA5 85648,61519,85648
ZCTA5 85650,91654,85650
ZCTA5 85653,86154,85653
ZCTA5 85654,-666666666,85654
ZCTA5 85658,123415,85658
ZCTA5 85701,51794,85701
ZCTA5 85704,81696,85704
ZCTA5 85705,37194,85705
ZCTA5 85706,50248,85706
ZCTA5 85707,-666666666,85707
ZCTA5 85708,63919,85708
ZCTA5 85709,-666666666,85709
ZCTA5 85710,57175,85710
ZCTA5 85711,56121,85711
ZCTA5 85712,50625,85712
ZCTA5 85713,53152,85713
ZCTA5 85714,55000,85714
ZCTA5 85715,85069,85715
ZCTA5 85716,49061,85716
ZCTA5 85718,114892,85718
ZCTA5 85719,42241,85719
ZCTA5 85721,-666666666,85721
ZCTA5 85723,-666666666,85723
ZCTA5 85724,-666666666,85724
ZCTA5 85726,-666666666,85726
ZCTA5 85730,62090,85730
ZCTA5 85734,-666666666,85734
ZCTA5 85735,74158,85735
ZCTA5 85736,51250,85736
ZCTA5 85737,107348,85737
ZCTA5 85739,81711,85739
ZCTA5 85741,76271,85741
ZCTA5 85742,98844,85742
ZCTA5 85743,90093,85743
ZCTA5 85745,71348,85745
ZCTA5 85746,68903,85746
ZCTA5 85747,110816,85747
ZCTA5 85748,95750,85748
ZCTA5 85749,109219,85749
ZCTA5 85750,102836,85750
ZCTA5 85755,113831,85755
ZCTA5 85756,72490,85756
ZCTA5 85757,83219,85757
ZCTA5 85901,59779,85901
ZCTA5 85902,-666666666,85902
ZCTA5 85911,25510,85911
ZCTA5 85912,93523,85912
ZCTA5 85920,73438,85920
ZCTA5 85922,55897,85922
ZCTA5 85923,-666666666,85923
ZCTA5 85924,27058,85924
ZCTA5 85925,82708,85925
ZCTA5 85926,-666666666,85926
ZCTA5 85927,92026,85927
ZCTA5 85928,41864,85928
ZCTA5 85929,62752,85929
ZCTA5 85930,54250,85930
ZCTA5 85931,87852,85931
ZCTA5 85932,-666666666,85932
ZCTA5 85933,65735,85933
ZCTA5 85934,56567,85934
ZCTA5 85935,73333,85935
ZCTA5 85936,131238,85936
ZCTA5 85937,69702,85937
ZCTA5 85938,49684,85938
ZCTA5 85939,90496,85939
ZCTA5 85940,110486,85940
ZCTA5 85941,43259,85941
ZCTA5 85942,-666666666,85942
ZCTA5 86001,64626,86001
ZCTA5 86003,-666666666,86003
ZCTA5 86004,81172,86004
ZCTA5 86005,87942,86005
ZCTA5 86011,-666666666,86011
ZCTA5 86015,119722,86015
ZCTA5 86016,2499,86016
ZCTA5 86017,-666666666,86017
ZCTA5 86018,77279,86018
ZCTA5 86020,35909,86020
ZCTA5 86021,90096,86021
ZCTA5 86022,61923,86022
ZCTA5 86023,74286,86023
ZCTA5 86024,73421,86024
ZCTA5 86025,56919,86025
ZCTA5 86028,-666666666,86028
ZCTA5 86029,-666666666,86029
ZCTA5 86030,17321,86030
ZCTA5 86031,32500,86031
ZCTA5 86032,73194,86032
ZCTA5 86033,40313,86033
ZCTA5 86034,37286,86034
ZCTA5 86035,45750,86035
ZCTA5 86036,78250,86036
ZCTA5 86038,43942,86038
ZCTA5 86039,30000,86039
ZCTA5 86040,83299,86040
ZCTA5 86042,69940,86042
ZCTA5 86043,-666666666,86043
ZCTA5 86044,33167,86044
ZCTA5 86045,50844,86045
ZCTA5 86046,79095,86046
ZCTA5 86047,54441,86047
ZCTA5 86052,-666666666,86052
ZCTA5 86053,40956,86053
ZCTA5 86054,24063,86054
ZCTA5 86301,72652,86301
ZCTA5 86303,72359,86303
ZCTA5 86305,80436,86305
ZCTA5 86313,-666666666,86313
ZCTA5 86314,69208,86314
ZCTA5 86315,97049,86315
ZCTA5 86320,42609,86320
ZCTA5 86321,94006,86321
ZCTA5 86322,69411,86322
ZCTA5 86323,62603,86323
ZCTA5 86324,46813,86324
ZCTA5 86325,74679,86325
ZCTA5 86326,57378,86326
ZCTA5 86327,71512,86327
ZCTA5 86329,58875,86329
ZCTA5 86331,40096,86331
ZCTA5 86332,49891,86332
ZCTA5 86333,55602,86333
ZCTA5 86334,78723,86334
ZCTA5 86335,64455,86335
ZCTA5 86336,68435,86336
ZCTA5 86337,50851,86337
ZCTA5 86338,68229,86338
ZCTA5 86343,71417,86343
ZCTA5 86351,81203,86351
ZCTA5 86401,66129,86401
ZCTA5 86403,58967,86403
ZCTA5 86404,72910,86404
ZCTA5 86406,77506,86406
ZCTA5 86409,50852,86409
ZCTA5 86411,67697,86411
ZCTA5 86413,41760,86413
ZCTA5 86426,64551,86426
ZCTA5 86429,58906,86429
ZCTA5 86431,-666666666,86431
ZCTA5 86432,48627,86432
ZCTA5 86433,-666666666,86433
ZCTA5 86434,58080,86434
ZCTA5 86435,-666666666,86435
ZCTA5 86436,44077,86436
ZCTA5 86437,78125,86437
ZCTA5 86438,41985,86438
ZCTA5 86440,63188,86440
ZCTA5 86441,25098,86441
ZCTA5 86442,48081,86442
ZCTA5 86443,-666666666,86443
ZCTA5 86444,26678,86444
ZCTA5 86445,-666666666,86445
ZCTA5 86502,20500,86502
ZCTA5 86503,36321,86503
ZCTA5 86504,46573,86504
ZCTA5 86505,28547,86505
ZCTA5 86506,31563,86506
ZCTA5 86507,35924,86507
ZCTA5 86508,17054,86508
ZCTA5 86510,29211,86510
ZCTA5 86511,41000,86511
ZCTA5 86512,31087,86512
ZCTA5 86514,47917,86514
ZCTA5 86515,47336,86515
ZCTA5 86520,15417,86520
ZCTA5 86535,31250,86535
ZCTA5 86538,30268,86538
ZCTA5 86540,24271,86540
ZCTA5 86544,23068,86544
ZCTA5 86545,26071,86545
ZCTA5 86547,39000,86547
ZCTA5 86556,27875,86556
ZCTA5 87001,68547,87001
ZCTA5 87002,51961,87002
ZCTA5 87004,65743,87004
ZCTA5 87005,-666666666,87005
ZCTA5 87006,93750,87006
ZCTA5 87007,-666666666,87007
ZCTA5 87008,85673,87008
ZCTA5 87010,60000,87010
ZCTA5 87011,-666666666,87011
ZCTA5 87012,36303,87012
ZCTA5 87013,32942,87013
ZCTA5 87014,44638,87014
ZCTA5 87015,79904,87015
ZCTA5 87016,55296,87016
ZCTA5 87017,78060,87017
ZCTA5 87018,30250,87018
ZCTA5 87020,62746,87020
ZCTA5 87021,40129,87021
ZCTA5 87022,55329,87022
ZCTA5 87023,-666666666,87023
ZCTA5 87024,60727,87024
ZCTA5 87025,153936,87025
ZCTA5 87026,84750,87026
ZCTA5 87027,15625,87027
ZCTA5 87028,-666666666,87028
ZCTA5 87029,70435,87029
ZCTA5 87031,60902,87031
ZCTA5 87032,-666666666,87032
ZCTA5 87034,48795,87034
ZCTA5 87035,44938,87035
ZCTA5 87036,47132,87036
ZCTA5 87037,19044,87037
ZCTA5 87038,-666666666,87038
ZCTA5 87040,-666666666,87040
ZCTA5 87041,80662,87041
ZCTA5 87042,73057,87042
ZCTA5 87043,109750,87043
ZCTA5 87044,60313,87044
ZCTA5 87045,19270,87045
ZCTA5 87046,62216,87046
ZCTA5 87047,116630,87047
ZCTA5 87048,102004,87048
ZCTA5 87049,-666666666,87049
ZCTA5 87051,-666666666,87051
ZCTA5 87052,61544,87052
ZCTA5 87053,52857,87053
ZCTA5 87056,76563,87056
ZCTA5 87059,92315,87059
ZCTA5 87060,-666666666,87060
ZCTA5 87061,44277,87061
ZCTA5 87062,20539,87062
ZCTA5 87063,72721,87063
ZCTA5 87064,-666666666,87064
ZCTA5 87068,79602,87068
ZCTA5 87070,-666666666,87070
ZCTA5 87072,83472,87072
ZCTA5 87083,57375,87083
ZCTA5 87101,-666666666,87101
ZCTA5 87102,42990,87102
ZCTA5 87104,75436,87104
ZCTA5 87105,55644,87105
ZCTA5 87106,49781,87106
ZCTA5 87107,61672,87107
ZCTA5 87108,42724,87108
ZCTA5 87109,58900,87109
ZCTA5 87110,64892,87110
ZCTA5 87111,90290,87111
ZCTA5 87112,73937,87112
ZCTA5 87113,95922,87113
ZCTA5 87114,84277,87114
ZCTA5 87116,83774,87116
ZCTA5 87117,-666666666,87117
ZCTA5 87120,86907,87120
ZCTA5 87121,60796,87121
ZCTA5 87122,169041,87122
ZCTA5 87123,64359,87123
ZCTA5 87124,86555,87124
ZCTA5 87144,94550,87144
ZCTA5 87151,-666666666,87151
ZCTA5 87301,58772,87301
ZCTA5 87305,45096,87305
ZCTA5 87310,39896,87310
ZCTA5 87311,33641,87311
ZCTA5 87312,48977,87312
ZCTA5 87313,43041,87313
ZCTA5 87315,118324,87315
ZCTA5 87316,84875,87316
ZCTA5 87317,53589,87317
ZCTA5 87319,41452,87319
ZCTA5 87320,43125,87320
ZCTA5 87321,49313,87321
ZCTA5 87322,29286,87322
ZCTA5 87323,51616,87323
ZCTA5 87325,36800,87325
ZCTA5 87326,34773,87326
ZCTA5 87327,45959,87327
ZCTA5 87328,33906,87328
ZCTA5 87347,-666666666,87347
ZCTA5 87357,30750,87357
ZCTA5 87364,32500,87364
ZCTA5 87365,-666666666,87365
ZCTA5 87375,40735,87375
ZCTA5 87401,61886,87401
ZCTA5 87402,79461,87402
ZCTA5 87410,55189,87410
ZCTA5 87412,55417,87412
ZCTA5 87413,49869,87413
ZCTA5 87415,44095,87415
ZCTA5 87416,49973,87416
ZCTA5 87417,75215,87417
ZCTA5 87418,82750,87418
ZCTA5 87419,21007,87419
ZCTA5 87420,36335,87420
ZCTA5 87421,51029,87421
ZCTA5 87455,38167,87455
ZCTA5 87461,32981,87461
ZCTA5 87499,40662,87499
ZCTA5 87501,79603,87501
ZCTA5 87505,78247,87505
ZCTA5 87506,96511,87506
ZCTA5 87507,70398,87507
ZCTA5 87508,101565,87508
ZCTA5 87510,85453,87510
ZCTA5 87511,70346,87511
ZCTA5 87512,-666666666,87512
ZCTA5 87513,-666666666,87513
ZCTA5 87514,71556,87514
ZCTA5 87515,93676,87515
ZCTA5 87516,103625,87516
ZCTA5 87517,-666666666,87517
ZCTA5 87518,-666666666,87518
ZCTA5 87519,-666666666,87519
ZCTA5 87520,38889,87520
ZCTA5 87521,39718,87521
ZCTA5 87522,58620,87522
ZCTA5 87523,23395,87523
ZCTA5 87524,-666666666,87524
ZCTA5 87525,76875,87525
ZCTA5 87527,65461,87527
ZCTA5 87528,41679,87528
ZCTA5 87529,61618,87529
ZCTA5 87530,-666666666,87530
ZCTA5 87531,-666666666,87531
ZCTA5 87532,58448,87532
ZCTA5 87535,59688,87535
ZCTA5 87537,48228,87537
ZCTA5 87538,-666666666,87538
ZCTA5 87539,-666666666,87539
ZCTA5 87540,52500,87540
ZCTA5 87543,-666666666,87543
ZCTA5 87544,138583,87544
ZCTA5 87547,156444,87547
ZCTA5 87548,72788,87548
ZCTA5 87549,56134,87549
ZCTA5 87551,35896,87551
ZCTA5 87552,53688,87552
ZCTA5 87553,48906,87553
ZCTA5 87554,-666666666,87554
ZCTA5 87556,52546,87556
ZCTA5 87557,49337,87557
ZCTA5 87558,49435,87558
ZCTA5 87560,29179,87560
ZCTA5 87562,116402,87562
ZCTA5 87564,78472,87564
ZCTA5 87565,24190,87565
ZCTA5 87566,61029,87566
ZCTA5 87567,-666666666,87567
ZCTA5 87569,99779,87569
ZCTA5 87571,57575,87571
ZCTA5 87573,-666666666,87573
ZCTA5 87575,98329,87575
ZCTA5 87577,-666666666,87577
ZCTA5 87578,-666666666,87578
ZCTA5 87579,66244,87579
ZCTA5 87580,-666666666,87580
ZCTA5 87581,-666666666,87581
ZCTA5 87582,-666666666,87582
ZCTA5 87583,-666666666,87583
ZCTA5 87701,49920,87701
ZCTA5 87710,83125,87710
ZCTA5 87711,35521,87711
ZCTA5 87712,12274,87712
ZCTA5 87713,115085,87713
ZCTA5 87714,33333,87714
ZCTA5 87715,-666666666,87715
ZCTA5 87718,58462,87718
ZCTA5 87722,53687,87722
ZCTA5 87723,-666666666,87723
ZCTA5 87724,-666666666,87724
ZCTA5 87728,35602,87728
ZCTA5 87729,26250,87729
ZCTA5 87730,49375,87730
ZCTA5 87731,-666666666,87731
ZCTA5 87732,69421,87732
ZCTA5 87733,-666666666,87733
ZCTA5 87734,123500,87734
ZCTA5 87735,-666666666,87735
ZCTA5 87736,-666666666,87736
ZCTA5 87740,52815,87740
ZCTA5 87742,59505,87742
ZCTA5 87743,44766,87743
ZCTA5 87745,39130,87745
ZCTA5 87746,102557,87746
ZCTA5 87747,55948,87747
ZCTA5 87749,-666666666,87749
ZCTA5 87750,-666666666,87750
ZCTA5 87752,43912,87752
ZCTA5 87753,-666666666,87753
ZCTA5 87801,46525,87801
ZCTA5 87820,-666666666,87820
ZCTA5 87821,83890,87821
ZCTA5 87823,-666666666,87823
ZCTA5 87824,-666666666,87824
ZCTA5 87825,30596,87825
ZCTA5 87827,-666666666,87827
ZCTA5 87828,-666666666,87828
ZCTA5 87829,49345,87829
ZCTA5 87830,31163,87830
ZCTA5 87831,12397,87831
ZCTA5 87832,-666666666,87832
ZCTA5 87901,34242,87901
ZCTA5 87930,38085,87930
ZCTA5 87931,-666666666,87931
ZCTA5 87933,-666666666,87933
ZCTA5 87935,51033,87935
ZCTA5 87936,22043,87936
ZCTA5 87937,39495,87937
ZCTA5 87939,-666666666,87939
ZCTA5 87940,56750,87940
ZCTA5 87941,31332,87941
ZCTA5 87942,42308,87942
ZCTA5 87943,-666666666,87943
ZCTA5 88001,33087,88001
ZCTA5 88002,89565,88002
ZCTA5 88003,-666666666,88003
ZCTA5 88004,-666666666,88004
ZCTA5 88005,54452,88005
ZCTA5 88007,64892,88007
ZCTA5 88008,73848,88008
ZCTA5 88009,-666666666,88009
ZCTA5 88011,75875,88011
ZCTA5 88012,69052,88012
ZCTA5 88020,75500,88020
ZCTA5 88021,46217,88021
ZCTA5 88022,37147,88022
ZCTA5 88023,34477,88023
ZCTA5 88024,38333,88024
ZCTA5 88025,114762,88025
ZCTA5 88026,57898,88026
ZCTA5 88027,61250,88027
ZCTA5 88028,43750,88028
ZCTA5 88029,26090,88029
ZCTA5 88030,37417,88030
ZCTA5 88034,-666666666,88034
ZCTA5 88038,18317,88038
ZCTA5 88039,31484,88039
ZCTA5 88040,-666666666,88040
ZCTA5 88041,33403,88041
ZCTA5 88042,75137,88042
ZCTA5 88043,34236,88043
ZCTA5 88044,64910,88044
ZCTA5 88045,44063,88045
ZCTA5 88046,-666666666,88046
ZCTA5 88047,48049,88047
ZCTA5 88048,43750,88048
ZCTA5 88049,59219,88049
ZCTA5 88051,-666666666,88051
ZCTA5 88052,-666666666,88052
ZCTA5 88053,-666666666,88053
ZCTA5 88055,-666666666,88055
ZCTA5 88056,68010,88056
ZCTA5 88061,47917,88061
ZCTA5 88063,41975,88063
ZCTA5 88065,47031,88065
ZCTA5 88072,53750,88072
ZCTA5 88081,46017,88081
ZCTA5 88101,56587,88101
ZCTA5 88103,-666666666,88103
ZCTA5 88112,60516,88112
ZCTA5 88113,71250,88113
ZCTA5 88114,-666666666,88114
ZCTA5 88115,-666666666,88115
ZCTA5 88116,54239,88116
ZCTA5 88118,57650,88118
ZCTA5 88119,-666666666,88119
ZCTA5 88120,70458,88120
ZCTA5 88121,2499,88121
ZCTA5 88124,51618,88124
ZCTA5 88125,-666666666,88125
ZCTA5 88126,-666666666,88126
ZCTA5 88130,52434,88130
ZCTA5 88132,56765,88132
ZCTA5 88134,-666666666,88134
ZCTA5 88135,70417,88135
ZCTA5 88136,67159,88136
ZCTA5 88201,61780,88201
ZCTA5 88203,42207,88203
ZCTA5 88210,79632,88210
ZCTA5 88220,78162,88220
ZCTA5 88230,43469,88230
ZCTA5 88231,51417,88231
ZCTA5 88232,65000,88232
ZCTA5 88240,63270,88240
ZCTA5 88242,90000,88242
ZCTA5 88244,-666666666,88244
ZCTA5 88250,83250,88250
ZCTA5 88252,-666666666,88252
ZCTA5 88253,85813,88253
ZCTA5 88254,-666666666,88254
ZCTA5 88255,-666666666,88255
ZCTA5 88256,45714,88256
ZCTA5 88260,75476,88260
ZCTA5 88262,-666666666,88262
ZCTA5 88263,-666666666,88263
ZCTA5 88264,-666666666,88264
ZCTA5 88265,-666666666,88265
ZCTA5 88267,52250,88267
ZCTA5 88268,-666666666,88268
ZCTA5 88301,43900,88301
ZCTA5 88310,57214,88310
ZCTA5 88311,17188,88311
ZCTA5 88312,80345,88312
ZCTA5 88314,-666666666,88314
ZCTA5 88316,54080,88316
ZCTA5 88317,136250,88317
ZCTA5 88318,73125,88318
ZCTA5 88321,81153,88321
ZCTA5 88323,-666666666,88323
ZCTA5 88324,-666666666,88324
ZCTA5 88325,97955,88325
ZCTA5 88330,52465,88330
ZCTA5 88336,-666666666,88336
ZCTA5 88337,60597,88337
ZCTA5 88338,59276,88338
ZCTA5 88339,57375,88339
ZCTA5 88340,36927,88340
ZCTA5 88341,48393,88341
ZCTA5 88342,-666666666,88342
ZCTA5 88343,-666666666,88343
ZCTA5 88344,113375,88344
ZCTA5 88345,53971,88345
ZCTA5 88346,33594,88346
ZCTA5 88347,-666666666,88347
ZCTA5 88348,86985,88348
ZCTA5 88349,-666666666,88349
ZCTA5 88350,-666666666,88350
ZCTA5 88351,-666666666,88351
ZCTA5 88352,48693,88352
ZCTA5 88353,-666666666,88353
ZCTA5 88354,-666666666,88354
ZCTA5 88355,-666666666,88355
ZCTA5 88401,49345,88401
ZCTA5 88410,36042,88410
ZCTA5 88411,46250,88411
ZCTA5 88414,-666666666,88414
ZCTA5 88415,44952,88415
ZCTA5 88416,-666666666,88416
ZCTA5 88417,-666666666,88417
ZCTA5 88418,77813,88418
ZCTA5 88419,96250,88419
ZCTA5 88421,-666666666,88421
ZCTA5 88422,61346,88422
ZCTA5 88424,-666666666,88424
ZCTA5 88426,40000,88426
ZCTA5 88427,65417,88427
ZCTA5 88430,32115,88430
ZCTA5 88431,-666666666,88431
ZCTA5 88434,38750,88434
ZCTA5 88435,49648,88435
ZCTA5 88436,-666666666,88436
ZCTA5 88439,-666666666,88439
ZCTA5 89001,71386,89001
ZCTA5 89002,105471,89002
ZCTA5 89003,-666666666,89003
ZCTA5 89004,94821,89004
ZCTA5 89005,74375,89005
ZCTA5 89007,78237,89007
ZCTA5 89008,-666666666,89008
ZCTA5 89010,63690,89010
ZCTA5 89011,93136,89011
ZCTA5 89012,98053,89012
ZCTA5 89013,78580,89013
ZCTA5 89014,73284,89014
ZCTA5 89015,72096,89015
ZCTA5 89017,-666666666,89017
ZCTA5 89018,87083,89018
ZCTA5 89019,45054,89019
ZCTA5 89020,36953,89020
ZCTA5 89021,126944,89021
ZCTA5 89022,-666666666,89022
ZCTA5 89025,59777,89025
ZCTA5 89026,-666666666,89026
ZCTA5 89027,71574,89027
ZCTA5 89029,46294,89029
ZCTA5 89030,47937,89030
ZCTA5 89031,87297,89031
ZCTA5 89032,76127,89032
ZCTA5 89034,91016,89034
ZCTA5 89039,48083,89039
ZCTA5 89040,78357,89040
ZCTA5 89042,64083,89042
ZCTA5 89043,88938,89043
ZCTA5 89044,108155,89044
ZCTA5 89045,110724,89045
ZCTA5 89046,51923,89046
ZCTA5 89047,-666666666,89047
ZCTA5 89048,61367,89048
ZCTA5 89049,45260,89049
ZCTA5 89052,97999,89052
ZCTA5 89054,-666666666,89054
ZCTA5 89060,50000,89060
ZCTA5 89061,77991,89061
ZCTA5 89070,-666666666,89070
ZCTA5 89074,87407,89074
ZCTA5 89081,91733,89081
ZCTA5 89084,96988,89084
ZCTA5 89085,111453,89085
ZCTA5 89086,79222,89086
ZCTA5 89101,39459,89101
ZCTA5 89102,49843,89102
ZCTA5 89103,48901,89103
ZCTA5 89104,52228,89104
ZCTA5 89106,42007,89106
ZCTA5 89107,59571,89107
ZCTA5 89108,59449,89108
ZCTA5 89109,53684,89109
ZCTA5 89110,61001,89110
ZCTA5 89113,94461,89113
ZCTA5 89115,51681,89115
ZCTA5 89117,75145,89117
ZCTA5 89118,71160,89118
ZCTA5 89119,46960,89119
ZCTA5 89120,74688,89120
ZCTA5 89121,55758,89121
ZCTA5 89122,63846,89122
ZCTA5 89123,84428,89123
ZCTA5 89124,117917,89124
ZCTA5 89128,73010,89128
ZCTA5 89129,89798,89129
ZCTA5 89130,85278,89130
ZCTA5 89131,116468,89131
ZCTA5 89134,83688,89134
ZCTA5 89135,121515,89135
ZCTA5 89138,161645,89138
ZCTA5 89139,99815,89139
ZCTA5 89141,122339,89141
ZCTA5 89142,71233,89142
ZCTA5 89143,112004,89143
ZCTA5 89144,104511,89144
ZCTA5 89145,74529,89145
ZCTA5 89146,62899,89146
ZCTA5 89147,74985,89147
ZCTA5 89148,96696,89148
ZCTA5 89149,101697,89149
ZCTA5 89156,69767,89156
ZCTA5 89158,119854,89158
ZCTA5 89161,51250,89161
ZCTA5 89166,107846,89166
ZCTA5 89169,40904,89169
ZCTA5 89178,108806,89178
ZCTA5 89179,108993,89179
ZCTA5 89183,87355,89183
ZCTA5 89191,-666666666,89191
ZCTA5 89301,77518,89301
ZCTA5 89310,-666666666,89310
ZCTA5 89311,48875,89311
ZCTA5 89314,52917,89314
ZCTA5 89315,-666666666,89315
ZCTA5 89316,71554,89316
ZCTA5 89317,26210,89317
ZCTA5 89318,56779,89318
ZCTA5 89319,-666666666,89319
ZCTA5 89402,-666666666,89402
ZCTA5 89403,97153,89403
ZCTA5 89404,-666666666,89404
ZCTA5 89405,-666666666,89405
ZCTA5 89406,79163,89406
ZCTA5 89408,89552,89408
ZCTA5 89409,-666666666,89409
ZCTA5 89410,83108,89410
ZCTA5 89411,121981,89411
ZCTA5 89412,-666666666,89412
ZCTA5 89413,232361,89413
ZCTA5 89414,-666666666,89414
ZCTA5 89415,57083,89415
ZCTA5 89418,38590,89418
ZCTA5 89419,72554,89419
ZCTA5 89420,-666666666,89420
ZCTA5 89421,26000,89421
ZCTA5 89422,-666666666,89422
ZCTA5 89423,108750,89423
ZCTA5 89424,72585,89424
ZCTA5 89425,63241,89425
ZCTA5 89426,124271,89426
ZCTA5 89427,49167,89427
ZCTA5 89428,68750,89428
ZCTA5 89429,55714,89429
ZCTA5 89430,175293,89430
ZCTA5 89431,66592,89431
ZCTA5 89433,75984,89433
ZCTA5 89434,91507,89434
ZCTA5 89436,114100,89436
ZCTA5 89437,-666666666,89437
ZCTA5 89438,-666666666,89438
ZCTA5 89439,101250,89439
ZCTA5 89440,159438,89440
ZCTA5 89441,131616,89441
ZCTA5 89442,64444,89442
ZCTA5 89444,58726,89444
ZCTA5 89445,81545,89445
ZCTA5 89446,-666666666,89446
ZCTA5 89447,56691,89447
ZCTA5 89448,137586,89448
ZCTA5 89449,83988,89449
ZCTA5 89450,-666666666,89450
ZCTA5 89451,166509,89451
ZCTA5 89460,92292,89460
ZCTA5 89496,-666666666,89496
ZCTA5 89501,33963,89501
ZCTA5 89502,65328,89502
ZCTA5 89503,66743,89503
ZCTA5 89506,86396,89506
ZCTA5 89508,97361,89508
ZCTA5 89509,86126,89509
ZCTA5 89510,100282,89510
ZCTA5 89511,124130,89511
ZCTA5 89512,47807,89512
ZCTA5 89519,155288,89519
ZCTA5 89521,127181,89521
ZCTA5 89523,99061,89523
ZCTA5 89557,-666666666,89557
ZCTA5 89701,73184,89701
ZCTA5 89703,85230,89703
ZCTA5 89704,118017,89704
ZCTA5 89705,79901,89705
ZCTA5 89706,62815,89706
ZCTA5 89801,82144,89801
ZCTA5 89815,102926,89815
ZCTA5 89820,89014,89820
ZCTA5 89821,66795,89821
ZCTA5 89822,60898,89822
ZCTA5 89823,83491,89823
ZCTA5 89825,-666666666,89825
ZCTA5 89826,-666666666,89826
ZCTA5 89828,-666666666,89828
ZCTA5 89830,-666666666,89830
ZCTA5 89831,-666666666,89831
ZCTA5 89832,44583,89832
ZCTA5 89833,113864,89833
ZCTA5 89834,160750,89834
ZCTA5 89835,105870,89835
ZCTA5 89883,48645,89883
ZCTA5 90001,60767,90001
ZCTA5 90002,59021,90002
ZCTA5 90003,56030,90003
ZCTA5 90004,64826,90004
ZCTA5 90005,49419,90005
ZCTA5 90006,51998,90006
ZCTA5 90007,35378,90007
ZCTA5 90008,61846,90008
ZCTA5 90010,101455,90010
ZCTA5 90011,59017,90011
ZCTA5 90012,66860,90012
ZCTA5 90013,36948,90013
ZCTA5 90014,31000,90014
ZCTA5 90015,69268,90015
ZCTA5 90016,73516,90016
ZCTA5 90017,52717,90017
ZCTA5 90018,62864,90018
ZCTA5 90019,73934,90019
ZCTA5 90020,61184,90020
ZCTA5 90021,32222,90021
ZCTA5 90022,67967,90022
ZCTA5 90023,59057,90023
ZCTA5 90024,76583,90024
ZCTA5 90025,103894,90025
ZCTA5 90026,87334,90026
ZCTA5 90027,94521,90027
ZCTA5 90028,61349,90028
ZCTA5 90029,60440,90029
ZCTA5 90031,63090,90031
ZCTA5 90032,82292,90032
ZCTA5 90033,59652,90033
ZCTA5 90034,105701,90034
ZCTA5 90035,105013,90035
ZCTA5 90036,109785,90036
ZCTA5 90037,57622,90037
ZCTA5 90038,61454,90038
ZCTA5 90039,113818,90039
ZCTA5 90040,74472,90040
ZCTA5 90041,114526,90041
ZCTA5 90042,95282,90042
ZCTA5 90043,64792,90043
ZCTA5 90044,53302,90044
ZCTA5 90045,135032,90045
ZCTA5 90046,96250,90046
ZCTA5 90047,71664,90047
ZCTA5 90048,103495,90048
ZCTA5 90049,170607,90049
ZCTA5 90052,-666666666,90052
ZCTA5 90056,133048,90056
ZCTA5 90057,44823,90057
ZCTA5 90058,37557,90058
ZCTA5 90059,56152,90059
ZCTA5 90061,61046,90061
ZCTA5 90062,67701,90062
ZCTA5 90063,72942,90063
ZCTA5 90064,135383,90064
ZCTA5 90065,94784,90065
ZCTA5 90066,114141,90066
ZCTA5 90067,195433,90067
ZCTA5 90068,101630,90068
ZCTA5 90069,107987,90069
ZCTA5 90071,-666666666,90071
ZCTA5 90073,-666666666,90073
ZCTA5 90077,206319,90077
ZCTA5 90079,-666666666,90079
ZCTA5 90089,-666666666,90089
ZCTA5 90094,145744,90094
ZCTA5 90095,-666666666,90095
ZCTA5 90201,60927,90201
ZCTA5 90210,187801,90210
ZCTA5 90211,122694,90211
ZCTA5 90212,118019,90212
ZCTA5 90220,82335,90220
ZCTA5 90221,72937,90221
ZCTA5 90222,78425,90222
ZCTA5 90230,107109,90230
ZCTA5 90232,122396,90232
ZCTA5 90240,101904,90240
ZCTA5 90241,88006,90241
ZCTA5 90242,89075,90242
ZCTA5 90245,150737,90245
ZCTA5 90247,77333,90247
ZCTA5 90248,91176,90248
ZCTA5 90249,89712,90249
ZCTA5 90250,78331,90250
ZCTA5 90254,166442,90254
ZCTA5 90255,64766,90255
ZCTA5 90260,87825,90260
ZCTA5 90262,75194,90262
ZCTA5 90263,-666666666,90263
ZCTA5 90265,196742,90265
ZCTA5 90266,204306,90266
ZCTA5 90270,61165,90270
ZCTA5 90272,189713,90272
ZCTA5 90274,215925,90274
ZCTA5 90275,179469,90275
ZCTA5 90277,127795,90277
ZCTA5 90278,160236,90278
ZCTA5 90280,74651,90280
ZCTA5 90290,149304,90290
ZCTA5 90291,122738,90291
ZCTA5 90292,146167,90292
ZCTA5 90293,134313,90293
ZCTA5 90301,65806,90301
ZCTA5 90302,73777,90302
ZCTA5 90303,72815,90303
ZCTA5 90304,64125,90304
ZCTA5 90305,92665,90305
ZCTA5 90401,110385,90401
ZCTA5 90402,159100,90402
ZCTA5 90403,121925,90403
ZCTA5 90404,95139,90404
ZCTA5 90405,121241,90405
ZCTA5 90501,92923,90501
ZCTA5 90502,94291,90502
ZCTA5 90503,125912,90503
ZCTA5 90504,107552,90504
ZCTA5 90505,115593,90505
ZCTA5 90506,-666666666,90506
ZCTA5 90601,104052,90601
ZCTA5 90602,68505,90602
ZCTA5 90603,136705,90603
ZCTA5 90604,105074,90604
ZCTA5 90605,99635,90605
ZCTA5 90606,100428,90606
ZCTA5 90620,126094,90620
ZCTA5 90621,97612,90621
ZCTA5 90623,116594,90623
ZCTA5 90630,130154,90630
ZCTA5 90631,104251,90631
ZCTA5 90638,109649,90638
ZCTA5 90639,-666666666,90639
ZCTA5 90640,79625,90640
ZCTA5 90650,100085,90650
ZCTA5 90660,88201,90660
ZCTA5 90670,88872,90670
ZCTA5 90680,85592,90680
ZCTA5 90701,101004,90701
ZCTA5 90703,134987,90703
ZCTA5 90704,105139,90704
ZCTA5 90706,78722,90706
ZCTA5 90710,82478,90710
ZCTA5 90712,122435,90712
ZCTA5 90713,133419,90713
ZCTA5 90715,91875,90715
ZCTA5 90716,76410,90716
ZCTA5 90717,94241,90717
ZCTA5 90720,135851,90720
ZCTA5 90723,75250,90723
ZCTA5 90731,76395,90731
ZCTA5 90732,120807,90732
ZCTA5 90740,85347,90740
ZCTA5 90742,122250,90742
ZCTA5 90743,170966,90743
ZCTA5 90744,60847,90744
ZCTA5 90745,107988,90745
ZCTA5 90746,113364,90746
ZCTA5 90747,-666666666,90747
ZCTA5 90755,113512,90755
ZCTA5 90802,74510,90802
ZCTA5 90803,114656,90803
ZCTA5 90804,71614,90804
ZCTA5 90805,73415,90805
ZCTA5 90806,79208,90806
ZCTA5 90807,103777,90807
ZCTA5 90808,137855,90808
ZCTA5 90810,84350,90810
ZCTA5 90813,54526,90813
ZCTA5 90814,104650,90814
ZCTA5 90815,119716,90815
ZCTA5 90822,-666666666,90822
ZCTA5 90831,-666666666,90831
ZCTA5 90840,-666666666,90840
ZCTA5 91001,134903,91001
ZCTA5 91006,123533,91006
ZCTA5 91007,100705,91007
ZCTA5 91008,164375,91008
ZCTA5 91010,102705,91010
ZCTA5 91011,241875,91011
ZCTA5 91016,96540,91016
ZCTA5 91020,72125,91020
ZCTA5 91024,143547,91024
ZCTA5 91030,127175,91030
ZCTA5 91040,98256,91040
ZCTA5 91042,85603,91042
ZCTA5 91046,-666666666,91046
ZCTA5 91101,87813,91101
ZCTA5 91103,93660,91103
ZCTA5 91104,105958,91104
ZCTA5 91105,156791,91105
ZCTA5 91106,90028,91106
ZCTA5 91107,126449,91107
ZCTA5 91108,204847,91108
ZCTA5 91125,-666666666,91125
ZCTA5 91201,82301,91201
ZCTA5 91202,96459,91202
ZCTA5 91203,82364,91203
ZCTA5 91204,74144,91204
ZCTA5 91205,64564,91205
ZCTA5 91206,89188,91206
ZCTA5 91207,118116,91207
ZCTA5 91208,136892,91208
ZCTA5 91210,107656,91210
ZCTA5 91214,140121,91214
ZCTA5 91301,163317,91301
ZCTA5 91302,185636,91302
ZCTA5 91303,74474,91303
ZCTA5 91304,90007,91304
ZCTA5 91306,93151,91306
ZCTA5 91307,151190,91307
ZCTA5 91311,119386,91311
ZCTA5 91316,92311,91316
ZCTA5 91320,148991,91320
ZCTA5 91321,91092,91321
ZCTA5 91324,99610,91324
ZCTA5 91325,87168,91325
ZCTA5 91326,148281,91326
ZCTA5 91330,-666666666,91330
ZCTA5 91331,84227,91331
ZCTA5 91335,80143,91335
ZCTA5 91340,85261,91340
ZCTA5 91342,98118,91342
ZCTA5 91343,81430,91343
ZCTA5 91344,119345,91344
ZCTA5 91345,94215,91345
ZCTA5 91350,140110,91350
ZCTA5 91351,115364,91351
ZCTA5 91352,78239,91352
ZCTA5 91354,156173,91354
ZCTA5 91355,115640,91355
ZCTA5 91356,107378,91356
ZCTA5 91360,119296,91360
ZCTA5 91361,144900,91361
ZCTA5 91362,139800,91362
ZCTA5 91364,132854,91364
ZCTA5 91367,108653,91367
ZCTA5 91371,-666666666,91371
ZCTA5 91377,163085,91377
ZCTA5 91381,158504,91381
ZCTA5 91384,131689,91384
ZCTA5 91387,117969,91387
ZCTA5 91390,151897,91390
ZCTA5 91401,79552,91401
ZCTA5 91402,57369,91402
ZCTA5 91403,116170,91403
ZCTA5 91405,62900,91405
ZCTA5 91406,78429,91406
ZCTA5 91411,74617,91411
ZCTA5 91423,109461,91423
ZCTA5 91436,177981,91436
ZCTA5 91501,91936,91501
ZCTA5 91502,52473,91502
ZCTA5 91504,103835,91504
ZCTA5 91505,109953,91505
ZCTA5 91506,105955,91506
ZCTA5 91601,79607,91601
ZCTA5 91602,102914,91602
ZCTA5 91604,141875,91604
ZCTA5 91605,65481,91605
ZCTA5 91606,66200,91606
ZCTA5 91607,87874,91607
ZCTA5 91608,-666666666,91608
ZCTA5 91701,114244,91701
ZCTA5 91702,92683,91702
ZCTA5 91706,81122,91706
ZCTA5 91708,108861,91708
ZCTA5 91709,126350,91709
ZCTA5 91710,103085,91710
ZCTA5 91711,126056,91711
ZCTA5 91722,102062,91722
ZCTA5 91723,94167,91723
ZCTA5 91724,103163,91724
ZCTA5 91730,92237,91730
ZCTA5 91731,62215,91731
ZCTA5 91732,75108,91732
ZCTA5 91733,68278,91733
ZCTA5 91737,122334,91737
ZCTA5 91739,143265,91739
ZCTA5 91740,99083,91740
ZCTA5 91741,127440,91741
ZCTA5 91744,93557,91744
ZCTA5 91745,109183,91745
ZCTA5 91746,86567,91746
ZCTA5 91748,83428,91748
ZCTA5 91750,104195,91750
ZCTA5 91752,115177,91752
ZCTA5 91754,86331,91754
ZCTA5 91755,76382,91755
ZCTA5 91759,122583,91759
ZCTA5 91761,100578,91761
ZCTA5 91762,83850,91762
ZCTA5 91763,78770,91763
ZCTA5 91764,81762,91764
ZCTA5 91765,105565,91765
ZCTA5 91766,81991,91766
ZCTA5 91767,79245,91767
ZCTA5 91768,76041,91768
ZCTA5 91770,75000,91770
ZCTA5 91773,105338,91773
ZCTA5 91775,118610,91775
ZCTA5 91776,82155,91776
ZCTA5 91780,103659,91780
ZCTA5 91784,154349,91784
ZCTA5 91786,92458,91786
ZCTA5 91789,125720,91789
ZCTA5 91790,102927,91790
ZCTA5 91791,102266,91791
ZCTA5 91792,94817,91792
ZCTA5 91801,89156,91801
ZCTA5 91803,84311,91803
ZCTA5 91901,114167,91901
ZCTA5 91902,122524,91902
ZCTA5 91905,77886,91905
ZCTA5 91906,62500,91906
ZCTA5 91910,90222,91910
ZCTA5 91911,82350,91911
ZCTA5 91913,129337,91913
ZCTA5 91914,190786,91914
ZCTA5 91915,139503,91915
ZCTA5 91916,103438,91916
ZCTA5 91917,-666666666,91917
ZCTA5 91931,63750,91931
ZCTA5 91932,85833,91932
ZCTA5 91934,50469,91934
ZCTA5 91935,151538,91935
ZCTA5 91941,115381,91941
ZCTA5 91942,92896,91942
ZCTA5 91945,88016,91945
ZCTA5 91948,55066,91948
ZCTA5 91950,66426,91950
ZCTA5 91962,143094,91962
ZCTA5 91963,-666666666,91963
ZCTA5 91977,99657,91977
ZCTA5 91978,113170,91978
ZCTA5 91980,-666666666,91980
ZCTA5 92003,113216,92003
ZCTA5 92004,74018,92004
ZCTA5 92007,182629,92007
ZCTA5 92008,104995,92008
ZCTA5 92009,164182,92009
ZCTA5 92010,129926,92010
ZCTA5 92011,159235,92011
ZCTA5 92014,198823,92014
ZCTA5 92019,101973,92019
ZCTA5 92020,76032,92020
ZCTA5 92021,74013,92021
ZCTA5 92024,158507,92024
ZCTA5 92025,81106,92025
ZCTA5 92026,104561,92026
ZCTA5 92027,93338,92027
ZCTA5 92028,111290,92028
ZCTA5 92029,124726,92029
ZCTA5 92036,73750,92036
ZCTA5 92037,147230,92037
ZCTA5 92040,107937,92040
ZCTA5 92054,82408,92054
ZCTA5 92055,-666666666,92055
ZCTA5 92056,106272,92056
ZCTA5 92057,108814,92057
ZCTA5 92058,69970,92058
ZCTA5 92059,99803,92059
ZCTA5 92060,152852,92060
ZCTA5 92061,92813,92061
ZCTA5 92064,148673,92064
ZCTA5 92065,125285,92065
ZCTA5 92066,35625,92066
ZCTA5 92067,187054,92067
ZCTA5 92069,96771,92069
ZCTA5 92070,67017,92070
ZCTA5 92071,113618,92071
ZCTA5 92075,149327,92075
ZCTA5 92078,120268,92078
ZCTA5 92081,105379,92081
ZCTA5 92082,126544,92082
ZCTA5 92083,86974,92083
ZCTA5 92084,98577,92084
ZCTA5 92086,57431,92086
ZCTA5 92091,103452,92091
ZCTA5 92092,-666666666,92092
ZCTA5 92093,-666666666,92093
ZCTA5 92096,-666666666,92096
ZCTA5 92101,91566,92101
ZCTA5 92102,77248,92102
ZCTA5 92103,102626,92103
ZCTA5 92104,94014,92104
ZCTA5 92105,68563,92105
ZCTA5 92106,142897,92106
ZCTA5 92107,113117,92107
ZCTA5 92108,103884,92108
ZCTA5 92109,122128,92109
ZCTA5 92110,110790,92110
ZCTA5 92111,99644,92111
ZCTA5 92113,61819,92113
ZCTA5 92114,97794,92114
ZCTA5 92115,79199,92115
ZCTA5 92116,98154,92116
ZCTA5 92117,103661,92117
ZCTA5 92118,134534,92118
ZCTA5 92119,113435,92119
ZCTA5 92120,120661,92120
ZCTA5 92121,135938,92121
ZCTA5 92122,105177,92122
ZCTA5 92123,132534,92123
ZCTA5 92124,120201,92124
ZCTA5 92126,126913,92126
ZCTA5 92127,195520,92127
ZCTA5 92128,131077,92128
ZCTA5 92129,156321,92129
ZCTA5 92130,205680,92130
ZCTA5 92131,185256,92131
ZCTA5 92132,-666666666,92132
ZCTA5 92134,-666666666,92134
ZCTA5 92135,-666666666,92135
ZCTA5 92136,-666666666,92136
ZCTA5 92139,95653,92139
ZCTA5 92140,-666666666,92140
ZCTA5 92145,-666666666,92145
ZCTA5 92147,-666666666,92147
ZCTA5 92154,94901,92154
ZCTA5 92155,-666666666,92155
ZCTA5 92161,-666666666,92161
ZCTA5 92173,69792,92173
ZCTA5 92179,-666666666,92179
ZCTA5 92182,-666666666,92182
ZCTA5 92201,66758,92201
ZCTA5 92203,97311,92203
ZCTA5 92210,162990,92210
ZCTA5 92211,88477,92211
ZCTA5 92220,62599,92220
ZCTA5 92222,-666666666,92222
ZCTA5 92223,102761,92223
ZCTA5 92225,55725,92225
ZCTA5 92227,59362,92227
ZCTA5 92230,48704,92230
ZCTA5 92231,49742,92231
ZCTA5 92233,53778,92233
ZCTA5 92234,73572,92234
ZCTA5 92236,68393,92236
ZCTA5 92239,73393,92239
ZCTA5 92240,54023,92240
ZCTA5 92241,46888,92241
ZCTA5 92242,37500,92242
ZCTA5 92243,55057,92243
ZCTA5 92249,72028,92249
ZCTA5 92250,72143,92250
ZCTA5 92251,90709,92251
ZCTA5 92252,66598,92252
ZCTA5 92253,99277,92253
ZCTA5 92254,48272,92254
ZCTA5 92256,51949,92256
ZCTA5 92257,22611,92257
ZCTA5 92258,52757,92258
ZCTA5 92259,43500,92259
ZCTA5 92260,70091,92260
ZCTA5 92262,71672,92262
ZCTA5 92264,77688,92264
ZCTA5 92266,-666666666,92266
ZCTA5 92267,-666666666,92267
ZCTA5 92268,58798,92268
ZCTA5 92270,107364,92270
ZCTA5 92273,62051,92273
ZCTA5 92274,38654,92274
ZCTA5 92275,-666666666,92275
ZCTA5 92276,77000,92276
ZCTA5 92277,60901,92277
ZCTA5 92278,-666666666,92278
ZCTA5 92280,-666666666,92280
ZCTA5 92281,29375,92281
ZCTA5 92282,68750,92282
ZCTA5 92283,43393,92283
ZCTA5 92284,58373,92284
ZCTA5 92285,47734,92285
ZCTA5 92301,68676,92301
ZCTA5 92304,-666666666,92304
ZCTA5 92305,145536,92305
ZCTA5 92307,77106,92307
ZCTA5 92308,66568,92308
ZCTA5 92309,-666666666,92309
ZCTA5 92310,76107,92310
ZCTA5 92311,61862,92311
ZCTA5 92313,83628,92313
ZCTA5 92314,74910,92314
ZCTA5 92315,77436,92315
ZCTA5 92316,83587,92316
ZCTA5 92317,99103,92317
ZCTA5 92320,87181,92320
ZCTA5 92321,123688,92321
ZCTA5 92322,149119,92322
ZCTA5 92324,71078,92324
ZCTA5 92325,70563,92325
ZCTA5 92327,-666666666,92327
ZCTA5 92328,94375,92328
ZCTA5 92332,-666666666,92332
ZCTA5 92333,-666666666,92333
ZCTA5 92335,77949,92335
ZCTA5 92336,123363,92336
ZCTA5 92337,107678,92337
ZCTA5 92338,-666666666,92338
ZCTA5 92339,77167,92339
ZCTA5 92341,97273,92341
ZCTA5 92342,115058,92342
ZCTA5 92344,98071,92344
ZCTA5 92345,69485,92345
ZCTA5 92346,85163,92346
ZCTA5 92347,58833,92347
ZCTA5 92350,-666666666,92350
ZCTA5 92352,105753,92352
ZCTA5 92354,83847,92354
ZCTA5 92356,54923,92356
ZCTA5 92358,86394,92358
ZCTA5 92359,77846,92359
ZCTA5 92363,40068,92363
ZCTA5 92364,-666666666,92364
ZCTA5 92365,67600,92365
ZCTA5 92368,80938,92368
ZCTA5 92369,-666666666,92369
ZCTA5 92371,78986,92371
ZCTA5 92372,66471,92372
ZCTA5 92373,101271,92373
ZCTA5 92374,102813,92374
ZCTA5 92376,79675,92376
ZCTA5 92377,116223,92377
ZCTA5 92378,105294,92378
ZCTA5 92382,81493,92382
ZCTA5 92384,-666666666,92384
ZCTA5 92385,-666666666,92385
ZCTA5 92386,50694,92386
ZCTA5 92389,-666666666,92389
ZCTA5 92391,81789,92391
ZCTA5 92392,87681,92392
ZCTA5 92394,78466,92394
ZCTA5 92395,62102,92395
ZCTA5 92397,77250,92397
ZCTA5 92398,59888,92398
ZCTA5 92399,92440,92399
ZCTA5 92401,26596,92401
ZCTA5 92404,66701,92404
ZCTA5 92405,66964,92405
ZCTA5 92407,94032,92407
ZCTA5 92408,68333,92408
ZCTA5 92410,54181,92410
ZCTA5 92411,54324,92411
ZCTA5 92415,-666666666,92415
ZCTA5 92501,81886,92501
ZCTA5 92503,96268,92503
ZCTA5 92504,92477,92504
ZCTA5 92505,84906,92505
ZCTA5 92506,121459,92506
ZCTA5 92507,75303,92507
ZCTA5 92508,147674,92508
ZCTA5 92509,95355,92509
ZCTA5 92518,79219,92518
ZCTA5 92521,-666666666,92521
ZCTA5 92530,86862,92530
ZCTA5 92532,122312,92532
ZCTA5 92536,79551,92536
ZCTA5 92539,90394,92539
ZCTA5 92543,49396,92543
ZCTA5 92544,73596,92544
ZCTA5 92545,63770,92545
ZCTA5 92548,61422,92548
ZCTA5 92549,73750,92549
ZCTA5 92551,99970,92551
ZCTA5 92553,78246,92553
ZCTA5 92555,121425,92555
ZCTA5 92557,94804,92557
ZCTA5 92561,94063,92561
ZCTA5 92562,114266,92562
ZCTA5 92563,125397,92563
ZCTA5 92567,107610,92567
ZCTA5 92570,79393,92570
ZCTA5 92571,92309,92571
ZCTA5 92582,105540,92582
ZCTA5 92583,68351,92583
ZCTA5 92584,113767,92584
ZCTA5 92585,106667,92585
ZCTA5 92586,57708,92586
ZCTA5 92587,104290,92587
ZCTA5 92590,85253,92590
ZCTA5 92591,114160,92591
ZCTA5 92592,134313,92592
ZCTA5 92595,106047,92595
ZCTA5 92596,132538,92596
ZCTA5 92602,161620,92602
ZCTA5 92603,173094,92603
ZCTA5 92604,133869,92604
ZCTA5 92606,135598,92606
ZCTA5 92610,195046,92610
ZCTA5 92612,106226,92612
ZCTA5 92614,122821,92614
ZCTA5 92617,91529,92617
ZCTA5 92618,145731,92618
ZCTA5 92620,146942,92620
ZCTA5 92624,140666,92624
ZCTA5 92625,174904,92625
ZCTA5 92626,114249,92626
ZCTA5 92627,108994,92627
ZCTA5 92629,142807,92629
ZCTA5 92630,125853,92630
ZCTA5 92637,59269,92637
ZCTA5 92646,130672,92646
ZCTA5 92647,105110,92647
ZCTA5 92648,130164,92648
ZCTA5 92649,123257,92649
ZCTA5 92651,146604,92651
ZCTA5 92653,133194,92653
ZCTA5 92655,66308,92655
ZCTA5 92656,137639,92656
ZCTA5 92657,185042,92657
ZCTA5 92660,159564,92660
ZCTA5 92661,209231,92661
ZCTA5 92662,165955,92662
ZCTA5 92663,141541,92663
ZCTA5 92672,111989,92672
ZCTA5 92673,182178,92673
ZCTA5 92675,129457,92675
ZCTA5 92676,116250,92676
ZCTA5 92677,140452,92677
ZCTA5 92678,98333,92678
ZCTA5 92679,211250,92679
ZCTA5 92683,85585,92683
ZCTA5 92688,152528,92688
ZCTA5 92691,141045,92691
ZCTA5 92692,131175,92692
ZCTA5 92694,189966,92694
ZCTA5 92697,-666666666,92697
ZCTA5 92701,70572,92701
ZCTA5 92703,84437,92703
ZCTA5 92704,99777,92704
ZCTA5 92705,129331,92705
ZCTA5 92706,102857,92706
ZCTA5 92707,105168,92707
ZCTA5 92708,115237,92708
ZCTA5 92780,101017,92780
ZCTA5 92782,146080,92782
ZCTA5 92801,83725,92801
ZCTA5 92802,84419,92802
ZCTA5 92804,76141,92804
ZCTA5 92805,91252,92805
ZCTA5 92806,97265,92806
ZCTA5 92807,138741,92807
ZCTA5 92808,158462,92808
ZCTA5 92821,123629,92821
ZCTA5 92823,169900,92823
ZCTA5 92831,89278,92831
ZCTA5 92832,94275,92832
ZCTA5 92833,114176,92833
ZCTA5 92835,143817,92835
ZCTA5 92840,98881,92840
ZCTA5 92841,84451,92841
ZCTA5 92843,81446,92843
ZCTA5 92844,79701,92844
ZCTA5 92845,136485,92845
ZCTA5 92860,127780,92860
ZCTA5 92861,202245,92861
ZCTA5 92865,127431,92865
ZCTA5 92866,79886,92866
ZCTA5 92867,130741,92867
ZCTA5 92868,97500,92868
ZCTA5 92869,138204,92869
ZCTA5 92870,115929,92870
ZCTA5 92879,92229,92879
ZCTA5 92880,151155,92880
ZCTA5 92881,134932,92881
ZCTA5 92882,104457,92882
ZCTA5 92883,132969,92883
ZCTA5 92886,153397,92886
ZCTA5 92887,163953,92887
ZCTA5 93001,88078,93001
ZCTA5 93003,103761,93003
ZCTA5 93004,114012,93004
ZCTA5 93010,111176,93010
ZCTA5 93012,135217,93012
ZCTA5 93013,110359,93013
ZCTA5 93015,92777,93015
ZCTA5 93021,147636,93021
ZCTA5 93022,110405,93022
ZCTA5 93023,80927,93023
ZCTA5 93030,92958,93030
ZCTA5 93033,87309,93033
ZCTA5 93035,106611,93035
ZCTA5 93036,101445,93036
ZCTA5 93040,94556,93040
ZCTA5 93041,90592,93041
ZCTA5 93042,-666666666,93042
ZCTA5 93043,-666666666,93043
ZCTA5 93060,80979,93060
ZCTA5 93063,125098,93063
ZCTA5 93064,-666666666,93064
ZCTA5 93065,120519,93065
ZCTA5 93066,156957,93066
ZCTA5 93067,71134,93067
ZCTA5 93101,90148,93101
ZCTA5 93103,122159,93103
ZCTA5 93105,138286,93105
ZCTA5 93106,-666666666,93106
ZCTA5 93108,230419,93108
ZCTA5 93109,123347,93109
ZCTA5 93110,129209,93110
ZCTA5 93111,144353,93111
ZCTA5 93117,90037,93117
ZCTA5 93201,47063,93201
ZCTA5 93202,64276,93202
ZCTA5 93203,49217,93203
ZCTA5 93204,55079,93204
ZCTA5 93205,39590,93205
ZCTA5 93206,53654,93206
ZCTA5 93207,52125,93207
ZCTA5 93208,-666666666,93208
ZCTA5 93210,74817,93210
ZCTA5 93212,58244,93212
ZCTA5 93215,66204,93215
ZCTA5 93218,91500,93218
ZCTA5 93219,52273,93219
ZCTA5 93220,-666666666,93220
ZCTA5 93221,86940,93221
ZCTA5 93222,69337,93222
ZCTA5 93223,60661,93223
ZCTA5 93224,47000,93224
ZCTA5 93225,67179,93225
ZCTA5 93226,-666666666,93226
ZCTA5 93227,-666666666,93227
ZCTA5 93230,76023,93230
ZCTA5 93234,52500,93234
ZCTA5 93235,52083,93235
ZCTA5 93237,-666666666,93237
ZCTA5 93238,49950,93238
ZCTA5 93239,48231,93239
ZCTA5 93240,31267,93240
ZCTA5 93241,33417,93241
ZCTA5 93242,73142,93242
ZCTA5 93243,-666666666,93243
ZCTA5 93244,-666666666,93244
ZCTA5 93245,80412,93245
ZCTA5 93246,-666666666,93246
ZCTA5 93247,60361,93247
ZCTA5 93249,46646,93249
ZCTA5 93250,54051,93250
ZCTA5 93251,80781,93251
ZCTA5 93252,43947,93252
ZCTA5 93254,60938,93254
ZCTA5 93255,24583,93255
ZCTA5 93256,56172,93256
ZCTA5 93257,59704,93257
ZCTA5 93258,51319,93258
ZCTA5 93260,56250,93260
ZCTA5 93261,43850,93261
ZCTA5 93262,-666666666,93262
ZCTA5 93263,71528,93263
ZCTA5 93265,99350,93265
ZCTA5 93266,62727,93266
ZCTA5 93267,47344,93267
ZCTA5 93268,57778,93268
ZCTA5 93270,67136,93270
ZCTA5 93271,85922,93271
ZCTA5 93272,51523,93272
ZCTA5 93274,72650,93274
ZCTA5 93276,-666666666,93276
ZCTA5 93277,80548,93277
ZCTA5 93280,51388,93280
ZCTA5 93283,48053,93283
ZCTA5 93285,40275,93285
ZCTA5 93286,47574,93286
ZCTA5 93287,49750,93287
ZCTA5 93291,82610,93291
ZCTA5 93292,82872,93292
ZCTA5 93301,43561,93301
ZCTA5 93304,50790,93304
ZCTA5 93305,43244,93305
ZCTA5 93306,69805,93306
ZCTA5 93307,56446,93307
ZCTA5 93308,62445,93308
ZCTA5 93309,63544,93309
ZCTA5 93311,116263,93311
ZCTA5 93312,114195,93312
ZCTA5 93313,91943,93313
ZCTA5 93314,126250,93314
ZCTA5 93401,96824,93401
ZCTA5 93402,109090,93402
ZCTA5 93405,60399,93405
ZCTA5 93407,-666666666,93407
ZCTA5 93408,-666666666,93408
ZCTA5 93409,-666666666,93409
ZCTA5 93410,-666666666,93410
ZCTA5 93420,110553,93420
ZCTA5 93422,91780,93422
ZCTA5 93424,-666666666,93424
ZCTA5 93426,102500,93426
ZCTA5 93427,102857,93427
ZCTA5 93428,99762,93428
ZCTA5 93429,169063,93429
ZCTA5 93430,89519,93430
ZCTA5 93432,146938,93432
ZCTA5 93433,86458,93433
ZCTA5 93434,67231,93434
ZCTA5 93436,80097,93436
ZCTA5 93437,84167,93437
ZCTA5 93440,79167,93440
ZCTA5 93441,142760,93441
ZCTA5 93442,95623,93442
ZCTA5 93444,110867,93444
ZCTA5 93445,72261,93445
ZCTA5 93446,97943,93446
ZCTA5 93449,118072,93449
ZCTA5 93450,-666666666,93450
ZCTA5 93451,98188,93451
ZCTA5 93452,54625,93452
ZCTA5 93453,78288,93453
ZCTA5 93454,81522,93454
ZCTA5 93455,110661,93455
ZCTA5 93458,75257,93458
ZCTA5 93460,114139,93460
ZCTA5 93461,92482,93461
ZCTA5 93463,118488,93463
ZCTA5 93465,129259,93465
ZCTA5 93501,56737,93501
ZCTA5 93505,59827,93505
ZCTA5 93510,121023,93510
ZCTA5 93512,68283,93512
ZCTA5 93513,67292,93513
ZCTA5 93514,81278,93514
ZCTA5 93516,61000,93516
ZCTA5 93517,120850,93517
ZCTA5 93518,62321,93518
ZCTA5 93519,-666666666,93519
ZCTA5 93522,-666666666,93522
ZCTA5 93523,70227,93523
ZCTA5 93524,-666666666,93524
ZCTA5 93526,72950,93526
ZCTA5 93527,62596,93527
ZCTA5 93528,-666666666,93528
ZCTA5 93529,-666666666,93529
ZCTA5 93530,-666666666,93530
ZCTA5 93531,164318,93531
ZCTA5 93532,113363,93532
ZCTA5 93534,61866,93534
ZCTA5 93535,70360,93535
ZCTA5 93536,106903,93536
ZCTA5 93541,121330,93541
ZCTA5 93543,72488,93543
ZCTA5 93544,89792,93544
ZCTA5 93545,43529,93545
ZCTA5 93546,105577,93546
ZCTA5 93549,73958,93549
ZCTA5 93550,62078,93550
ZCTA5 93551,119801,93551
ZCTA5 93552,85954,93552
ZCTA5 93553,74643,93553
ZCTA5 93554,-666666666,93554
ZCTA5 93555,86700,93555
ZCTA5 93558,-666666666,93558
ZCTA5 93560,77431,93560
ZCTA5 93561,87357,93561
ZCTA5 93562,65650,93562
ZCTA5 93563,-666666666,93563
ZCTA5 93581,-666666666,93581
ZCTA5 93591,63389,93591
ZCTA5 93601,76555,93601
ZCTA5 93602,78016,93602
ZCTA5 93603,-666666666,93603
ZCTA5 93604,134357,93604
ZCTA5 93605,-666666666,93605
ZCTA5 93606,43669,93606
ZCTA5 93608,42609,93608
ZCTA5 93609,78750,93609
ZCTA5 93610,68083,93610
ZCTA5 93611,110982,93611
ZCTA5 93612,66683,93612
ZCTA5 93614,87869,93614
ZCTA5 93615,59760,93615
ZCTA5 93616,55221,93616
ZCTA5 93618,61977,93618
ZCTA5 93619,136966,93619
ZCTA5 93620,45456,93620
ZCTA5 93621,137321,93621
ZCTA5 93622,48021,93622
ZCTA5 93623,-666666666,93623
ZCTA5 93624,35417,93624
ZCTA5 93625,72500,93625
ZCTA5 93626,173788,93626
ZCTA5 93627,-666666666,93627
ZCTA5 93628,26274,93628
ZCTA5 93630,58184,93630
ZCTA5 93631,79228,93631
ZCTA5 93633,-666666666,93633
ZCTA5 93634,-666666666,93634
ZCTA5 93635,67129,93635
ZCTA5 93636,133274,93636
ZCTA5 93637,71724,93637
ZCTA5 93638,62374,93638
ZCTA5 93640,49813,93640
ZCTA5 93641,-666666666,93641
ZCTA5 93643,71082,93643
ZCTA5 93644,81196,93644
ZCTA5 93645,79792,93645
ZCTA5 93646,50847,93646
ZCTA5 93647,58309,93647
ZCTA5 93648,52348,93648
ZCTA5 93650,49031,93650
ZCTA5 93651,107587,93651
ZCTA5 93652,44342,93652
ZCTA5 93653,120568,93653
ZCTA5 93654,65574,93654
ZCTA5 93656,72333,93656
ZCTA5 93657,78904,93657
ZCTA5 93660,55063,93660
ZCTA5 93662,61564,93662
ZCTA5 93664,141786,93664
ZCTA5 93665,-666666666,93665
ZCTA5 93666,42917,93666
ZCTA5 93667,75272,93667
ZCTA5 93668,59861,93668
ZCTA5 93669,250001,93669
ZCTA5 93670,-666666666,93670
ZCTA5 93673,44167,93673
ZCTA5 93675,49808,93675
ZCTA5 93701,32768,93701
ZCTA5 93702,47229,93702
ZCTA5 93703,48737,93703
ZCTA5 93704,73234,93704
ZCTA5 93705,57003,93705
ZCTA5 93706,40930,93706
ZCTA5 93710,65851,93710
ZCTA5 93711,104176,93711
ZCTA5 93720,105050,93720
ZCTA5 93721,40033,93721
ZCTA5 93722,80285,93722
ZCTA5 93723,128725,93723
ZCTA5 93725,72232,93725
ZCTA5 93726,55771,93726
ZCTA5 93727,87466,93727
ZCTA5 93728,62986,93728
ZCTA5 93730,155333,93730
ZCTA5 93737,127279,93737
ZCTA5 93740,-666666666,93740
ZCTA5 93741,-666666666,93741
ZCTA5 93901,91233,93901
ZCTA5 93905,80126,93905
ZCTA5 93906,97555,93906
ZCTA5 93907,104942,93907
ZCTA5 93908,156394,93908
ZCTA5 93920,76542,93920
ZCTA5 93921,96923,93921
ZCTA5 93923,142474,93923
ZCTA5 93924,148563,93924
ZCTA5 93925,72604,93925
ZCTA5 93926,77694,93926
ZCTA5 93927,82500,93927
ZCTA5 93928,-666666666,93928
ZCTA5 93930,75577,93930
ZCTA5 93932,134342,93932
ZCTA5 93933,99826,93933
ZCTA5 93940,106044,93940
ZCTA5 93943,-666666666,93943
ZCTA5 93944,-666666666,93944
ZCTA5 93950,106065,93950
ZCTA5 93953,142763,93953
ZCTA5 93954,60417,93954
ZCTA5 93955,85282,93955
ZCTA5 93960,96049,93960
ZCTA5 93962,-666666666,93962
ZCTA5 94002,203965,94002
ZCTA5 94005,156169,94005
ZCTA5 94010,196882,94010
ZCTA5 94014,122966,94014
ZCTA5 94015,127056,94015
ZCTA5 94018,230053,94018
ZCTA5 94019,153781,94019
ZCTA5 94020,250001,94020
ZCTA5 94021,250001,94021
ZCTA5 94022,250001,94022
ZCTA5 94024,250001,94024
ZCTA5 94025,216601,94025
ZCTA5 94027,250001,94027
ZCTA5 94028,250001,94028
ZCTA5 94030,163476,94030
ZCTA5 94037,233826,94037
ZCTA5 94038,99680,94038
ZCTA5 94040,187781,94040
ZCTA5 94041,178558,94041
ZCTA5 94043,203298,94043
ZCTA5 94044,160408,94044
ZCTA5 94060,127973,94060
ZCTA5 94061,146265,94061
ZCTA5 94062,233262,94062
ZCTA5 94063,116760,94063
ZCTA5 94065,215955,94065
ZCTA5 94066,141272,94066
ZCTA5 94070,240074,94070
ZCTA5 94074,250001,94074
ZCTA5 94080,136733,94080
ZCTA5 94085,192417,94085
ZCTA5 94086,177054,94086
ZCTA5 94087,207742,94087
ZCTA5 94089,158304,94089
ZCTA5 94102,60431,94102
ZCTA5 94103,116438,94103
ZCTA5 94104,-666666666,94104
ZCTA5 94105,225000,94105
ZCTA5 94107,182897,94107
ZCTA5 94108,65388,94108
ZCTA5 94109,106018,94109
ZCTA5 94110,158351,94110
ZCTA5 94111,152697,94111
ZCTA5 94112,135119,94112
ZCTA5 94114,204134,94114
ZCTA5 94115,151524,94115
ZCTA5 94116,158921,94116
ZCTA5 94117,167066,94117
ZCTA5 94118,163995,94118
ZCTA5 94121,133358,94121
ZCTA5 94122,146250,94122
ZCTA5 94123,218603,94123
ZCTA5 94124,80509,94124
ZCTA5 94127,214167,94127
ZCTA5 94128,-666666666,94128
ZCTA5 94129,220972,94129
ZCTA5 94130,93269,94130
ZCTA5 94131,199211,94131
ZCTA5 94132,112292,94132
ZCTA5 94133,87191,94133
ZCTA5 94134,119567,94134
ZCTA5 94158,196506,94158
ZCTA5 94188,-666666666,94188
ZCTA5 94301,242006,94301
ZCTA5 94303,151609,94303
ZCTA5 94304,154141,94304
ZCTA5 94305,83088,94305
ZCTA5 94306,210000,94306
ZCTA5 94401,122227,94401
ZCTA5 94402,172522,94402
ZCTA5 94403,174917,94403
ZCTA5 94404,192332,94404
ZCTA5 94501,127906,94501
ZCTA5 94502,180938,94502
ZCTA5 94503,121088,94503
ZCTA5 94505,146480,94505
ZCTA5 94506,250001,94506
ZCTA5 94507,250001,94507
ZCTA5 94508,116667,94508
ZCTA5 94509,86196,94509
ZCTA5 94510,121204,94510
ZCTA5 94511,74972,94511
ZCTA5 94512,-666666666,94512
ZCTA5 94513,142223,94513
ZCTA5 94514,76511,94514
ZCTA5 94515,94464,94515
ZCTA5 94516,113333,94516
ZCTA5 94517,168921,94517
ZCTA5 94518,112094,94518
ZCTA5 94519,122418,94519
ZCTA5 94520,82479,94520
ZCTA5 94521,125899,94521
ZCTA5 94523,142586,94523
ZCTA5 94525,110899,94525
ZCTA5 94526,225097,94526
ZCTA5 94528,207500,94528
ZCTA5 94530,128529,94530
ZCTA5 94531,120927,94531
ZCTA5 94533,87384,94533
ZCTA5 94534,140198,94534
ZCTA5 94535,83879,94535
ZCTA5 94536,167662,94536
ZCTA5 94538,147301,94538
ZCTA5 94539,243552,94539
ZCTA5 94541,105729,94541
ZCTA5 94542,133734,94542
ZCTA5 94544,107785,94544
ZCTA5 94545,114356,94545
ZCTA5 94546,128385,94546
ZCTA5 94547,129397,94547
ZCTA5 94548,189653,94548
ZCTA5 94549,234516,94549
ZCTA5 94550,180295,94550
ZCTA5 94551,145392,94551
ZCTA5 94552,212605,94552
ZCTA5 94553,124130,94553
ZCTA5 94555,219938,94555
ZCTA5 94556,215720,94556
ZCTA5 94558,113269,94558
ZCTA5 94559,105188,94559
ZCTA5 94560,169064,94560
ZCTA5 94561,134678,94561
ZCTA5 94562,-666666666,94562
ZCTA5 94563,250001,94563
ZCTA5 94564,127717,94564
ZCTA5 94565,95556,94565
ZCTA5 94566,191155,94566
ZCTA5 94567,80833,94567
ZCTA5 94568,214385,94568
ZCTA5 94569,38929,94569
ZCTA5 94571,87740,94571
ZCTA5 94572,91484,94572
ZCTA5 94573,250001,94573
ZCTA5 94574,139474,94574
ZCTA5 94575,-666666666,94575
ZCTA5 94576,170677,94576
ZCTA5 94577,108772,94577
ZCTA5 94578,94084,94578
ZCTA5 94579,99040,94579
ZCTA5 94580,110729,94580
ZCTA5 94582,214677,94582
ZCTA5 94583,184898,94583
ZCTA5 94585,94740,94585
ZCTA5 94586,204931,94586
ZCTA5 94587,133715,94587
ZCTA5 94588,191073,94588
ZCTA5 94589,92735,94589
ZCTA5 94590,65290,94590
ZCTA5 94591,104550,94591
ZCTA5 94592,115536,94592
ZCTA5 94595,100552,94595
ZCTA5 94596,135635,94596
ZCTA5 94597,132063,94597
ZCTA5 94598,186225,94598
ZCTA5 94599,80372,94599
ZCTA5 94601,72359,94601
ZCTA5 94602,122263,94602
ZCTA5 94603,76723,94603
ZCTA5 94605,106068,94605
ZCTA5 94606,72470,94606
ZCTA5 94607,94863,94607
ZCTA5 94608,120239,94608
ZCTA5 94609,107834,94609
ZCTA5 94610,134507,94610
ZCTA5 94611,180549,94611
ZCTA5 94612,74037,94612
ZCTA5 94613,-666666666,94613
ZCTA5 94618,201780,94618
ZCTA5 94619,129867,94619
ZCTA5 94621,52049,94621
ZCTA5 94702,99775,94702
ZCTA5 94703,109881,94703
ZCTA5 94704,50129,94704
ZCTA5 94705,167970,94705
ZCTA5 94706,143398,94706
ZCTA5 94707,212776,94707
ZCTA5 94708,234923,94708
ZCTA5 94709,89054,94709
ZCTA5 94710,102227,94710
ZCTA5 94720,-666666666,94720
ZCTA5 94801,81728,94801
ZCTA5 94803,118447,94803
ZCTA5 94804,91037,94804
ZCTA5 94805,111152,94805
ZCTA5 94806,86034,94806
ZCTA5 94901,115330,94901
ZCTA5 94903,142083,94903
ZCTA5 94904,169118,94904
ZCTA5 94920,246045,94920
ZCTA5 94922,-666666666,94922
ZCTA5 94923,147546,94923
ZCTA5 94924,101458,94924
ZCTA5 94925,232763,94925
ZCTA5 94928,99280,94928
ZCTA5 94929,209536,94929
ZCTA5 94930,145362,94930
ZCTA5 94931,101994,94931
ZCTA5 94933,133006,94933
ZCTA5 94937,78281,94937
ZCTA5 94938,-666666666,94938
ZCTA5 94939,203988,94939
ZCTA5 94940,47021,94940
ZCTA5 94941,209870,94941
ZCTA5 94945,107790,94945
ZCTA5 94946,154688,94946
ZCTA5 94947,128766,94947
ZCTA5 94949,120758,94949
ZCTA5 94950,-666666666,94950
ZCTA5 94951,106332,94951
ZCTA5 94952,117343,94952
ZCTA5 94954,113527,94954
ZCTA5 94956,82205,94956
ZCTA5 94957,250001,94957
ZCTA5 94960,185170,94960
ZCTA5 94963,210823,94963
ZCTA5 94964,115192,94964
ZCTA5 94965,146946,94965
ZCTA5 94970,132857,94970
ZCTA5 94971,119028,94971
ZCTA5 94972,-666666666,94972
ZCTA5 94973,231094,94973
ZCTA5 95002,121953,95002
ZCTA5 95003,148412,95003
ZCTA5 95004,130744,95004
ZCTA5 95005,104375,95005
ZCTA5 95006,102167,95006
ZCTA5 95007,91352,95007
ZCTA5 95008,141131,95008
ZCTA5 95010,105236,95010
ZCTA5 95012,80288,95012
ZCTA5 95013,173646,95013
ZCTA5 95014,230913,95014
ZCTA5 95017,102625,95017
ZCTA5 95018,129464,95018
ZCTA5 95019,67474,95019
ZCTA5 95020,137117,95020
ZCTA5 95023,116314,95023
ZCTA5 95030,250001,95030
ZCTA5 95032,203727,95032
ZCTA5 95033,189118,95033
ZCTA5 95035,178654,95035
ZCTA5 95037,163182,95037
ZCTA5 95039,49410,95039
ZCTA5 95041,96898,95041
ZCTA5 95043,150441,95043
ZCTA5 95045,110438,95045
ZCTA5 95046,158550,95046
ZCTA5 95050,138466,95050
ZCTA5 95051,196690,95051
ZCTA5 95053,-666666666,95053
ZCTA5 95054,207895,95054
ZCTA5 95060,108591,95060
ZCTA5 95062,112106,95062
ZCTA5 95064,121042,95064
ZCTA5 95065,153222,95065
ZCTA5 95066,151250,95066
ZCTA5 95070,250001,95070
ZCTA5 95073,118169,95073
ZCTA5 95075,135417,95075
ZCTA5 95076,91099,95076
ZCTA5 95110,131491,95110
ZCTA5 95111,101435,95111
ZCTA5 95112,89103,95112
ZCTA5 95113,151685,95113
ZCTA5 95116,85818,95116
ZCTA5 95117,116348,95117
ZCTA5 95118,152682,95118
ZCTA5 95119,174375,95119
ZCTA5 95120,250001,95120
ZCTA5 95121,150605,95121
ZCTA5 95122,103549,95122
ZCTA5 95123,144276,95123
ZCTA5 95124,185926,95124
ZCTA5 95125,160738,95125
ZCTA5 95126,128983,95126
ZCTA5 95127,128786,95127
ZCTA5 95128,131152,95128
ZCTA5 95129,195708,95129
ZCTA5 95130,159556,95130
ZCTA5 95131,170255,95131
ZCTA5 95132,178611,95132
ZCTA5 95133,142170,95133
ZCTA5 95134,203649,95134
ZCTA5 95135,190750,95135
ZCTA5 95136,142433,95136
ZCTA5 95138,204476,95138
ZCTA5 95139,178790,95139
ZCTA5 95140,163594,95140
ZCTA5 95148,167257,95148
ZCTA5 95202,31020,95202
ZCTA5 95203,63411,95203
ZCTA5 95204,75548,95204
ZCTA5 95205,60325,95205
ZCTA5 95206,83432,95206
ZCTA5 95207,69455,95207
ZCTA5 95209,108675,95209
ZCTA5 95210,67991,95210
ZCTA5 95211,-666666666,95211
ZCTA5 95212,111720,95212
ZCTA5 95215,71888,95215
ZCTA5 95219,112268,95219
ZCTA5 95220,114637,95220
ZCTA5 95221,-666666666,95221
ZCTA5 95222,70930,95222
ZCTA5 95223,106694,95223
ZCTA5 95224,46815,95224
ZCTA5 95225,-666666666,95225
ZCTA5 95226,-666666666,95226
ZCTA5 95227,150750,95227
ZCTA5 95228,107899,95228
ZCTA5 95230,128339,95230
ZCTA5 95231,90417,95231
ZCTA5 95232,71023,95232
ZCTA5 95233,50972,95233
ZCTA5 95236,104703,95236
ZCTA5 95237,87117,95237
ZCTA5 95240,82137,95240
ZCTA5 95242,104721,95242
ZCTA5 95245,84405,95245
ZCTA5 95246,98269,95246
ZCTA5 95247,76333,95247
ZCTA5 95248,-666666666,95248
ZCTA5 95249,45302,95249
ZCTA5 95251,127775,95251
ZCTA5 95252,89651,95252
ZCTA5 95253,144659,95253
ZCTA5 95254,-666666666,95254
ZCTA5 95255,51364,95255
ZCTA5 95257,71437,95257
ZCTA5 95258,93854,95258
ZCTA5 95301,68349,95301
ZCTA5 95303,144375,95303
ZCTA5 95304,115007,95304
ZCTA5 95305,-666666666,95305
ZCTA5 95306,81302,95306
ZCTA5 95307,80627,95307
ZCTA5 95309,-666666666,95309
ZCTA5 95310,54697,95310
ZCTA5 95311,56029,95311
ZCTA5 95312,80625,95312
ZCTA5 95313,90018,95313
ZCTA5 95315,71352,95315
ZCTA5 95316,97764,95316
ZCTA5 95317,57153,95317
ZCTA5 95318,57097,95318
ZCTA5 95319,45400,95319
ZCTA5 95320,82572,95320
ZCTA5 95321,74000,95321
ZCTA5 95322,65761,95322
ZCTA5 95323,75938,95323
ZCTA5 95324,76316,95324
ZCTA5 95325,-666666666,95325
ZCTA5 95326,87500,95326
ZCTA5 95327,68040,95327
ZCTA5 95328,62743,95328
ZCTA5 95329,79500,95329
ZCTA5 95330,125421,95330
ZCTA5 95333,62813,95333
ZCTA5 95334,76277,95334
ZCTA5 95335,67857,95335
ZCTA5 95336,89172,95336
ZCTA5 95337,117137,95337
ZCTA5 95338,67485,95338
ZCTA5 95340,71193,95340
ZCTA5 95341,57342,95341
ZCTA5 95345,68464,95345
ZCTA5 95346,92057,95346
ZCTA5 95348,64944,95348
ZCTA5 95350,75621,95350
ZCTA5 95351,58275,95351
ZCTA5 95354,72879,95354
ZCTA5 95355,86849,95355
ZCTA5 95356,96886,95356
ZCTA5 95357,95707,95357
ZCTA5 95358,76924,95358
ZCTA5 95360,79213,95360
ZCTA5 95361,92963,95361
ZCTA5 95363,95679,95363
ZCTA5 95364,-666666666,95364
ZCTA5 95365,39741,95365
ZCTA5 95366,112097,95366
ZCTA5 95367,87487,95367
ZCTA5 95368,94935,95368
ZCTA5 95369,75750,95369
ZCTA5 95370,82990,95370
ZCTA5 95372,97398,95372
ZCTA5 95374,57538,95374
ZCTA5 95375,-666666666,95375
ZCTA5 95376,102555,95376
ZCTA5 95377,158158,95377
ZCTA5 95379,74230,95379
ZCTA5 95380,74534,95380
ZCTA5 95382,95282,95382
ZCTA5 95383,86970,95383
ZCTA5 95385,53409,95385
ZCTA5 95386,73196,95386
ZCTA5 95387,66857,95387
ZCTA5 95388,57493,95388
ZCTA5 95389,51500,95389
ZCTA5 95391,176952,95391
ZCTA5 95401,93615,95401
ZCTA5 95403,98191,95403
ZCTA5 95404,105437,95404
ZCTA5 95405,118299,95405
ZCTA5 95407,82863,95407
ZCTA5 95409,107867,95409
ZCTA5 95410,-666666666,95410
ZCTA5 95412,-666666666,95412
ZCTA5 95415,45147,95415
ZCTA5 95417,-666666666,95417
ZCTA5 95419,-666666666,95419
ZCTA5 95420,-666666666,95420
ZCTA5 95421,78906,95421
ZCTA5 95422,42241,95422
ZCTA5 95423,41143,95423
ZCTA5 95425,119092,95425
ZCTA5 95426,84000,95426
ZCTA5 95427,58421,95427
ZCTA5 95428,46339,95428
ZCTA5 95429,13333,95429
ZCTA5 95430,-666666666,95430
ZCTA5 95431,-666666666,95431
ZCTA5 95432,-666666666,95432
ZCTA5 95435,-666666666,95435
ZCTA5 95436,109531,95436
ZCTA5 95437,57759,95437
ZCTA5 95439,-666666666,95439
ZCTA5 95441,126806,95441
ZCTA5 95442,164750,95442
ZCTA5 95443,-666666666,95443
ZCTA5 95444,105179,95444
ZCTA5 95445,127206,95445
ZCTA5 95446,85833,95446
ZCTA5 95448,105120,95448
ZCTA5 95449,90469,95449
ZCTA5 95450,123125,95450
ZCTA5 95451,62568,95451
ZCTA5 95452,118986,95452
ZCTA5 95453,71419,95453
ZCTA5 95454,42447,95454
ZCTA5 95456,63750,95456
ZCTA5 95457,63594,95457
ZCTA5 95458,57674,95458
ZCTA5 95459,68700,95459
ZCTA5 95460,73576,95460
ZCTA5 95461,78667,95461
ZCTA5 95462,85536,95462
ZCTA5 95463,-666666666,95463
ZCTA5 95464,61705,95464
ZCTA5 95465,120781,95465
ZCTA5 95466,108013,95466
ZCTA5 95467,84152,95467
ZCTA5 95468,115955,95468
ZCTA5 95469,82683,95469
ZCTA5 95470,76250,95470
ZCTA5 95471,-666666666,95471
ZCTA5 95472,108925,95472
ZCTA5 95476,105374,95476
ZCTA5 95480,-666666666,95480
ZCTA5 95482,69772,95482
ZCTA5 95485,104667,95485
ZCTA5 95486,-666666666,95486
ZCTA5 95488,-666666666,95488
ZCTA5 95490,79594,95490
ZCTA5 95492,134211,95492
ZCTA5 95493,74531,95493
ZCTA5 95494,58650,95494
ZCTA5 95497,138125,95497
ZCTA5 95501,54137,95501
ZCTA5 95503,71855,95503
ZCTA5 95511,-666666666,95511
ZCTA5 95514,-666666666,95514
ZCTA5 95519,73280,95519
ZCTA5 95521,53114,95521
ZCTA5 95524,87500,95524
ZCTA5 95525,57379,95525
ZCTA5 95526,39583,95526
ZCTA5 95527,76667,95527
ZCTA5 95528,55481,95528
ZCTA5 95531,67458,95531
ZCTA5 95536,73375,95536
ZCTA5 95537,78686,95537
ZCTA5 95538,67024,95538
ZCTA5 95540,63695,95540
ZCTA5 95542,46104,95542
ZCTA5 95543,50203,95543
ZCTA5 95545,-666666666,95545
ZCTA5 95546,61607,95546
ZCTA5 95547,96827,95547
ZCTA5 95548,43333,95548
ZCTA5 95549,95179,95549
ZCTA5 95550,104063,95550
ZCTA5 95551,64519,95551
ZCTA5 95552,77796,95552
ZCTA5 95553,41450,95553
ZCTA5 95554,33125,95554
ZCTA5 95555,39583,95555
ZCTA5 95556,-666666666,95556
ZCTA5 95558,51719,95558
ZCTA5 95559,-666666666,95559
ZCTA5 95560,23720,95560
ZCTA5 95562,42975,95562
ZCTA5 95563,62893,95563
ZCTA5 95564,78750,95564
ZCTA5 95565,57083,95565
ZCTA5 95567,102734,95567
ZCTA5 95568,-666666666,95568
ZCTA5 95569,-666666666,95569
ZCTA5 95570,74777,95570
ZCTA5 95571,-666666666,95571
ZCTA5 95573,47258,95573
ZCTA5 95585,36190,95585
ZCTA5 95587,-666666666,95587
ZCTA5 95589,43040,95589
ZCTA5 95595,28704,95595
ZCTA5 95601,94023,95601
ZCTA5 95602,97466,95602
ZCTA5 95603,85357,95603
ZCTA5 95604,-666666666,95604
ZCTA5 95605,71924,95605
ZCTA5 95606,-666666666,95606
ZCTA5 95607,149236,95607
ZCTA5 95608,86563,95608
ZCTA5 95610,83327,95610
ZCTA5 95612,104063,95612
ZCTA5 95613,-666666666,95613
ZCTA5 95614,133426,95614
ZCTA5 95615,73406,95615
ZCTA5 95616,74359,95616
ZCTA5 95618,115591,95618
ZCTA5 95619,66429,95619
ZCTA5 95620,103054,95620
ZCTA5 95621,80901,95621
ZCTA5 95623,109102,95623
ZCTA5 95624,125332,95624
ZCTA5 95625,86349,95625
ZCTA5 95626,90897,95626
ZCTA5 95627,101994,95627
ZCTA5 95628,115803,95628
ZCTA5 95629,90469,95629
ZCTA5 95630,139642,95630
ZCTA5 95631,104402,95631
ZCTA5 95632,102239,95632
ZCTA5 95633,74258,95633
ZCTA5 95634,57328,95634
ZCTA5 95635,101250,95635
ZCTA5 95636,92004,95636
ZCTA5 95637,-666666666,95637
ZCTA5 95638,91500,95638
ZCTA5 95639,-666666666,95639
ZCTA5 95640,97000,95640
ZCTA5 95641,74886,95641
ZCTA5 95642,81438,95642
ZCTA5 95645,61652,95645
ZCTA5 95646,-666666666,95646
ZCTA5 95648,112333,95648
ZCTA5 95650,117912,95650
ZCTA5 95651,103537,95651
ZCTA5 95652,23750,95652
ZCTA5 95653,-666666666,95653
ZCTA5 95655,143958,95655
ZCTA5 95658,126581,95658
ZCTA5 95659,68929,95659
ZCTA5 95660,68235,95660
ZCTA5 95661,105925,95661
ZCTA5 95662,96689,95662
ZCTA5 95663,155917,95663
ZCTA5 95664,117901,95664
ZCTA5 95665,87366,95665
ZCTA5 95666,84311,95666
ZCTA5 95667,89938,95667
ZCTA5 95668,90750,95668
ZCTA5 95669,89609,95669
ZCTA5 95670,89484,95670
ZCTA5 95671,232700,95671
ZCTA5 95672,146769,95672
ZCTA5 95673,95824,95673
ZCTA5 95674,104750,95674
ZCTA5 95675,-666666666,95675
ZCTA5 95676,-666666666,95676
ZCTA5 95677,105713,95677
ZCTA5 95678,100554,95678
ZCTA5 95679,-666666666,95679
ZCTA5 95680,-666666666,95680
ZCTA5 95681,95978,95681
ZCTA5 95682,122436,95682
ZCTA5 95683,140457,95683
ZCTA5 95684,87175,95684
ZCTA5 95685,83878,95685
ZCTA5 95686,52109,95686
ZCTA5 95687,109566,95687
ZCTA5 95688,118186,95688
ZCTA5 95689,122936,95689
ZCTA5 95690,90104,95690
ZCTA5 95691,104750,95691
ZCTA5 95692,95877,95692
ZCTA5 95693,161354,95693
ZCTA5 95694,109696,95694
ZCTA5 95695,79486,95695
ZCTA5 95697,-666666666,95697
ZCTA5 95698,143182,95698
ZCTA5 95699,250001,95699
ZCTA5 95701,98125,95701
ZCTA5 95703,100214,95703
ZCTA5 95709,79780,95709
ZCTA5 95713,87839,95713
ZCTA5 95714,95795,95714
ZCTA5 95715,163625,95715
ZCTA5 95717,-666666666,95717
ZCTA5 95720,-666666666,95720
ZCTA5 95721,-666666666,95721
ZCTA5 95722,125625,95722
ZCTA5 95726,91128,95726
ZCTA5 95728,89375,95728
ZCTA5 95735,111125,95735
ZCTA5 95736,190670,95736
ZCTA5 95742,155855,95742
ZCTA5 95746,183305,95746
ZCTA5 95747,136750,95747
ZCTA5 95757,138198,95757
ZCTA5 95758,117017,95758
ZCTA5 95762,165467,95762
ZCTA5 95765,138090,95765
ZCTA5 95776,106698,95776
ZCTA5 95811,80827,95811
ZCTA5 95814,58284,95814
ZCTA5 95815,60097,95815
ZCTA5 95816,90839,95816
ZCTA5 95817,64212,95817
ZCTA5 95818,118196,95818
ZCTA5 95819,136306,95819
ZCTA5 95820,78436,95820
ZCTA5 95821,64963,95821
ZCTA5 95822,86801,95822
ZCTA5 95823,66895,95823
ZCTA5 95824,56477,95824
ZCTA5 95825,64602,95825
ZCTA5 95826,82127,95826
ZCTA5 95827,85841,95827
ZCTA5 95828,81778,95828
ZCTA5 95829,105395,95829
ZCTA5 95830,135938,95830
ZCTA5 95831,100751,95831
ZCTA5 95832,82318,95832
ZCTA5 95833,97792,95833
ZCTA5 95834,101260,95834
ZCTA5 95835,114468,95835
ZCTA5 95837,193500,95837
ZCTA5 95838,68349,95838
ZCTA5 95841,61054,95841
ZCTA5 95842,68276,95842
ZCTA5 95843,98274,95843
ZCTA5 95864,127953,95864
ZCTA5 95901,69776,95901
ZCTA5 95903,60122,95903
ZCTA5 95910,-666666666,95910
ZCTA5 95912,86457,95912
ZCTA5 95913,121912,95913
ZCTA5 95914,102188,95914
ZCTA5 95915,-666666666,95915
ZCTA5 95916,28333,95916
ZCTA5 95917,90563,95917
ZCTA5 95918,56750,95918
ZCTA5 95919,-666666666,95919
ZCTA5 95920,-666666666,95920
ZCTA5 95922,36528,95922
ZCTA5 95923,-666666666,95923
ZCTA5 95925,-666666666,95925
ZCTA5 95926,61920,95926
ZCTA5 95928,64949,95928
ZCTA5 95929,-666666666,95929
ZCTA5 95930,2499,95930
ZCTA5 95932,66964,95932
ZCTA5 95934,-666666666,95934
ZCTA5 95935,54110,95935
ZCTA5 95936,-666666666,95936
ZCTA5 95937,-666666666,95937
ZCTA5 95938,82974,95938
ZCTA5 95939,40568,95939
ZCTA5 95941,-666666666,95941
ZCTA5 95942,116400,95942
ZCTA5 95943,49744,95943
ZCTA5 95944,-666666666,95944
ZCTA5 95945,65989,95945
ZCTA5 95946,84795,95946
ZCTA5 95947,82500,95947
ZCTA5 95948,60294,95948
ZCTA5 95949,98181,95949
ZCTA5 95950,-666666666,95950
ZCTA5 95951,70294,95951
ZCTA5 95953,74786,95953
ZCTA5 95954,61280,95954
ZCTA5 95955,-666666666,95955
ZCTA5 95956,61324,95956
ZCTA5 95957,78333,95957
ZCTA5 95958,-666666666,95958
ZCTA5 95959,86524,95959
ZCTA5 95960,52917,95960
ZCTA5 95961,89561,95961
ZCTA5 95962,77903,95962
ZCTA5 95963,68091,95963
ZCTA5 95965,53198,95965
ZCTA5 95966,65586,95966
ZCTA5 95968,42000,95968
ZCTA5 95969,69067,95969
ZCTA5 95970,69000,95970
ZCTA5 95971,83269,95971
ZCTA5 95972,-666666666,95972
ZCTA5 95973,92813,95973
ZCTA5 95974,-666666666,95974
ZCTA5 95975,103216,95975
ZCTA5 95977,104545,95977
ZCTA5 95978,-666666666,95978
ZCTA5 95979,24766,95979
ZCTA5 95981,91016,95981
ZCTA5 95982,96224,95982
ZCTA5 95983,54968,95983
ZCTA5 95984,-666666666,95984
ZCTA5 95986,-666666666,95986
ZCTA5 95987,95122,95987
ZCTA5 95988,66339,95988
ZCTA5 95991,70590,95991
ZCTA5 95993,93763,95993
ZCTA5 96001,72484,96001
ZCTA5 96002,73222,96002
ZCTA5 96003,72445,96003
ZCTA5 96006,46094,96006
ZCTA5 96007,61357,96007
ZCTA5 96008,92313,96008
ZCTA5 96009,-666666666,96009
ZCTA5 96010,28958,96010
ZCTA5 96011,25208,96011
ZCTA5 96013,53688,96013
ZCTA5 96014,-666666666,96014
ZCTA5 96015,45991,96015
ZCTA5 96016,54526,96016
ZCTA5 96017,48500,96017
ZCTA5 96019,67446,96019
ZCTA5 96020,50489,96020
ZCTA5 96021,59592,96021
ZCTA5 96022,89338,96022
ZCTA5 96023,47237,96023
ZCTA5 96024,43750,96024
ZCTA5 96025,46036,96025
ZCTA5 96027,64308,96027
ZCTA5 96028,76295,96028
ZCTA5 96029,85682,96029
ZCTA5 96031,-666666666,96031
ZCTA5 96032,72951,96032
ZCTA5 96033,44375,96033
ZCTA5 96034,73750,96034
ZCTA5 96035,49760,96035
ZCTA5 96037,117379,96037
ZCTA5 96038,59435,96038
ZCTA5 96039,41813,96039
ZCTA5 96040,-666666666,96040
ZCTA5 96041,-666666666,96041
ZCTA5 96044,51688,96044
ZCTA5 96046,-666666666,96046
ZCTA5 96047,-666666666,96047
ZCTA5 96048,50521,96048
ZCTA5 96050,40909,96050
ZCTA5 96051,69688,96051
ZCTA5 96052,37222,96052
ZCTA5 96054,-666666666,96054
ZCTA5 96055,59798,96055
ZCTA5 96056,61442,96056
ZCTA5 96057,50179,96057
ZCTA5 96058,47266,96058
ZCTA5 96059,-666666666,96059
ZCTA5 96061,-666666666,96061
ZCTA5 96062,129688,96062
ZCTA5 96063,-666666666,96063
ZCTA5 96064,61157,96064
ZCTA5 96065,61250,96065
ZCTA5 96067,65000,96067
ZCTA5 96068,-666666666,96068
ZCTA5 96069,71250,96069
ZCTA5 96071,-666666666,96071
ZCTA5 96073,120469,96073
ZCTA5 96074,51346,96074
ZCTA5 96075,-666666666,96075
ZCTA5 96076,29156,96076
ZCTA5 96078,-666666666,96078
ZCTA5 96080,66076,96080
ZCTA5 96084,60769,96084
ZCTA5 96085,105179,96085
ZCTA5 96086,88750,96086
ZCTA5 96087,110375,96087
ZCTA5 96088,65958,96088
ZCTA5 96090,70893,96090
ZCTA5 96091,61058,96091
ZCTA5 96092,40855,96092
ZCTA5 96093,65741,96093
ZCTA5 96094,68103,96094
ZCTA5 96096,64444,96096
ZCTA5 96097,53059,96097
ZCTA5 96101,61680,96101
ZCTA5 96103,82589,96103
ZCTA5 96104,52794,96104
ZCTA5 96105,122750,96105
ZCTA5 96106,-666666666,96106
ZCTA5 96107,61563,96107
ZCTA5 96108,-666666666,96108
ZCTA5 96109,43988,96109
ZCTA5 96110,78333,96110
ZCTA5 96111,-666666666,96111
ZCTA5 96112,-666666666,96112
ZCTA5 96113,67083,96113
ZCTA5 96114,79688,96114
ZCTA5 96115,71719,96115
ZCTA5 96116,-666666666,96116
ZCTA5 96117,104583,96117
ZCTA5 96118,54167,96118
ZCTA5 96119,-666666666,96119
ZCTA5 96120,100417,96120
ZCTA5 96121,58021,96121
ZCTA5 96122,54205,96122
ZCTA5 96123,41563,96123
ZCTA5 96124,205893,96124
ZCTA5 96125,95554,96125
ZCTA5 96126,-666666666,96126
ZCTA5 96128,91012,96128
ZCTA5 96129,52381,96129
ZCTA5 96130,72465,96130
ZCTA5 96132,68472,96132
ZCTA5 96133,-666666666,96133
ZCTA5 96134,49674,96134
ZCTA5 96135,-666666666,96135
ZCTA5 96136,-666666666,96136
ZCTA5 96137,65896,96137
ZCTA5 96140,181875,96140
ZCTA5 96141,125662,96141
ZCTA5 96142,95341,96142
ZCTA5 96143,69922,96143
ZCTA5 96145,112875,96145
ZCTA5 96146,160833,96146
ZCTA5 96148,103750,96148
ZCTA5 96150,92517,96150
ZCTA5 96155,-666666666,96155
ZCTA5 96161,131702,96161
ZCTA5 96701,111173,96701
ZCTA5 96703,98214,96703
ZCTA5 96704,86941,96704
ZCTA5 96705,118438,96705
ZCTA5 96706,129456,96706
ZCTA5 96707,119940,96707
ZCTA5 96708,100664,96708
ZCTA5 96710,-666666666,96710
ZCTA5 96712,88333,96712
ZCTA5 96713,54375,96713
ZCTA5 96714,132448,96714
ZCTA5 96716,105000,96716
ZCTA5 96717,102978,96717
ZCTA5 96719,79471,96719
ZCTA5 96720,80938,96720
ZCTA5 96722,100938,96722
ZCTA5 96725,93346,96725
ZCTA5 96726,-666666666,96726
ZCTA5 96727,85777,96727
ZCTA5 96728,67500,96728
ZCTA5 96729,59375,96729
ZCTA5 96730,126563,96730
ZCTA5 96731,73417,96731
ZCTA5 96732,101739,96732
ZCTA5 96734,132782,96734
ZCTA5 96737,45841,96737
ZCTA5 96738,80928,96738
ZCTA5 96740,95542,96740
ZCTA5 96741,110873,96741
ZCTA5 96742,73750,96742
ZCTA5 96743,101468,96743
ZCTA5 96744,131653,96744
ZCTA5 96746,88802,96746
ZCTA5 96747,95625,96747
ZCTA5 96748,77422,96748
ZCTA5 96749,85399,96749
ZCTA5 96750,92576,96750
ZCTA5 96751,-666666666,96751
ZCTA5 96752,90174,96752
ZCTA5 96753,88408,96753
ZCTA5 96754,90353,96754
ZCTA5 96755,96813,96755
ZCTA5 96756,99274,96756
ZCTA5 96757,74432,96757
ZCTA5 96759,-666666666,96759
ZCTA5 96760,103286,96760
ZCTA5 96761,101123,96761
ZCTA5 96762,125645,96762
ZCTA5 96763,92417,96763
ZCTA5 96764,55769,96764
ZCTA5 96765,102679,96765
ZCTA5 96766,100678,96766
ZCTA5 96768,100391,96768
ZCTA5 96769,46250,96769
ZCTA5 96770,54792,96770
ZCTA5 96771,62426,96771
ZCTA5 96772,48914,96772
ZCTA5 96773,65179,96773
ZCTA5 96774,-666666666,96774
ZCTA5 96776,93241,96776
ZCTA5 96777,64643,96777
ZCTA5 96778,39750,96778
ZCTA5 96779,98929,96779
ZCTA5 96780,66250,96780
ZCTA5 96781,96400,96781
ZCTA5 96782,108669,96782
ZCTA5 96783,77391,96783
ZCTA5 96785,68463,96785
ZCTA5 96786,85554,96786
ZCTA5 96789,127066,96789
ZCTA5 96790,100693,96790
ZCTA5 96791,97470,96791
ZCTA5 96792,87509,96792
ZCTA5 96793,107668,96793
ZCTA5 96795,120714,96795
ZCTA5 96796,89205,96796
ZCTA5 96797,114654,96797
ZCTA5 96813,91690,96813
ZCTA5 96814,77768,96814
ZCTA5 96815,77096,96815
ZCTA5 96816,114609,96816
ZCTA5 96817,75476,96817
ZCTA5 96818,100567,96818
ZCTA5 96819,99848,96819
ZCTA5 96820,-666666666,96820
ZCTA5 96821,174938,96821
ZCTA5 96822,95947,96822
ZCTA5 96825,153210,96825
ZCTA5 96826,68296,96826
ZCTA5 96848,21042,96848
ZCTA5 96850,-666666666,96850
ZCTA5 96853,-666666666,96853
ZCTA5 96857,-666666666,96857
ZCTA5 96858,-666666666,96858
ZCTA5 96859,-666666666,96859
ZCTA5 96860,-666666666,96860
ZCTA5 96863,-666666666,96863
ZCTA5 97001,39250,97001
ZCTA5 97002,70137,97002
ZCTA5 97003,99072,97003
ZCTA5 97004,112667,97004
ZCTA5 97005,78239,97005
ZCTA5 97006,104790,97006
ZCTA5 97007,123533,97007
ZCTA5 97008,96116,97008
ZCTA5 97009,106650,97009
ZCTA5 97011,91292,97011
ZCTA5 97013,101832,97013
ZCTA5 97014,75000,97014
ZCTA5 97015,87333,97015
ZCTA5 97016,79375,97016
ZCTA5 97017,83355,97017
ZCTA5 97018,96750,97018
ZCTA5 97019,104022,97019
ZCTA5 97020,80729,97020
ZCTA5 97021,89500,97021
ZCTA5 97022,92945,97022
ZCTA5 97023,76762,97023
ZCTA5 97024,69679,97024
ZCTA5 97026,90461,97026
ZCTA5 97027,94375,97027
ZCTA5 97028,76716,97028
ZCTA5 97029,61116,97029
ZCTA5 97030,69239,97030
ZCTA5 97031,91858,97031
ZCTA5 97032,101250,97032
ZCTA5 97033,-666666666,97033
ZCTA5 97034,149236,97034
ZCTA5 97035,130603,97035
ZCTA5 97037,70000,97037
ZCTA5 97038,89564,97038
ZCTA5 97039,93056,97039
ZCTA5 97040,73250,97040
ZCTA5 97041,82679,97041
ZCTA5 97042,118045,97042
ZCTA5 97045,103573,97045
ZCTA5 97048,77171,97048
ZCTA5 97049,92056,97049
ZCTA5 97050,39306,97050
ZCTA5 97051,85869,97051
ZCTA5 97053,142538,97053
ZCTA5 97054,87327,97054
ZCTA5 97055,112323,97055
ZCTA5 97056,94209,97056
ZCTA5 97057,-666666666,97057
ZCTA5 97058,62181,97058
ZCTA5 97060,88279,97060
ZCTA5 97062,105407,97062
ZCTA5 97063,58490,97063
ZCTA5 97064,67317,97064
ZCTA5 97065,53875,97065
ZCTA5 97067,87794,97067
ZCTA5 97068,151729,97068
ZCTA5 97070,97429,97070
ZCTA5 97071,70938,97071
ZCTA5 97078,90606,97078
ZCTA5 97080,96305,97080
ZCTA5 97086,102359,97086
ZCTA5 97089,123689,97089
ZCTA5 97101,99837,97101
ZCTA5 97102,-666666666,97102
ZCTA5 97103,75147,97103
ZCTA5 97106,104250,97106
ZCTA5 97107,70417,97107
ZCTA5 97108,69500,97108
ZCTA5 97109,150893,97109
ZCTA5 97110,68500,97110
ZCTA5 97111,108453,97111
ZCTA5 97112,61061,97112
ZCTA5 97113,96859,97113
ZCTA5 97114,84228,97114
ZCTA5 97115,117446,97115
ZCTA5 97116,92613,97116
ZCTA5 97117,121818,97117
ZCTA5 97118,53828,97118
ZCTA5 97119,115515,97119
ZCTA5 97121,59470,97121
ZCTA5 97122,91058,97122
ZCTA5 97123,109985,97123
ZCTA5 97124,110067,97124
ZCTA5 97125,250001,97125
ZCTA5 97127,95089,97127
ZCTA5 97128,75896,97128
ZCTA5 97130,105192,97130
ZCTA5 97131,70833,97131
ZCTA5 97132,96493,97132
ZCTA5 97133,133167,97133
ZCTA5 97134,-666666666,97134
ZCTA5 97135,93424,97135
ZCTA5 97136,66106,97136
ZCTA5 97137,106488,97137
ZCTA5 97138,60411,97138
ZCTA5 97140,123228,97140
ZCTA5 97141,69831,97141
ZCTA5 97144,-666666666,97144
ZCTA5 97145,147647,97145
ZCTA5 97146,82936,97146
ZCTA5 97147,64792,97147
ZCTA5 97148,109179,97148
ZCTA5 97149,70643,97149
ZCTA5 97201,63250,97201
ZCTA5 97202,104971,97202
ZCTA5 97203,78660,97203
ZCTA5 97204,-666666666,97204
ZCTA5 97205,57288,97205
ZCTA5 97206,98548,97206
ZCTA5 97208,-666666666,97208
ZCTA5 97209,80301,97209
ZCTA5 97210,93621,97210
ZCTA5 97211,112586,97211
ZCTA5 97212,131932,97212
ZCTA5 97213,97068,97213
ZCTA5 97214,87131,97214
ZCTA5 97215,116264,97215
ZCTA5 97216,70442,97216
ZCTA5 97217,100361,97217
ZCTA5 97218,88924,97218
ZCTA5 97219,121306,97219
ZCTA5 97220,70137,97220
ZCTA5 97221,145671,97221
ZCTA5 97222,83119,97222
ZCTA5 97223,106757,97223
ZCTA5 97224,98125,97224
ZCTA5 97225,114598,97225
ZCTA5 97227,93293,97227
ZCTA5 97229,161570,97229
ZCTA5 97230,75572,97230
ZCTA5 97231,137527,97231
ZCTA5 97232,70895,97232
ZCTA5 97233,60198,97233
ZCTA5 97236,75090,97236
ZCTA5 97239,110134,97239
ZCTA5 97258,-666666666,97258
ZCTA5 97266,72577,97266
ZCTA5 97267,87418,97267
ZCTA5 97301,60422,97301
ZCTA5 97302,85833,97302
ZCTA5 97303,84871,97303
ZCTA5 97304,98031,97304
ZCTA5 97305,66326,97305
ZCTA5 97306,101753,97306
ZCTA5 97310,-666666666,97310
ZCTA5 97317,84393,97317
ZCTA5 97321,99416,97321
ZCTA5 97322,69808,97322
ZCTA5 97324,67891,97324
ZCTA5 97325,100056,97325
ZCTA5 97326,106628,97326
ZCTA5 97327,81267,97327
ZCTA5 97329,43929,97329
ZCTA5 97330,70742,97330
ZCTA5 97331,-666666666,97331
ZCTA5 97333,65191,97333
ZCTA5 97335,120446,97335
ZCTA5 97336,-666666666,97336
ZCTA5 97338,78858,97338
ZCTA5 97341,66331,97341
ZCTA5 97342,63125,97342
ZCTA5 97343,-666666666,97343
ZCTA5 97344,59000,97344
ZCTA5 97345,-666666666,97345
ZCTA5 97346,83750,97346
ZCTA5 97347,52500,97347
ZCTA5 97348,108611,97348
ZCTA5 97350,41875,97350
ZCTA5 97351,88519,97351
ZCTA5 97352,107000,97352
ZCTA5 97355,68595,97355
ZCTA5 97357,64844,97357
ZCTA5 97358,95391,97358
ZCTA5 97360,67250,97360
ZCTA5 97361,69505,97361
ZCTA5 97362,66250,97362
ZCTA5 97364,88056,97364
ZCTA5 97365,64363,97365
ZCTA5 97366,85577,97366
ZCTA5 97367,58472,97367
ZCTA5 97368,61821,97368
ZCTA5 97369,-666666666,97369
ZCTA5 97370,88091,97370
ZCTA5 97371,-666666666,97371
ZCTA5 97373,-666666666,97373
ZCTA5 97374,97207,97374
ZCTA5 97375,110758,97375
ZCTA5 97376,70446,97376
ZCTA5 97377,120478,97377
ZCTA5 97378,79746,97378
ZCTA5 97380,60132,97380
ZCTA5 97381,89383,97381
ZCTA5 97383,78853,97383
ZCTA5 97384,-666666666,97384
ZCTA5 97385,84796,97385
ZCTA5 97386,64669,97386
ZCTA5 97388,73750,97388
ZCTA5 97389,94909,97389
ZCTA5 97390,73487,97390
ZCTA5 97391,62292,97391
ZCTA5 97392,109237,97392
ZCTA5 97394,60660,97394
ZCTA5 97396,57614,97396
ZCTA5 97401,52022,97401
ZCTA5 97402,57658,97402
ZCTA5 97403,45417,97403
ZCTA5 97404,86776,97404
ZCTA5 97405,95170,97405
ZCTA5 97406,-666666666,97406
ZCTA5 97408,104945,97408
ZCTA5 97410,-666666666,97410
ZCTA5 97411,50993,97411
ZCTA5 97412,75972,97412
ZCTA5 97413,63558,97413
ZCTA5 97414,24851,97414
ZCTA5 97415,69152,97415
ZCTA5 97416,65035,97416
ZCTA5 97417,50217,97417
ZCTA5 97419,80234,97419
ZCTA5 97420,61574,97420
ZCTA5 97423,61020,97423
ZCTA5 97424,79688,97424
ZCTA5 97426,90125,97426
ZCTA5 97429,54226,97429
ZCTA5 97430,57262,97430
ZCTA5 97431,60714,97431
ZCTA5 97432,36556,97432
ZCTA5 97434,55500,97434
ZCTA5 97435,52067,97435
ZCTA5 97436,61944,97436
ZCTA5 97437,95129,97437
ZCTA5 97438,125156,97438
ZCTA5 97439,61982,97439
ZCTA5 97441,-666666666,97441
ZCTA5 97442,46979,97442
ZCTA5 97443,82719,97443
ZCTA5 97444,64920,97444
ZCTA5 97446,78229,97446
ZCTA5 97447,56522,97447
ZCTA5 97448,81029,97448
ZCTA5 97449,66000,97449
ZCTA5 97450,63487,97450
ZCTA5 97451,69028,97451
ZCTA5 97452,97669,97452
ZCTA5 97453,56417,97453
ZCTA5 97454,88700,97454
ZCTA5 97455,118456,97455
ZCTA5 97456,71111,97456
ZCTA5 97457,57356,97457
ZCTA5 97458,51760,97458
ZCTA5 97459,82035,97459
ZCTA5 97461,106845,97461
ZCTA5 97462,68507,97462
ZCTA5 97463,41734,97463
ZCTA5 97465,43777,97465
ZCTA5 97466,50278,97466
ZCTA5 97467,58202,97467
ZCTA5 97469,57444,97469
ZCTA5 97470,54751,97470
ZCTA5 97471,71670,97471
ZCTA5 97473,-666666666,97473
ZCTA5 97476,42045,97476
ZCTA5 97477,65662,97477
ZCTA5 97478,80086,97478
ZCTA5 97479,59335,97479
ZCTA5 97480,67045,97480
ZCTA5 97481,-666666666,97481
ZCTA5 97484,54750,97484
ZCTA5 97486,78795,97486
ZCTA5 97487,65625,97487
ZCTA5 97488,85688,97488
ZCTA5 97489,87232,97489
ZCTA5 97490,109375,97490
ZCTA5 97492,-666666666,97492
ZCTA5 97493,51116,97493
ZCTA5 97494,-666666666,97494
ZCTA5 97495,77986,97495
ZCTA5 97496,56071,97496
ZCTA5 97497,36210,97497
ZCTA5 97498,67188,97498
ZCTA5 97499,58958,97499
ZCTA5 97501,63977,97501
ZCTA5 97502,83488,97502
ZCTA5 97503,70263,97503
ZCTA5 97504,83923,97504
ZCTA5 97520,67948,97520
ZCTA5 97522,41563,97522
ZCTA5 97523,47589,97523
ZCTA5 97524,82933,97524
ZCTA5 97525,72025,97525
ZCTA5 97526,61019,97526
ZCTA5 97527,66975,97527
ZCTA5 97530,89239,97530
ZCTA5 97531,28686,97531
ZCTA5 97532,81167,97532
ZCTA5 97534,39194,97534
ZCTA5 97535,66052,97535
ZCTA5 97536,58466,97536
ZCTA5 97537,65849,97537
ZCTA5 97538,44099,97538
ZCTA5 97539,51875,97539
ZCTA5 97540,65762,97540
ZCTA5 97541,41105,97541
ZCTA5 97543,-666666666,97543
ZCTA5 97544,55583,97544
ZCTA5 97601,51780,97601
ZCTA5 97603,66937,97603
ZCTA5 97604,-666666666,97604
ZCTA5 97620,83750,97620
ZCTA5 97621,23786,97621
ZCTA5 97622,24902,97622
ZCTA5 97623,66927,97623
ZCTA5 97624,48628,97624
ZCTA5 97625,123409,97625
ZCTA5 97626,-666666666,97626
ZCTA5 97627,63563,97627
ZCTA5 97630,69531,97630
ZCTA5 97632,44167,97632
ZCTA5 97633,62019,97633
ZCTA5 97634,68450,97634
ZCTA5 97635,86172,97635
ZCTA5 97636,58125,97636
ZCTA5 97637,61875,97637
ZCTA5 97638,52303,97638
ZCTA5 97639,-666666666,97639
ZCTA5 97640,63636,97640
ZCTA5 97641,33125,97641
ZCTA5 97701,87739,97701
ZCTA5 97702,96112,97702
ZCTA5 97703,120841,97703
ZCTA5 97707,85272,97707
ZCTA5 97709,-666666666,97709
ZCTA5 97710,47344,97710
ZCTA5 97711,-666666666,97711
ZCTA5 97712,-666666666,97712
ZCTA5 97720,49170,97720
ZCTA5 97721,76250,97721
ZCTA5 97722,78750,97722
ZCTA5 97730,93750,97730
ZCTA5 97731,147679,97731
ZCTA5 97732,43750,97732
ZCTA5 97733,45759,97733
ZCTA5 97734,82429,97734
ZCTA5 97735,-666666666,97735
ZCTA5 97736,-666666666,97736
ZCTA5 97737,107546,97737
ZCTA5 97738,89071,97738
ZCTA5 97739,58579,97739
ZCTA5 97741,70983,97741
ZCTA5 97750,54837,97750
ZCTA5 97751,-666666666,97751
ZCTA5 97752,-666666666,97752
ZCTA5 97753,158125,97753
ZCTA5 97754,77199,97754
ZCTA5 97756,87278,97756
ZCTA5 97758,21875,97758
ZCTA5 97759,102734,97759
ZCTA5 97760,87603,97760
ZCTA5 97761,57000,97761
ZCTA5 97801,71639,97801
ZCTA5 97810,68654,97810
ZCTA5 97812,77258,97812
ZCTA5 97813,75700,97813
ZCTA5 97814,64852,97814
ZCTA5 97817,-666666666,97817
ZCTA5 97818,61523,97818
ZCTA5 97819,55000,97819
ZCTA5 97820,67115,97820
ZCTA5 97823,57727,97823
ZCTA5 97824,80263,97824
ZCTA5 97825,67500,97825
ZCTA5 97826,58750,97826
ZCTA5 97827,60766,97827
ZCTA5 97828,58850,97828
ZCTA5 97830,54583,97830
ZCTA5 97833,83750,97833
ZCTA5 97834,43889,97834
ZCTA5 97835,132292,97835
ZCTA5 97836,88591,97836
ZCTA5 97837,-666666666,97837
ZCTA5 97838,69599,97838
ZCTA5 97839,40568,97839
ZCTA5 97840,85469,97840
ZCTA5 97841,73750,97841
ZCTA5 97842,-666666666,97842
ZCTA5 97843,104435,97843
ZCTA5 97844,76090,97844
ZCTA5 97845,68036,97845
ZCTA5 97846,71471,97846
ZCTA5 97848,50000,97848
ZCTA5 97850,63421,97850
ZCTA5 97856,44318,97856
ZCTA5 97857,68375,97857
ZCTA5 97859,61250,97859
ZCTA5 97862,54786,97862
ZCTA5 97864,39202,97864
ZCTA5 97865,59247,97865
ZCTA5 97867,83846,97867
ZCTA5 97868,91813,97868
ZCTA5 97869,56875,97869
ZCTA5 97870,57159,97870
ZCTA5 97873,39821,97873
ZCTA5 97874,58636,97874
ZCTA5 97875,57451,97875
ZCTA5 97876,119531,97876
ZCTA5 97877,25662,97877
ZCTA5 97880,-666666666,97880
ZCTA5 97882,69223,97882
ZCTA5 97883,65172,97883
ZCTA5 97884,45694,97884
ZCTA5 97885,76645,97885
ZCTA5 97886,92955,97886
ZCTA5 97901,45500,97901
ZCTA5 97902,-666666666,97902
ZCTA5 97903,117778,97903
ZCTA5 97904,53750,97904
ZCTA5 97905,-666666666,97905
ZCTA5 97906,47054,97906
ZCTA5 97907,36688,97907
ZCTA5 97908,-666666666,97908
ZCTA5 97909,-666666666,97909
ZCTA5 97910,73317,97910
ZCTA5 97911,27500,97911
ZCTA5 97913,55921,97913
ZCTA5 97914,50857,97914
ZCTA5 97917,130625,97917
ZCTA5 97918,63342,97918
ZCTA5 97920,-666666666,97920
ZCTA5 98001,106791,98001
ZCTA5 98002,78684,98002
ZCTA5 98003,75319,98003
ZCTA5 98004,182545,98004
ZCTA5 98005,160849,98005
ZCTA5 98006,198150,98006
ZCTA5 98007,131109,98007
ZCTA5 98008,184583,98008
ZCTA5 98010,142048,98010
ZCTA5 98011,131667,98011
ZCTA5 98012,146144,98012
ZCTA5 98014,164306,98014
ZCTA5 98019,161212,98019
ZCTA5 98020,130319,98020
ZCTA5 98021,183786,98021
ZCTA5 98022,120406,98022
ZCTA5 98023,104893,98023
ZCTA5 98024,160641,98024
ZCTA5 98025,-666666666,98025
ZCTA5 98026,133638,98026
ZCTA5 98027,153301,98027
ZCTA5 98028,139764,98028
ZCTA5 98029,170759,98029
ZCTA5 98030,91761,98030
ZCTA5 98031,105965,98031
ZCTA5 98032,82636,98032
ZCTA5 98033,182500,98033
ZCTA5 98034,135219,98034
ZCTA5 98036,88958,98036
ZCTA5 98037,107281,98037
ZCTA5 98038,152261,98038
ZCTA5 98039,250001,98039
ZCTA5 98040,219069,98040
ZCTA5 98042,127552,98042
ZCTA5 98043,107687,98043
ZCTA5 98045,175765,98045
ZCTA5 98047,115188,98047
ZCTA5 98050,-666666666,98050
ZCTA5 98051,136439,98051
ZCTA5 98052,163460,98052
ZCTA5 98053,192292,98053
ZCTA5 98055,97224,98055
ZCTA5 98056,113688,98056
ZCTA5 98057,68552,98057
ZCTA5 98058,115201,98058
ZCTA5 98059,138654,98059
ZCTA5 98065,198216,98065
ZCTA5 98068,100096,98068
ZCTA5 98070,120571,98070
ZCTA5 98072,175805,98072
ZCTA5 98074,244362,98074
ZCTA5 98075,250001,98075
ZCTA5 98077,184306,98077
ZCTA5 98087,106693,98087
ZCTA5 98092,122300,98092
ZCTA5 98101,128882,98101
ZCTA5 98102,114925,98102
ZCTA5 98103,131154,98103
ZCTA5 98104,61460,98104
ZCTA5 98105,74349,98105
ZCTA5 98106,124212,98106
ZCTA5 98107,142662,98107
ZCTA5 98108,95780,98108
ZCTA5 98109,133663,98109
ZCTA5 98110,172188,98110
ZCTA5 98112,171572,98112
ZCTA5 98115,156142,98115
ZCTA5 98116,126151,98116
ZCTA5 98117,182984,98117
ZCTA5 98118,113762,98118
ZCTA5 98119,123551,98119
ZCTA5 98121,152019,98121
ZCTA5 98122,106886,98122
ZCTA5 98125,99868,98125
ZCTA5 98126,116466,98126
ZCTA5 98133,93662,98133
ZCTA5 98134,68214,98134
ZCTA5 98136,149269,98136
ZCTA5 98144,96969,98144
ZCTA5 98146,102520,98146
ZCTA5 98148,87342,98148
ZCTA5 98154,-666666666,98154
ZCTA5 98155,131540,98155
ZCTA5 98158,-666666666,98158
ZCTA5 98164,250001,98164
ZCTA5 98166,114969,98166
ZCTA5 98168,88083,98168
ZCTA5 98174,-666666666,98174
ZCTA5 98177,169918,98177
ZCTA5 98178,99505,98178
ZCTA5 98188,76438,98188
ZCTA5 98195,-666666666,98195
ZCTA5 98198,86239,98198
ZCTA5 98199,180789,98199
ZCTA5 98201,74554,98201
ZCTA5 98203,107376,98203
ZCTA5 98204,68513,98204
ZCTA5 98207,-666666666,98207
ZCTA5 98208,103705,98208
ZCTA5 98220,92266,98220
ZCTA5 98221,96528,98221
ZCTA5 98222,106333,98222
ZCTA5 98223,99681,98223
ZCTA5 98224,78636,98224
ZCTA5 98225,63941,98225
ZCTA5 98226,79375,98226
ZCTA5 98229,90945,98229
ZCTA5 98230,86623,98230
ZCTA5 98232,104559,98232
ZCTA5 98233,87614,98233
ZCTA5 98235,63307,98235
ZCTA5 98236,94362,98236
ZCTA5 98237,61711,98237
ZCTA5 98238,-666666666,98238
ZCTA5 98239,92125,98239
ZCTA5 98240,110116,98240
ZCTA5 98241,73185,98241
ZCTA5 98243,139167,98243
ZCTA5 98244,67159,98244
ZCTA5 98245,95811,98245
ZCTA5 98247,88724,98247
ZCTA5 98248,91060,98248
ZCTA5 98249,99519,98249
ZCTA5 98250,88556,98250
ZCTA5 98251,83891,98251
ZCTA5 98252,98370,98252
ZCTA5 98253,71131,98253
ZCTA5 98255,68194,98255
ZCTA5 98256,94375,98256
ZCTA5 98257,94425,98257
ZCTA5 98258,123898,98258
ZCTA5 98260,101987,98260
ZCTA5 98261,80119,98261
ZCTA5 98262,83000,98262
ZCTA5 98263,133750,98263
ZCTA5 98264,103638,98264
ZCTA5 98266,51361,98266
ZCTA5 98267,-666666666,98267
ZCTA5 98270,108147,98270
ZCTA5 98271,95654,98271
ZCTA5 98272,122352,98272
ZCTA5 98273,76717,98273
ZCTA5 98274,96177,98274
ZCTA5 98275,132861,98275
ZCTA5 98276,97159,98276
ZCTA5 98277,83253,98277
ZCTA5 98278,-666666666,98278
ZCTA5 98279,70417,98279
ZCTA5 98280,80192,98280
ZCTA5 98281,78125,98281
ZCTA5 98282,105231,98282
ZCTA5 98283,72237,98283
ZCTA5 98284,93006,98284
ZCTA5 98286,74250,98286
ZCTA5 98288,64583,98288
ZCTA5 98290,132973,98290
ZCTA5 98292,101765,98292
ZCTA5 98294,96676,98294
ZCTA5 98295,98965,98295
ZCTA5 98296,177583,98296
ZCTA5 98297,45625,98297
ZCTA5 98303,80282,98303
ZCTA5 98304,113718,98304
ZCTA5 98305,98715,98305
ZCTA5 98310,75878,98310
ZCTA5 98311,108757,98311
ZCTA5 98312,90449,98312
ZCTA5 98314,184417,98314
ZCTA5 98315,79918,98315
ZCTA5 98320,55893,98320
ZCTA5 98321,127411,98321
ZCTA5 98323,121875,98323
ZCTA5 98325,79191,98325
ZCTA5 98326,46500,98326
ZCTA5 98327,120781,98327
ZCTA5 98328,103696,98328
ZCTA5 98329,110316,98329
ZCTA5 98330,-666666666,98330
ZCTA5 98331,62135,98331
ZCTA5 98332,135330,98332
ZCTA5 98333,172292,98333
ZCTA5 98335,128592,98335
ZCTA5 98336,67632,98336
ZCTA5 98337,68561,98337
ZCTA5 98338,114819,98338
ZCTA5 98339,77778,98339
ZCTA5 98340,79876,98340
ZCTA5 98342,102778,98342
ZCTA5 98345,-666666666,98345
ZCTA5 98346,114779,98346
ZCTA5 98349,75875,98349
ZCTA5 98350,51250,98350
ZCTA5 98351,151660,98351
ZCTA5 98353,-666666666,98353
ZCTA5 98354,96866,98354
ZCTA5 98355,102438,98355
ZCTA5 98356,60060,98356
ZCTA5 98357,55250,98357
ZCTA5 98358,110368,98358
ZCTA5 98359,114091,98359
ZCTA5 98360,125842,98360
ZCTA5 98361,-666666666,98361
ZCTA5 98362,70123,98362
ZCTA5 98363,64869,98363
ZCTA5 98364,-666666666,98364
ZCTA5 98365,98776,98365
ZCTA5 98366,92011,98366
ZCTA5 98367,115482,98367
ZCTA5 98368,69688,98368
ZCTA5 98370,116756,98370
ZCTA5 98371,97242,98371
ZCTA5 98372,98152,98372
ZCTA5 98373,103796,98373
ZCTA5 98374,112662,98374
ZCTA5 98375,117074,98375
ZCTA5 98376,57250,98376
ZCTA5 98377,56167,98377
ZCTA5 98380,125229,98380
ZCTA5 98381,58571,98381
ZCTA5 98382,74189,98382
ZCTA5 98383,111139,98383
ZCTA5 98385,152500,98385
ZCTA5 98387,106872,98387
ZCTA5 98388,100851,98388
ZCTA5 98390,97795,98390
ZCTA5 98391,135037,98391
ZCTA5 98392,85530,98392
ZCTA5 98394,-666666666,98394
ZCTA5 98396,112031,98396
ZCTA5 98402,60505,98402
ZCTA5 98403,88056,98403
ZCTA5 98404,82191,98404
ZCTA5 98405,75946,98405
ZCTA5 98406,104264,98406
ZCTA5 98407,110288,98407
ZCTA5 98408,80899,98408
ZCTA5 98409,73348,98409
ZCTA5 98416,-666666666,98416
ZCTA5 98418,89706,98418
ZCTA5 98421,26307,98421
ZCTA5 98422,118604,98422
ZCTA5 98424,94122,98424
ZCTA5 98430,-666666666,98430
ZCTA5 98433,60158,98433
ZCTA5 98438,-666666666,98438
ZCTA5 98439,50509,98439
ZCTA5 98443,105035,98443
ZCTA5 98444,65342,98444
ZCTA5 98445,92520,98445
ZCTA5 98446,101938,98446
ZCTA5 98447,-666666666,98447
ZCTA5 98465,73226,98465
ZCTA5 98466,101778,98466
ZCTA5 98467,91354,98467
ZCTA5 98498,91664,98498
ZCTA5 98499,67292,98499
ZCTA5 98501,97198,98501
ZCTA5 98502,92207,98502
ZCTA5 98503,89002,98503
ZCTA5 98505,-666666666,98505
ZCTA5 98506,91596,98506
ZCTA5 98512,101530,98512
ZCTA5 98513,113053,98513
ZCTA5 98516,98892,98516
ZCTA5 98520,58153,98520
ZCTA5 98524,99483,98524
ZCTA5 98526,58162,98526
ZCTA5 98527,59659,98527
ZCTA5 98528,91058,98528
ZCTA5 98530,80682,98530
ZCTA5 98531,63406,98531
ZCTA5 98532,89910,98532
ZCTA5 98533,39208,98533
ZCTA5 98535,92544,98535
ZCTA5 98536,-666666666,98536
ZCTA5 98537,79459,98537
ZCTA5 98538,105000,98538
ZCTA5 98539,87625,98539
ZCTA5 98541,78816,98541
ZCTA5 98542,52963,98542
ZCTA5 98544,-666666666,98544
ZCTA5 98546,97159,98546
ZCTA5 98547,42400,98547
ZCTA5 98548,68452,98548
ZCTA5 98550,55040,98550
ZCTA5 98552,47396,98552
ZCTA5 98555,-666666666,98555
ZCTA5 98556,-666666666,98556
ZCTA5 98557,78594,98557
ZCTA5 98558,-666666666,98558
ZCTA5 98559,-666666666,98559
ZCTA5 98560,72596,98560
ZCTA5 98562,-666666666,98562
ZCTA5 98563,84634,98563
ZCTA5 98564,60147,98564
ZCTA5 98565,73750,98565
ZCTA5 98566,58269,98566
ZCTA5 98568,84531,98568
ZCTA5 98569,58378,98569
ZCTA5 98570,95795,98570
ZCTA5 98571,-666666666,98571
ZCTA5 98572,64013,98572
ZCTA5 98575,68125,98575
ZCTA5 98576,104896,98576
ZCTA5 98577,63780,98577
ZCTA5 98579,99411,98579
ZCTA5 98580,104684,98580
ZCTA5 98581,43009,98581
ZCTA5 98582,89387,98582
ZCTA5 98583,62750,98583
ZCTA5 98584,78610,98584
ZCTA5 98585,74167,98585
ZCTA5 98586,50893,98586
ZCTA5 98587,51458,98587
ZCTA5 98588,61975,98588
ZCTA5 98589,83855,98589
ZCTA5 98590,110706,98590
ZCTA5 98591,78952,98591
ZCTA5 98592,138370,98592
ZCTA5 98593,84244,98593
ZCTA5 98595,66579,98595
ZCTA5 98596,80188,98596
ZCTA5 98597,92219,98597
ZCTA5 98601,106776,98601
ZCTA5 98602,53617,98602
ZCTA5 98603,78281,98603
ZCTA5 98604,112448,98604
ZCTA5 98605,72917,98605
ZCTA5 98606,115151,98606
ZCTA5 98607,128318,98607
ZCTA5 98609,-666666666,98609
ZCTA5 98610,72773,98610
ZCTA5 98611,86322,98611
ZCTA5 98612,59583,98612
ZCTA5 98613,95000,98613
ZCTA5 98614,94219,98614
ZCTA5 98616,-666666666,98616
ZCTA5 98617,71130,98617
ZCTA5 98619,76667,98619
ZCTA5 98620,60500,98620
ZCTA5 98621,91250,98621
ZCTA5 98623,-666666666,98623
ZCTA5 98624,83214,98624
ZCTA5 98625,116435,98625
ZCTA5 98626,75528,98626
ZCTA5 98628,63438,98628
ZCTA5 98629,106779,98629
ZCTA5 98631,71705,98631
ZCTA5 98632,66305,98632
ZCTA5 98635,61448,98635
ZCTA5 98638,63664,98638
ZCTA5 98639,100417,98639
ZCTA5 98640,65735,98640
ZCTA5 98641,86853,98641
ZCTA5 98642,120822,98642
ZCTA5 98643,-666666666,98643
ZCTA5 98644,48333,98644
ZCTA5 98645,101429,98645
ZCTA5 98647,-666666666,98647
ZCTA5 98648,96696,98648
ZCTA5 98649,73750,98649
ZCTA5 98650,76607,98650
ZCTA5 98651,90000,98651
ZCTA5 98660,67344,98660
ZCTA5 98661,76913,98661
ZCTA5 98662,94303,98662
ZCTA5 98663,86018,98663
ZCTA5 98664,85369,98664
ZCTA5 98665,88559,98665
ZCTA5 98670,-666666666,98670
ZCTA5 98671,111545,98671
ZCTA5 98672,97622,98672
ZCTA5 98673,42188,98673
ZCTA5 98674,94245,98674
ZCTA5 98675,99877,98675
ZCTA5 98682,99918,98682
ZCTA5 98683,87659,98683
ZCTA5 98684,90620,98684
ZCTA5 98685,130972,98685
ZCTA5 98686,107801,98686
ZCTA5 98801,81488,98801
ZCTA5 98802,87744,98802
ZCTA5 98811,-666666666,98811
ZCTA5 98812,59297,98812
ZCTA5 98813,49969,98813
ZCTA5 98814,98715,98814
ZCTA5 98815,88108,98815
ZCTA5 98816,82577,98816
ZCTA5 98817,-666666666,98817
ZCTA5 98819,63000,98819
ZCTA5 98821,134233,98821
ZCTA5 98822,86103,98822
ZCTA5 98823,73074,98823
ZCTA5 98824,44028,98824
ZCTA5 98826,87646,98826
ZCTA5 98827,43309,98827
ZCTA5 98828,70197,98828
ZCTA5 98829,36875,98829
ZCTA5 98830,83125,98830
ZCTA5 98831,82650,98831
ZCTA5 98832,31964,98832
ZCTA5 98833,117639,98833
ZCTA5 98834,71667,98834
ZCTA5 98836,-666666666,98836
ZCTA5 98837,74586,98837
ZCTA5 98840,57342,98840
ZCTA5 98841,71809,98841
ZCTA5 98843,69425,98843
ZCTA5 98844,44201,98844
ZCTA5 98845,56250,98845
ZCTA5 98846,84464,98846
ZCTA5 98847,68814,98847
ZCTA5 98848,87714,98848
ZCTA5 98849,63875,98849
ZCTA5 98850,83125,98850
ZCTA5 98851,63333,98851
ZCTA5 98852,47750,98852
ZCTA5 98853,-666666666,98853
ZCTA5 98855,60179,98855
ZCTA5 98856,70089,98856
ZCTA5 98857,61860,98857
ZCTA5 98858,78669,98858
ZCTA5 98859,98108,98859
ZCTA5 98860,62500,98860
ZCTA5 98862,71080,98862
ZCTA5 98901,57392,98901
ZCTA5 98902,63092,98902
ZCTA5 98903,75343,98903
ZCTA5 98908,84197,98908
ZCTA5 98921,-666666666,98921
ZCTA5 98922,73603,98922
ZCTA5 98923,47776,98923
ZCTA5 98925,97250,98925
ZCTA5 98926,71137,98926
ZCTA5 98930,64583,98930
ZCTA5 98932,71806,98932
ZCTA5 98933,75972,98933
ZCTA5 98934,79063,98934
ZCTA5 98935,61316,98935
ZCTA5 98936,99280,98936
ZCTA5 98937,77143,98937
ZCTA5 98938,46022,98938
ZCTA5 98939,-666666666,98939
ZCTA5 98940,246441,98940
ZCTA5 98941,104800,98941
ZCTA5 98942,84646,98942
ZCTA5 98943,66750,98943
ZCTA5 98944,64276,98944
ZCTA5 98946,121875,98946
ZCTA5 98947,75057,98947
ZCTA5 98948,65759,98948
ZCTA5 98950,-666666666,98950
ZCTA5 98951,63356,98951
ZCTA5 98952,50417,98952
ZCTA5 98953,84766,98953
ZCTA5 99001,62518,99001
ZCTA5 99003,77129,99003
ZCTA5 99004,67337,99004
ZCTA5 99005,125530,99005
ZCTA5 99006,72200,99006
ZCTA5 99008,106544,99008
ZCTA5 99009,81809,99009
ZCTA5 99011,69917,99011
ZCTA5 99012,88571,99012
ZCTA5 99013,49518,99013
ZCTA5 99014,-666666666,99014
ZCTA5 99016,103472,99016
ZCTA5 99017,58958,99017
ZCTA5 99018,52813,99018
ZCTA5 99019,120053,99019
ZCTA5 99020,-666666666,99020
ZCTA5 99021,85489,99021
ZCTA5 99022,93812,99022
ZCTA5 99023,114298,99023
ZCTA5 99025,118712,99025
ZCTA5 99026,100599,99026
ZCTA5 99027,74718,99027
ZCTA5 99029,69919,99029
ZCTA5 99030,86250,99030
ZCTA5 99031,98182,99031
ZCTA5 99032,61964,99032
ZCTA5 99033,58750,99033
ZCTA5 99034,-666666666,99034
ZCTA5 99036,121518,99036
ZCTA5 99037,87713,99037
ZCTA5 99039,65909,99039
ZCTA5 99040,70200,99040
ZCTA5 99101,78750,99101
ZCTA5 99102,56833,99102
ZCTA5 99103,53125,99103
ZCTA5 99105,51250,99105
ZCTA5 99109,62391,99109
ZCTA5 99110,76106,99110
ZCTA5 99111,73393,99111
ZCTA5 99113,104643,99113
ZCTA5 99114,62711,99114
ZCTA5 99115,62708,99115
ZCTA5 99116,65946,99116
ZCTA5 99117,63750,99117
ZCTA5 99118,68875,99118
ZCTA5 99119,95385,99119
ZCTA5 99121,-666666666,99121
ZCTA5 99122,82386,99122
ZCTA5 99123,87841,99123
ZCTA5 99124,70000,99124
ZCTA5 99125,52569,99125
ZCTA5 99126,-666666666,99126
ZCTA5 99128,58942,99128
ZCTA5 99129,40938,99129
ZCTA5 99130,82000,99130
ZCTA5 99131,35391,99131
ZCTA5 99133,68854,99133
ZCTA5 99134,41774,99134
ZCTA5 99135,80469,99135
ZCTA5 99136,87708,99136
ZCTA5 99137,50972,99137
ZCTA5 99138,50833,99138
ZCTA5 99139,52404,99139
ZCTA5 99140,53529,99140
ZCTA5 99141,58302,99141
ZCTA5 99143,38214,99143
ZCTA5 99144,-666666666,99144
ZCTA5 99146,-666666666,99146
ZCTA5 99147,84063,99147
ZCTA5 99148,67431,99148
ZCTA5 99149,26250,99149
ZCTA5 99150,61833,99150
ZCTA5 99151,55489,99151
ZCTA5 99152,66250,99152
ZCTA5 99153,44000,99153
ZCTA5 99154,-666666666,99154
ZCTA5 99155,50909,99155
ZCTA5 99156,65271,99156
ZCTA5 99157,43650,99157
ZCTA5 99158,78375,99158
ZCTA5 99159,64688,99159
ZCTA5 99160,-666666666,99160
ZCTA5 99161,87464,99161
ZCTA5 99163,48231,99163
ZCTA5 99166,56676,99166
ZCTA5 99167,70364,99167
ZCTA5 99169,66061,99169
ZCTA5 99170,58750,99170
ZCTA5 99171,53333,99171
ZCTA5 99173,60000,99173
ZCTA5 99174,50179,99174
ZCTA5 99176,128000,99176
ZCTA5 99179,79063,99179
ZCTA5 99180,63750,99180
ZCTA5 99181,63661,99181
ZCTA5 99185,73094,99185
ZCTA5 99201,41171,99201
ZCTA5 99202,65189,99202
ZCTA5 99203,104372,99203
ZCTA5 99204,58277,99204
ZCTA5 99205,77374,99205
ZCTA5 99206,81764,99206
ZCTA5 99207,60452,99207
ZCTA5 99208,88599,99208
ZCTA5 99212,67049,99212
ZCTA5 99216,74278,99216
ZCTA5 99217,73620,99217
ZCTA5 99218,80733,99218
ZCTA5 99223,94279,99223
ZCTA5 99224,80770,99224
ZCTA5 99251,-666666666,99251
ZCTA5 99258,-666666666,99258
ZCTA5 99301,87951,99301
ZCTA5 99320,90102,99320
ZCTA5 99321,75795,99321
ZCTA5 99322,-666666666,99322
ZCTA5 99323,93092,99323
ZCTA5 99324,62839,99324
ZCTA5 99326,82500,99326
ZCTA5 99328,72756,99328
ZCTA5 99329,-666666666,99329
ZCTA5 99330,140093,99330
ZCTA5 99333,98315,99333
ZCTA5 99335,91667,99335
ZCTA5 99336,62527,99336
ZCTA5 99337,98848,99337
ZCTA5 99338,111042,99338
ZCTA5 99341,68558,99341
ZCTA5 99343,59451,99343
ZCTA5 99344,64888,99344
ZCTA5 99345,102500,99345
ZCTA5 99346,50865,99346
ZCTA5 99347,64699,99347
ZCTA5 99348,79167,99348
ZCTA5 99349,61333,99349
ZCTA5 99350,81014,99350
ZCTA5 99352,100108,99352
ZCTA5 99353,121845,99353
ZCTA5 99354,91933,99354
ZCTA5 99356,55750,99356
ZCTA5 99357,57034,99357
ZCTA5 99359,61000,99359
ZCTA5 99360,93036,99360
ZCTA5 99361,91367,99361
ZCTA5 99362,72474,99362
ZCTA5 99363,-666666666,99363
ZCTA5 99371,77500,99371
ZCTA5 99401,41438,99401
ZCTA5 99402,78906,99402
ZCTA5 99403,71482,99403
ZCTA5 99501,70891,99501
ZCTA5 99502,116071,99502
ZCTA5 99503,76144,99503
ZCTA5 99504,86710,99504
ZCTA5 99505,100781,99505
ZCTA5 99506,76258,99506
ZCTA5 99507,107992,99507
ZCTA5 99508,79314,99508
ZCTA5 99513,-666666666,99513
ZCTA5 99515,113995,99515
ZCTA5 99516,173984,99516
ZCTA5 99517,103880,99517
ZCTA5 99518,93995,99518
ZCTA5 99519,-666666666,99519
ZCTA5 99530,-666666666,99530
ZCTA5 99540,146086,99540
ZCTA5 99546,250001,99546
ZCTA5 99547,-666666666,99547
ZCTA5 99548,80625,99548
ZCTA5 99549,61250,99549
ZCTA5 99550,46250,99550
ZCTA5 99551,30000,99551
ZCTA5 99552,78929,99552
ZCTA5 99553,35833,99553
ZCTA5 99554,41607,99554
ZCTA5 99555,75417,99555
ZCTA5 99556,62179,99556
ZCTA5 99557,74286,99557
ZCTA5 99558,80000,99558
ZCTA5 99559,113333,99559
ZCTA5 99561,51818,99561
ZCTA5 99563,35875,99563
ZCTA5 99564,-666666666,99564
ZCTA5 99565,71875,99565
ZCTA5 99566,-666666666,99566
ZCTA5 99567,147319,99567
ZCTA5 99568,85000,99568
ZCTA5 99569,-666666666,99569
ZCTA5 99571,70000,99571
ZCTA5 99572,143672,99572
ZCTA5 99573,78558,99573
ZCTA5 99574,85132,99574
ZCTA5 99575,58750,99575
ZCTA5 99576,99125,99576
ZCTA5 99577,136900,99577
ZCTA5 99578,45417,99578
ZCTA5 99579,24250,99579
ZCTA5 99580,-666666666,99580
ZCTA5 99581,57764,99581
ZCTA5 99583,-666666666,99583
ZCTA5 99585,52083,99585
ZCTA5 99586,-666666666,99586
ZCTA5 99587,163704,99587
ZCTA5 99588,110136,99588
ZCTA5 99589,26875,99589
ZCTA5 99590,46250,99590
ZCTA5 99591,-666666666,99591
ZCTA5 99602,-666666666,99602
ZCTA5 99603,78767,99603
ZCTA5 99604,49688,99604
ZCTA5 99605,-666666666,99605
ZCTA5 99606,76250,99606
ZCTA5 99607,47917,99607
ZCTA5 99608,-666666666,99608
ZCTA5 99609,60833,99609
ZCTA5 99610,56333,99610
ZCTA5 99611,79757,99611
ZCTA5 99612,61645,99612
ZCTA5 99613,129063,99613
ZCTA5 99614,45250,99614
ZCTA5 99615,88456,99615
ZCTA5 99620,58043,99620
ZCTA5 99621,51917,99621
ZCTA5 99622,56250,99622
ZCTA5 99623,88799,99623
ZCTA5 99624,37188,99624
ZCTA5 99625,21250,99625
ZCTA5 99626,30500,99626
ZCTA5 99627,59063,99627
ZCTA5 99628,50625,99628
ZCTA5 99630,28542,99630
ZCTA5 99631,-666666666,99631
ZCTA5 99632,65078,99632
ZCTA5 99633,88750,99633
ZCTA5 99634,43750,99634
ZCTA5 99635,-666666666,99635
ZCTA5 99636,66250,99636
ZCTA5 99637,57083,99637
ZCTA5 99638,-666666666,99638
ZCTA5 99639,47333,99639
ZCTA5 99640,58125,99640
ZCTA5 99641,43438,99641
ZCTA5 99643,30000,99643
ZCTA5 99644,-666666666,99644
ZCTA5 99645,100455,99645
ZCTA5 99647,104063,99647
ZCTA5 99648,47500,99648
ZCTA5 99649,95625,99649
ZCTA5 99650,45000,99650
ZCTA5 99651,-666666666,99651
ZCTA5 99652,78578,99652
ZCTA5 99653,67750,99653
ZCTA5 99654,97544,99654
ZCTA5 99655,50208,99655
ZCTA5 99656,-666666666,99656
ZCTA5 99657,61875,99657
ZCTA5 99658,47188,99658
ZCTA5 99659,53750,99659
ZCTA5 99660,158438,99660
ZCTA5 99661,80469,99661
ZCTA5 99662,41607,99662
ZCTA5 99663,84306,99663
ZCTA5 99664,87760,99664
ZCTA5 99665,-666666666,99665
ZCTA5 99666,-666666666,99666
ZCTA5 99667,63750,99667
ZCTA5 99668,-666666666,99668
ZCTA5 99669,80980,99669
ZCTA5 99670,54063,99670
ZCTA5 99671,48056,99671
ZCTA5 99672,100642,99672
ZCTA5 99674,63688,99674
ZCTA5 99675,66000,99675
ZCTA5 99676,54028,99676
ZCTA5 99677,49063,99677
ZCTA5 99678,57083,99678
ZCTA5 99679,67813,99679
ZCTA5 99680,44583,99680
ZCTA5 99681,54306,99681
ZCTA5 99682,66250,99682
ZCTA5 99683,73098,99683
ZCTA5 99684,93750,99684
ZCTA5 99685,135759,99685
ZCTA5 99686,99349,99686
ZCTA5 99688,77197,99688
ZCTA5 99689,85000,99689
ZCTA5 99690,38929,99690
ZCTA5 99691,-666666666,99691
ZCTA5 99692,110625,99692
ZCTA5 99693,59688,99693
ZCTA5 99694,74531,99694
ZCTA5 99695,-666666666,99695
ZCTA5 99701,75668,99701
ZCTA5 99702,68640,99702
ZCTA5 99703,68667,99703
ZCTA5 99704,-666666666,99704
ZCTA5 99705,96964,99705
ZCTA5 99706,-666666666,99706
ZCTA5 99707,-666666666,99707
ZCTA5 99709,86294,99709
ZCTA5 99712,112808,99712
ZCTA5 99714,88258,99714
ZCTA5 99720,-666666666,99720
ZCTA5 99721,95500,99721
ZCTA5 99722,38125,99722
ZCTA5 99723,115313,99723
ZCTA5 99724,-666666666,99724
ZCTA5 99725,53364,99725
ZCTA5 99726,129167,99726
ZCTA5 99727,58990,99727
ZCTA5 99729,43438,99729
ZCTA5 99730,24545,99730
ZCTA5 99732,-666666666,99732
ZCTA5 99733,24500,99733
ZCTA5 99734,-666666666,99734
ZCTA5 99736,58333,99736
ZCTA5 99737,83107,99737
ZCTA5 99738,40750,99738
ZCTA5 99739,37031,99739
ZCTA5 99740,42022,99740
ZCTA5 99741,87875,99741
ZCTA5 99742,52500,99742
ZCTA5 99743,106250,99743
ZCTA5 99744,101875,99744
ZCTA5 99745,-666666666,99745
ZCTA5 99746,30417,99746
ZCTA5 99747,93750,99747
ZCTA5 99748,68125,99748
ZCTA5 99749,67386,99749
ZCTA5 99750,72589,99750
ZCTA5 99751,37917,99751
ZCTA5 99752,110357,99752
ZCTA5 99753,36563,99753
ZCTA5 99754,-666666666,99754
ZCTA5 99755,63603,99755
ZCTA5 99756,58125,99756
ZCTA5 99757,-666666666,99757
ZCTA5 99758,-666666666,99758
ZCTA5 99759,104063,99759
ZCTA5 99760,66823,99760
ZCTA5 99761,83750,99761
ZCTA5 99762,113558,99762
ZCTA5 99763,63750,99763
ZCTA5 99764,33036,99764
ZCTA5 99765,53021,99765
ZCTA5 99766,74844,99766
ZCTA5 99767,-666666666,99767
ZCTA5 99768,-666666666,99768
ZCTA5 99769,53750,99769
ZCTA5 99770,52500,99770
ZCTA5 99771,80417,99771
ZCTA5 99772,61458,99772
ZCTA5 99773,78750,99773
ZCTA5 99774,-666666666,99774
ZCTA5 99775,71959,99775
ZCTA5 99776,53125,99776
ZCTA5 99777,83036,99777
ZCTA5 99778,54375,99778
ZCTA5 99780,64330,99780
ZCTA5 99781,67500,99781
ZCTA5 99782,93750,99782
ZCTA5 99783,37188,99783
ZCTA5 99784,62500,99784
ZCTA5 99785,63088,99785
ZCTA5 99786,40556,99786
ZCTA5 99788,59286,99788
ZCTA5 99789,78438,99789
ZCTA5 99790,-666666666,99790
ZCTA5 99791,90625,99791
ZCTA5 99801,102217,99801
ZCTA5 99820,45288,99820
ZCTA5 99824,92188,99824
ZCTA5 99825,-666666666,99825
ZCTA5 99826,63558,99826
ZCTA5 99827,85208,99827
ZCTA5 99829,80500,99829
ZCTA5 99830,52159,99830
ZCTA5 99832,64750,99832
ZCTA5 99833,75125,99833
ZCTA5 99835,101727,99835
ZCTA5 99836,57813,99836
ZCTA5 99840,81136,99840
ZCTA5 99841,54375,99841
ZCTA5 99850,-666666666,99850
ZCTA5 99901,92885,99901
ZCTA5 99903,-666666666,99903
ZCTA5 99918,62917,99918
ZCTA5 99919,61250,99919
ZCTA5 99921,64250,99921
ZCTA5 99922,46875,99922
ZCTA5 99923,-666666666,99923
ZCTA5 99925,61250,99925
ZCTA5 99926,72279,99926
ZCTA5 99927,-666666666,99927
ZCTA5 99929,64375,99929
